symbol,date,close
AAPL,2025-06-02,134.30
AAPL,2025-06-03,133.43
AAPL,2025-06-04,130.92
AAPL,2025-06-05,130.33
AAPL,2025-06-06,133.20
AAPL,2025-06-09,134.30
AAPL,2025-06-10,137.05
AAPL,2025-06-11,137.71
AAPL,2025-06-12,138.76
AAPL,2025-06-13,139.25
AAPL,2025-06-16,134.58
AAPL,2025-06-17,136.85
AAPL,2025-06-18,138.21
AAPL,2025-06-19,139.55
AAPL,2025-06-20,134.80
AAPL,2025-06-23,130.07
AAPL,2025-06-24,127.73
AAPL,2025-06-25,126.51
AAPL,2025-06-26,127.25
AAPL,2025-06-27,127.11
AAPL,2025-06-30,128.40
AAPL,2025-07-01,126.73
AAPL,2025-07-02,127.48
AAPL,2025-07-03,128.46
AAPL,2025-07-04,126.73
AAPL,2025-07-07,131.06
AAPL,2025-07-08,132.49
AAPL,2025-07-09,135.63
AAPL,2025-07-10,133.92
AAPL,2025-07-11,131.91
AAPL,2025-07-14,130.97
AAPL,2025-07-15,130.66
AAPL,2025-07-16,132.29
AAPL,2025-07-17,132.91
AAPL,2025-07-18,131.70
AAPL,2025-07-21,129.15
AAPL,2025-07-22,127.77
AAPL,2025-07-23,130.87
AAPL,2025-07-24,128.72
AAPL,2025-07-25,129.32
AAPL,2025-07-28,130.40
AAPL,2025-07-29,126.48
AAPL,2025-07-30,126.58
AAPL,2025-07-31,129.86
AAPL,2025-08-01,124.60
AAPL,2025-08-04,123.77
AAPL,2025-08-05,123.48
AAPL,2025-08-06,121.44
AAPL,2025-08-07,122.62
AAPL,2025-08-08,122.44
AAPL,2025-08-11,118.82
AAPL,2025-08-12,120.76
AAPL,2025-08-13,122.36
AAPL,2025-08-14,124.64
AAPL,2025-08-15,128.21
AAPL,2025-08-18,129.11
AAPL,2025-08-19,129.39
AAPL,2025-08-20,126.00
AAPL,2025-08-21,127.52
AAPL,2025-08-22,125.93
AAPL,2025-08-25,124.76
AAPL,2025-08-26,121.58
AAPL,2025-08-27,119.20
AAPL,2025-08-28,117.91
AAPL,2025-08-29,120.92
AAPL,2025-09-01,115.98
AAPL,2025-09-02,112.58
AAPL,2025-09-03,113.09
AAPL,2025-09-04,116.33
AAPL,2025-09-05,117.65
AAPL,2025-09-08,113.15
AAPL,2025-09-09,107.43
AAPL,2025-09-10,108.17
AAPL,2025-09-11,106.56
AAPL,2025-09-12,104.15
AAPL,2025-09-15,106.16
AAPL,2025-09-16,108.48
AAPL,2025-09-17,108.79
AAPL,2025-09-18,109.31
AAPL,2025-09-19,110.23
AAPL,2025-09-22,113.72
AAPL,2025-09-23,115.10
AAPL,2025-09-24,116.27
AAPL,2025-09-25,117.52
AAPL,2025-09-26,113.81
AAPL,2025-09-29,116.70
AAPL,2025-09-30,118.91
AAPL,2025-10-01,120.14
AAPL,2025-10-02,115.37
AAPL,2025-10-03,113.88
AAPL,2025-10-06,115.78
AAPL,2025-10-07,111.56
AAPL,2025-10-08,111.12
AAPL,2025-10-09,113.36
AAPL,2025-10-10,110.37
AAPL,2025-10-13,113.90
AAPL,2025-10-14,115.13
AAPL,2025-10-15,114.76
AAPL,2025-10-16,115.48
AAPL,2025-10-17,116.95
AAPL,2025-10-20,117.21
AAPL,2025-10-21,119.87
AAPL,2025-10-22,118.26
AAPL,2025-10-23,117.25
AAPL,2025-10-24,119.67
AAPL,2025-10-27,119.71
AAPL,2025-10-28,117.57
AAPL,2025-10-29,119.77
AAPL,2025-10-30,123.25
AAPL,2025-10-31,122.13
AAPL,2025-11-03,118.73
AAPL,2025-11-04,118.39
AAPL,2025-11-05,118.01
AAPL,2025-11-06,117.28
AAPL,2025-11-07,120.55
AAPL,2025-11-10,118.05
AAPL,2025-11-11,121.00
AAPL,2025-11-12,117.90
AAPL,2025-11-13,116.02
AAPL,2025-11-14,117.46
AAPL,2025-11-17,120.09
AAPL,2025-11-18,122.12
AAPL,2025-11-19,122.94
AAPL,2025-11-20,123.26
AAPL,2025-11-21,123.61
AAPL,2025-11-24,125.01
AAPL,2025-11-25,124.54
AAPL,2025-11-26,125.20
AAPL,2025-11-27,126.61
AAPL,2025-11-28,126.58
AAPL,2025-12-01,128.49
AAPL,2025-12-02,129.92
AAPL,2025-12-03,135.11
AAPL,2025-12-04,135.96
AAPL,2025-12-05,134.77
AAPL,2025-12-08,133.73
AAPL,2025-12-09,133.67
AAPL,2025-12-10,136.11
AAPL,2025-12-11,135.16
AAPL,2025-12-12,136.18
AAPL,2025-12-15,141.15
AAPL,2025-12-16,133.88
AAPL,2025-12-17,130.84
AAPL,2025-12-18,131.45
AAPL,2025-12-19,132.47
AAPL,2025-12-22,133.07
AAPL,2025-12-23,131.90
AAPL,2025-12-24,133.60
AAPL,2025-12-25,134.32
AAPL,2025-12-26,132.89
AAPL,2025-12-29,139.32
AAPL,2025-12-30,140.28
AAPL,2025-12-31,138.69
AAPL,2026-01-01,138.38
AAPL,2026-01-02,137.73
AAPL,2026-01-05,137.53
AAPL,2026-01-06,129.99
AAPL,2026-01-07,128.70
AAPL,2026-01-08,131.27
AAPL,2026-01-09,128.17
AAPL,2026-01-12,127.97
AAPL,2026-01-13,130.38
AAPL,2026-01-14,132.59
AAPL,2026-01-15,136.51
AAPL,2026-01-16,131.84
AAPL,2026-01-19,130.88
AAPL,2026-01-20,129.96
AAPL,2026-01-21,131.55
AAPL,2026-01-22,134.39
AAPL,2026-01-23,127.15
AAPL,2026-01-26,129.89
AAPL,2026-01-27,126.10
AAPL,2026-01-28,127.80
AAPL,2026-01-29,123.96
AAPL,2026-01-30,124.36
AAPL,2026-02-02,127.31
AAPL,2026-02-03,126.90
AAPL,2026-02-04,127.36
AAPL,2026-02-05,129.36
AAPL,2026-02-06,129.70
AAPL,2026-02-09,129.44
AAPL,2026-02-10,133.38
AAPL,2026-02-11,136.15
AAPL,2026-02-12,135.32
AAPL,2026-02-13,142.72
AAPL,2026-02-16,139.41
AAPL,2026-02-17,141.93
AAPL,2026-02-18,141.15
AAPL,2026-02-19,141.49
AAPL,2026-02-20,143.45
AAPL,2026-02-23,144.06
AAPL,2026-02-24,145.87
AAPL,2026-02-25,141.38
AAPL,2026-02-26,137.08
AAPL,2026-02-27,138.74
AAPL,2026-03-02,136.04
AAPL,2026-03-03,133.21
AAPL,2026-03-04,129.27
AAPL,2026-03-05,132.51
AAPL,2026-03-06,134.46
AAPL,2026-03-09,138.39
AAPL,2026-03-10,135.77
AAPL,2026-03-11,135.74
AAPL,2026-03-12,132.62
AAPL,2026-03-13,134.62
AAPL,2026-03-16,138.87
AAPL,2026-03-17,136.37
AAPL,2026-03-18,140.59
AAPL,2026-03-19,143.34
AAPL,2026-03-20,142.80
AAPL,2026-03-23,137.13
AAPL,2026-03-24,140.96
AAPL,2026-03-25,140.66
AAPL,2026-03-26,138.93
AAPL,2026-03-27,140.01
AAPL,2026-03-30,141.13
AAPL,2026-03-31,145.33
AAPL,2026-04-01,142.33
AAPL,2026-04-02,145.53
AAPL,2026-04-03,149.83
AAPL,2026-04-06,154.15
AAPL,2026-04-07,153.56
AAPL,2026-04-08,151.24
AAPL,2026-04-09,154.29
AAPL,2026-04-10,154.61
AAPL,2026-04-13,154.96
AAPL,2026-04-14,159.34
AAPL,2026-04-15,158.47
AAPL,2026-04-16,151.15
AAPL,2026-04-17,149.95
AAPL,2026-04-20,144.36
AAPL,2026-04-21,146.69
AAPL,2026-04-22,147.59
AAPL,2026-04-23,145.75
AAPL,2026-04-24,145.69
AAPL,2026-04-27,148.08
AAPL,2026-04-28,148.29
AAPL,2026-04-29,152.19
AAPL,2026-04-30,151.97
AAPL,2026-05-01,155.10
AAPL,2026-05-04,159.69
AAPL,2026-05-05,164.80
AAPL,2026-05-06,162.55
AAPL,2026-05-07,165.37
AAPL,2026-05-08,159.13
AAPL,2026-05-11,155.65
AAPL,2026-05-12,149.50
AAPL,2026-05-13,152.67
AAPL,2026-05-14,148.87
AAPL,2026-05-15,148.80
AAPL,2026-05-18,148.20
AAPL,2026-05-19,148.08
AAPL,2026-05-20,146.29
AAPL,2026-05-21,146.95
AAPL,2026-05-22,152.18
AAPL,2026-05-25,152.28
AAPL,2026-05-26,153.86
AAPL,2026-05-27,156.91
AAPL,2026-05-28,156.25
AAPL,2026-05-29,152.28
AAPL,2026-06-01,150.56
AAPL,2026-06-02,153.76
AAPL,2026-06-03,148.66
AAPL,2026-06-04,146.85
AAPL,2026-06-05,149.78
AAPL,2026-06-08,152.12
AAPL,2026-06-09,152.11
AAPL,2026-06-10,154.53
AAPL,2026-06-11,155.00
AAPL,2026-06-12,151.32
AAPL,2026-06-15,146.55
AAPL,2026-06-16,144.65
AAPL,2026-06-17,147.28
AAPL,2026-06-18,145.58
AAPL,2026-06-19,142.93
AAPL,2026-06-22,140.69
AAPL,2026-06-23,136.35
AAPL,2026-06-24,136.00
AAPL,2026-06-25,132.76
AAPL,2026-06-26,133.70
AAPL,2026-06-29,127.36
AAPL,2026-06-30,128.17
AAPL,2026-07-01,126.49
AAPL,2026-07-02,121.55
AAPL,2026-07-03,123.29
AAPL,2026-07-06,122.58
AAPL,2026-07-07,117.09
AAPL,2026-07-08,115.01
AAPL,2026-07-09,115.66
AAPL,2026-07-10,114.57
AAPL,2026-07-13,116.33
AAPL,2026-07-14,118.05
AAPL,2026-07-15,119.59
AAPL,2026-07-16,120.35
AAPL,2026-07-17,123.53
AAPL,2026-07-20,125.14
AAPL,2026-07-21,126.24
AAPL,2026-07-22,120.95
AAPL,2026-07-23,123.09
AAPL,2026-07-24,126.29
AAPL,2026-07-27,125.51
AAPL,2026-07-28,124.30
AAPL,2026-07-29,129.10
AAPL,2026-07-30,124.53
AAPL,2026-07-31,125.67
AAPL,2026-08-03,131.74
AAPL,2026-08-04,129.26
AAPL,2026-08-05,131.02
AAPL,2026-08-06,135.93
AAPL,2026-08-07,135.58
AAPL,2026-08-10,137.07
AAPL,2026-08-11,139.51
AAPL,2026-08-12,136.96
AAPL,2026-08-13,136.68
AAPL,2026-08-14,137.45
AAPL,2026-08-17,139.69
AAPL,2026-08-18,139.56
AAPL,2026-08-19,138.99
AAPL,2026-08-20,136.13
AAPL,2026-08-21,135.13
AAPL,2026-08-24,137.51
AAPL,2026-08-25,137.76
AAPL,2026-08-26,135.37
AAPL,2026-08-27,133.07
AAPL,2026-08-28,140.13
AAPL,2026-08-31,143.30
AAPL,2026-09-01,145.09
AAPL,2026-09-02,137.54
AAPL,2026-09-03,139.22
AAPL,2026-09-04,140.53
AMD,2025-06-02,23.50
AMD,2025-06-03,23.76
AMD,2025-06-04,22.85
AMD,2025-06-05,23.33
AMD,2025-06-06,23.49
AMD,2025-06-09,23.18
AMD,2025-06-10,23.80
AMD,2025-06-11,24.68
AMD,2025-06-12,24.00
AMD,2025-06-13,23.69
AMD,2025-06-16,23.84
AMD,2025-06-17,23.94
AMD,2025-06-18,23.77
AMD,2025-06-19,23.32
AMD,2025-06-20,24.32
AMD,2025-06-23,24.83
AMD,2025-06-24,24.25
AMD,2025-06-25,23.61
AMD,2025-06-26,24.43
AMD,2025-06-27,24.93
AMD,2025-06-30,25.85
AMD,2025-07-01,26.28
AMD,2025-07-02,25.84
AMD,2025-07-03,25.99
AMD,2025-07-04,24.88
AMD,2025-07-07,24.52
AMD,2025-07-08,24.50
AMD,2025-07-09,24.77
AMD,2025-07-10,24.42
AMD,2025-07-11,24.38
AMD,2025-07-14,24.61
AMD,2025-07-15,24.81
AMD,2025-07-16,25.14
AMD,2025-07-17,25.26
AMD,2025-07-18,25.11
AMD,2025-07-21,25.52
AMD,2025-07-22,25.56
AMD,2025-07-23,25.15
AMD,2025-07-24,24.85
AMD,2025-07-25,24.86
AMD,2025-07-28,24.82
AMD,2025-07-29,24.91
AMD,2025-07-30,24.93
AMD,2025-07-31,25.03
AMD,2025-08-01,24.97
AMD,2025-08-04,24.36
AMD,2025-08-05,24.58
AMD,2025-08-06,25.11
AMD,2025-08-07,25.34
AMD,2025-08-08,25.26
AMD,2025-08-11,25.49
AMD,2025-08-12,25.02
AMD,2025-08-13,24.08
AMD,2025-08-14,24.12
AMD,2025-08-15,23.69
AMD,2025-08-18,24.05
AMD,2025-08-19,23.54
AMD,2025-08-20,22.32
AMD,2025-08-21,21.86
AMD,2025-08-22,22.57
AMD,2025-08-25,22.41
AMD,2025-08-26,21.80
AMD,2025-08-27,21.48
AMD,2025-08-28,21.72
AMD,2025-08-29,21.95
AMD,2025-09-01,22.03
AMD,2025-09-02,22.70
AMD,2025-09-03,23.03
AMD,2025-09-04,23.04
AMD,2025-09-05,23.32
AMD,2025-09-08,24.11
AMD,2025-09-09,24.59
AMD,2025-09-10,25.11
AMD,2025-09-11,24.57
AMD,2025-09-12,24.52
AMD,2025-09-15,24.89
AMD,2025-09-16,24.75
AMD,2025-09-17,25.29
AMD,2025-09-18,25.61
AMD,2025-09-19,26.09
AMD,2025-09-22,25.99
AMD,2025-09-23,27.33
AMD,2025-09-24,28.02
AMD,2025-09-25,27.92
AMD,2025-09-26,27.98
AMD,2025-09-29,29.45
AMD,2025-09-30,29.26
AMD,2025-10-01,29.79
AMD,2025-10-02,30.39
AMD,2025-10-03,30.41
AMD,2025-10-06,29.72
AMD,2025-10-07,29.84
AMD,2025-10-08,30.07
AMD,2025-10-09,30.77
AMD,2025-10-10,31.27
AMD,2025-10-13,31.30
AMD,2025-10-14,31.85
AMD,2025-10-15,32.21
AMD,2025-10-16,32.36
AMD,2025-10-17,32.41
AMD,2025-10-20,32.27
AMD,2025-10-21,32.73
AMD,2025-10-22,32.06
AMD,2025-10-23,31.68
AMD,2025-10-24,31.70
AMD,2025-10-27,30.78
AMD,2025-10-28,30.53
AMD,2025-10-29,29.32
AMD,2025-10-30,28.94
AMD,2025-10-31,29.28
AMD,2025-11-03,29.63
AMD,2025-11-04,29.61
AMD,2025-11-05,29.49
AMD,2025-11-06,28.67
AMD,2025-11-07,29.73
AMD,2025-11-10,30.06
AMD,2025-11-11,30.73
AMD,2025-11-12,30.21
AMD,2025-11-13,30.11
AMD,2025-11-14,29.03
AMD,2025-11-17,29.50
AMD,2025-11-18,30.07
AMD,2025-11-19,28.94
AMD,2025-11-20,28.93
AMD,2025-11-21,29.31
AMD,2025-11-24,28.29
AMD,2025-11-25,27.27
AMD,2025-11-26,26.71
AMD,2025-11-27,26.38
AMD,2025-11-28,25.66
AMD,2025-12-01,25.69
AMD,2025-12-02,25.83
AMD,2025-12-03,26.17
AMD,2025-12-04,26.55
AMD,2025-12-05,27.36
AMD,2025-12-08,28.02
AMD,2025-12-09,27.30
AMD,2025-12-10,27.03
AMD,2025-12-11,26.48
AMD,2025-12-12,25.92
AMD,2025-12-15,25.89
AMD,2025-12-16,25.91
AMD,2025-12-17,26.18
AMD,2025-12-18,25.36
AMD,2025-12-19,24.75
AMD,2025-12-22,24.75
AMD,2025-12-23,24.66
AMD,2025-12-24,24.52
AMD,2025-12-25,24.50
AMD,2025-12-26,24.14
AMD,2025-12-29,24.50
AMD,2025-12-30,24.68
AMD,2025-12-31,24.65
AMD,2026-01-01,24.33
AMD,2026-01-02,24.26
AMD,2026-01-05,22.95
AMD,2026-01-06,22.52
AMD,2026-01-07,22.55
AMD,2026-01-08,21.88
AMD,2026-01-09,21.98
AMD,2026-01-12,22.05
AMD,2026-01-13,21.46
AMD,2026-01-14,21.36
AMD,2026-01-15,21.24
AMD,2026-01-16,21.45
AMD,2026-01-19,21.72
AMD,2026-01-20,21.72
AMD,2026-01-21,21.36
AMD,2026-01-22,21.31
AMD,2026-01-23,21.29
AMD,2026-01-26,21.62
AMD,2026-01-27,21.75
AMD,2026-01-28,21.45
AMD,2026-01-29,20.88
AMD,2026-01-30,20.74
AMD,2026-02-02,20.44
AMD,2026-02-03,20.00
AMD,2026-02-04,19.96
AMD,2026-02-05,19.78
AMD,2026-02-06,19.83
AMD,2026-02-09,20.05
AMD,2026-02-10,19.89
AMD,2026-02-11,20.83
AMD,2026-02-12,20.71
AMD,2026-02-13,21.17
AMD,2026-02-16,21.24
AMD,2026-02-17,21.72
AMD,2026-02-18,20.70
AMD,2026-02-19,20.40
AMD,2026-02-20,20.51
AMD,2026-02-23,20.77
AMD,2026-02-24,21.75
AMD,2026-02-25,21.90
AMD,2026-02-26,22.48
AMD,2026-02-27,22.83
AMD,2026-03-02,23.28
AMD,2026-03-03,23.53
AMD,2026-03-04,23.47
AMD,2026-03-05,23.72
AMD,2026-03-06,23.22
AMD,2026-03-09,23.78
AMD,2026-03-10,23.31
AMD,2026-03-11,23.44
AMD,2026-03-12,24.44
AMD,2026-03-13,24.35
AMD,2026-03-16,24.37
AMD,2026-03-17,24.95
AMD,2026-03-18,24.98
AMD,2026-03-19,24.59
AMD,2026-03-20,24.73
AMD,2026-03-23,25.03
AMD,2026-03-24,25.40
AMD,2026-03-25,25.02
AMD,2026-03-26,25.91
AMD,2026-03-27,26.79
AMD,2026-03-30,26.81
AMD,2026-03-31,26.97
AMD,2026-04-01,26.75
AMD,2026-04-02,27.52
AMD,2026-04-03,27.15
AMD,2026-04-06,27.53
AMD,2026-04-07,27.28
AMD,2026-04-08,26.92
AMD,2026-04-09,27.32
AMD,2026-04-10,28.06
AMD,2026-04-13,28.07
AMD,2026-04-14,27.71
AMD,2026-04-15,28.17
AMD,2026-04-16,28.16
AMD,2026-04-17,28.35
AMD,2026-04-20,29.23
AMD,2026-04-21,29.90
AMD,2026-04-22,29.61
AMD,2026-04-23,30.98
AMD,2026-04-24,30.99
AMD,2026-04-27,31.50
AMD,2026-04-28,31.11
AMD,2026-04-29,31.10
AMD,2026-04-30,30.02
AMD,2026-05-01,31.11
AMD,2026-05-04,31.98
AMD,2026-05-05,31.22
AMD,2026-05-06,30.30
AMD,2026-05-07,29.33
AMD,2026-05-08,30.04
AMD,2026-05-11,29.78
AMD,2026-05-12,29.76
AMD,2026-05-13,29.59
AMD,2026-05-14,29.53
AMD,2026-05-15,28.90
AMD,2026-05-18,28.93
AMD,2026-05-19,28.12
AMD,2026-05-20,28.09
AMD,2026-05-21,28.28
AMD,2026-05-22,28.56
AMD,2026-05-25,28.44
AMD,2026-05-26,27.94
AMD,2026-05-27,28.05
AMD,2026-05-28,27.79
AMD,2026-05-29,28.67
AMD,2026-06-01,29.13
AMD,2026-06-02,29.08
AMD,2026-06-03,28.82
AMD,2026-06-04,28.43
AMD,2026-06-05,27.91
AMD,2026-06-08,27.73
AMD,2026-06-09,27.91
AMD,2026-06-10,28.21
AMD,2026-06-11,28.55
AMD,2026-06-12,29.76
AMD,2026-06-15,29.36
AMD,2026-06-16,29.38
AMD,2026-06-17,31.04
AMD,2026-06-18,29.90
AMD,2026-06-19,29.60
AMD,2026-06-22,29.72
AMD,2026-06-23,29.82
AMD,2026-06-24,30.08
AMD,2026-06-25,29.96
AMD,2026-06-26,30.19
AMD,2026-06-29,30.24
AMD,2026-06-30,30.72
AMD,2026-07-01,29.58
AMD,2026-07-02,29.07
AMD,2026-07-03,29.08
AMD,2026-07-06,28.50
AMD,2026-07-07,27.92
AMD,2026-07-08,28.28
AMD,2026-07-09,27.93
AMD,2026-07-10,28.30
AMD,2026-07-13,28.74
AMD,2026-07-14,28.93
AMD,2026-07-15,29.24
AMD,2026-07-16,29.19
AMD,2026-07-17,28.39
AMD,2026-07-20,28.38
AMD,2026-07-21,28.66
AMD,2026-07-22,28.37
AMD,2026-07-23,28.33
AMD,2026-07-24,28.77
AMD,2026-07-27,28.28
AMD,2026-07-28,28.65
AMD,2026-07-29,29.74
AMD,2026-07-30,29.42
AMD,2026-07-31,29.53
AMD,2026-08-03,29.45
AMD,2026-08-04,30.38
AMD,2026-08-05,30.58
AMD,2026-08-06,31.15
AMD,2026-08-07,30.74
AMD,2026-08-10,30.74
AMD,2026-08-11,30.75
AMD,2026-08-12,29.68
AMD,2026-08-13,30.55
AMD,2026-08-14,31.11
AMD,2026-08-17,30.04
AMD,2026-08-18,30.51
AMD,2026-08-19,30.44
AMD,2026-08-20,30.73
AMD,2026-08-21,30.97
AMD,2026-08-24,30.06
AMD,2026-08-25,29.95
AMD,2026-08-26,30.86
AMD,2026-08-27,30.52
AMD,2026-08-28,29.91
AMD,2026-08-31,29.12
AMD,2026-09-01,28.42
AMD,2026-09-02,28.63
AMD,2026-09-03,29.61
AMD,2026-09-04,29.88
AMZN,2025-06-02,98.21
AMZN,2025-06-03,96.95
AMZN,2025-06-04,98.05
AMZN,2025-06-05,99.19
AMZN,2025-06-06,97.25
AMZN,2025-06-09,95.04
AMZN,2025-06-10,95.66
AMZN,2025-06-11,96.20
AMZN,2025-06-12,93.76
AMZN,2025-06-13,93.44
AMZN,2025-06-16,92.49
AMZN,2025-06-17,93.41
AMZN,2025-06-18,93.26
AMZN,2025-06-19,93.16
AMZN,2025-06-20,92.57
AMZN,2025-06-23,94.59
AMZN,2025-06-24,97.28
AMZN,2025-06-25,96.64
AMZN,2025-06-26,98.34
AMZN,2025-06-27,96.92
AMZN,2025-06-30,97.13
AMZN,2025-07-01,98.65
AMZN,2025-07-02,101.71
AMZN,2025-07-03,101.00
AMZN,2025-07-04,100.93
AMZN,2025-07-07,101.39
AMZN,2025-07-08,98.43
AMZN,2025-07-09,98.53
AMZN,2025-07-10,97.26
AMZN,2025-07-11,98.06
AMZN,2025-07-14,95.91
AMZN,2025-07-15,92.18
AMZN,2025-07-16,92.32
AMZN,2025-07-17,92.87
AMZN,2025-07-18,91.91
AMZN,2025-07-21,93.61
AMZN,2025-07-22,93.16
AMZN,2025-07-23,92.10
AMZN,2025-07-24,93.05
AMZN,2025-07-25,90.19
AMZN,2025-07-28,89.04
AMZN,2025-07-29,89.06
AMZN,2025-07-30,90.64
AMZN,2025-07-31,90.40
AMZN,2025-08-01,91.03
AMZN,2025-08-04,89.90
AMZN,2025-08-05,90.50
AMZN,2025-08-06,93.58
AMZN,2025-08-07,92.36
AMZN,2025-08-08,96.79
AMZN,2025-08-11,95.62
AMZN,2025-08-12,95.72
AMZN,2025-08-13,96.11
AMZN,2025-08-14,98.15
AMZN,2025-08-15,95.79
AMZN,2025-08-18,91.84
AMZN,2025-08-19,93.01
AMZN,2025-08-20,94.56
AMZN,2025-08-21,95.80
AMZN,2025-08-22,100.91
AMZN,2025-08-25,101.40
AMZN,2025-08-26,101.98
AMZN,2025-08-27,103.95
AMZN,2025-08-28,104.79
AMZN,2025-08-29,108.35
AMZN,2025-09-01,105.74
AMZN,2025-09-02,105.02
AMZN,2025-09-03,97.86
AMZN,2025-09-04,99.52
AMZN,2025-09-05,98.85
AMZN,2025-09-08,100.75
AMZN,2025-09-09,105.16
AMZN,2025-09-10,105.22
AMZN,2025-09-11,104.76
AMZN,2025-09-12,103.78
AMZN,2025-09-15,102.12
AMZN,2025-09-16,100.90
AMZN,2025-09-17,102.26
AMZN,2025-09-18,102.41
AMZN,2025-09-19,102.62
AMZN,2025-09-22,102.34
AMZN,2025-09-23,104.28
AMZN,2025-09-24,105.38
AMZN,2025-09-25,105.16
AMZN,2025-09-26,106.63
AMZN,2025-09-29,106.38
AMZN,2025-09-30,104.00
AMZN,2025-10-01,107.10
AMZN,2025-10-02,108.18
AMZN,2025-10-03,106.18
AMZN,2025-10-06,108.55
AMZN,2025-10-07,109.37
AMZN,2025-10-08,106.03
AMZN,2025-10-09,109.52
AMZN,2025-10-10,110.32
AMZN,2025-10-13,112.37
AMZN,2025-10-14,112.89
AMZN,2025-10-15,112.63
AMZN,2025-10-16,109.23
AMZN,2025-10-17,111.43
AMZN,2025-10-20,111.57
AMZN,2025-10-21,111.01
AMZN,2025-10-22,111.87
AMZN,2025-10-23,112.12
AMZN,2025-10-24,113.71
AMZN,2025-10-27,112.95
AMZN,2025-10-28,112.95
AMZN,2025-10-29,108.20
AMZN,2025-10-30,107.36
AMZN,2025-10-31,108.88
AMZN,2025-11-03,111.87
AMZN,2025-11-04,111.13
AMZN,2025-11-05,110.94
AMZN,2025-11-06,114.53
AMZN,2025-11-07,113.87
AMZN,2025-11-10,115.62
AMZN,2025-11-11,119.58
AMZN,2025-11-12,119.76
AMZN,2025-11-13,122.79
AMZN,2025-11-14,121.13
AMZN,2025-11-17,121.72
AMZN,2025-11-18,121.61
AMZN,2025-11-19,121.98
AMZN,2025-11-20,124.82
AMZN,2025-11-21,130.87
AMZN,2025-11-24,129.22
AMZN,2025-11-25,127.83
AMZN,2025-11-26,129.19
AMZN,2025-11-27,126.55
AMZN,2025-11-28,127.90
AMZN,2025-12-01,129.45
AMZN,2025-12-02,128.83
AMZN,2025-12-03,130.29
AMZN,2025-12-04,126.34
AMZN,2025-12-05,128.35
AMZN,2025-12-08,124.47
AMZN,2025-12-09,122.83
AMZN,2025-12-10,121.55
AMZN,2025-12-11,120.66
AMZN,2025-12-12,122.82
AMZN,2025-12-15,123.10
AMZN,2025-12-16,122.21
AMZN,2025-12-17,123.63
AMZN,2025-12-18,127.62
AMZN,2025-12-19,127.73
AMZN,2025-12-22,128.75
AMZN,2025-12-23,132.04
AMZN,2025-12-24,132.84
AMZN,2025-12-25,129.52
AMZN,2025-12-26,136.06
AMZN,2025-12-29,142.17
AMZN,2025-12-30,136.62
AMZN,2025-12-31,136.61
AMZN,2026-01-01,137.85
AMZN,2026-01-02,140.61
AMZN,2026-01-05,142.59
AMZN,2026-01-06,141.91
AMZN,2026-01-07,139.02
AMZN,2026-01-08,139.40
AMZN,2026-01-09,142.38
AMZN,2026-01-12,139.38
AMZN,2026-01-13,136.62
AMZN,2026-01-14,136.64
AMZN,2026-01-15,131.45
AMZN,2026-01-16,130.85
AMZN,2026-01-19,129.80
AMZN,2026-01-20,131.07
AMZN,2026-01-21,129.32
AMZN,2026-01-22,127.13
AMZN,2026-01-23,126.22
AMZN,2026-01-26,126.18
AMZN,2026-01-27,124.59
AMZN,2026-01-28,124.71
AMZN,2026-01-29,126.67
AMZN,2026-01-30,129.76
AMZN,2026-02-02,134.27
AMZN,2026-02-03,132.26
AMZN,2026-02-04,131.25
AMZN,2026-02-05,124.82
AMZN,2026-02-06,129.65
AMZN,2026-02-09,127.86
AMZN,2026-02-10,127.87
AMZN,2026-02-11,129.29
AMZN,2026-02-12,125.87
AMZN,2026-02-13,127.13
AMZN,2026-02-16,127.15
AMZN,2026-02-17,122.60
AMZN,2026-02-18,123.40
AMZN,2026-02-19,126.43
AMZN,2026-02-20,121.80
AMZN,2026-02-23,123.85
AMZN,2026-02-24,124.46
AMZN,2026-02-25,125.73
AMZN,2026-02-26,126.93
AMZN,2026-02-27,130.33
AMZN,2026-03-02,129.83
AMZN,2026-03-03,132.19
AMZN,2026-03-04,131.20
AMZN,2026-03-05,133.21
AMZN,2026-03-06,131.13
AMZN,2026-03-09,130.94
AMZN,2026-03-10,135.56
AMZN,2026-03-11,136.87
AMZN,2026-03-12,136.53
AMZN,2026-03-13,133.50
AMZN,2026-03-16,131.49
AMZN,2026-03-17,132.09
AMZN,2026-03-18,134.66
AMZN,2026-03-19,135.90
AMZN,2026-03-20,137.42
AMZN,2026-03-23,137.41
AMZN,2026-03-24,141.22
AMZN,2026-03-25,140.21
AMZN,2026-03-26,138.77
AMZN,2026-03-27,141.33
AMZN,2026-03-30,141.61
AMZN,2026-03-31,140.92
AMZN,2026-04-01,139.40
AMZN,2026-04-02,138.78
AMZN,2026-04-03,140.61
AMZN,2026-04-06,141.70
AMZN,2026-04-07,138.38
AMZN,2026-04-08,139.65
AMZN,2026-04-09,140.25
AMZN,2026-04-10,137.54
AMZN,2026-04-13,139.77
AMZN,2026-04-14,139.08
AMZN,2026-04-15,138.25
AMZN,2026-04-16,140.54
AMZN,2026-04-17,144.36
AMZN,2026-04-20,142.47
AMZN,2026-04-21,143.82
AMZN,2026-04-22,141.40
AMZN,2026-04-23,148.04
AMZN,2026-04-24,146.69
AMZN,2026-04-27,150.29
AMZN,2026-04-28,148.45
AMZN,2026-04-29,150.97
AMZN,2026-04-30,157.77
AMZN,2026-05-01,149.87
AMZN,2026-05-04,148.67
AMZN,2026-05-05,150.26
AMZN,2026-05-06,150.09
AMZN,2026-05-07,148.19
AMZN,2026-05-08,154.67
AMZN,2026-05-11,155.03
AMZN,2026-05-12,150.04
AMZN,2026-05-13,152.71
AMZN,2026-05-14,147.55
AMZN,2026-05-15,151.06
AMZN,2026-05-18,149.42
AMZN,2026-05-19,149.95
AMZN,2026-05-20,153.84
AMZN,2026-05-21,154.31
AMZN,2026-05-22,150.13
AMZN,2026-05-25,145.14
AMZN,2026-05-26,148.68
AMZN,2026-05-27,150.98
AMZN,2026-05-28,148.63
AMZN,2026-05-29,151.29
AMZN,2026-06-01,152.89
AMZN,2026-06-02,154.98
AMZN,2026-06-03,148.09
AMZN,2026-06-04,147.30
AMZN,2026-06-05,150.06
AMZN,2026-06-08,152.36
AMZN,2026-06-09,155.16
AMZN,2026-06-10,147.64
AMZN,2026-06-11,148.24
AMZN,2026-06-12,149.81
AMZN,2026-06-15,157.56
AMZN,2026-06-16,154.66
AMZN,2026-06-17,153.75
AMZN,2026-06-18,153.97
AMZN,2026-06-19,156.81
AMZN,2026-06-22,155.53
AMZN,2026-06-23,159.21
AMZN,2026-06-24,156.81
AMZN,2026-06-25,157.76
AMZN,2026-06-26,156.20
AMZN,2026-06-29,156.81
AMZN,2026-06-30,154.75
AMZN,2026-07-01,149.92
AMZN,2026-07-02,153.30
AMZN,2026-07-03,154.34
AMZN,2026-07-06,152.72
AMZN,2026-07-07,153.44
AMZN,2026-07-08,156.59
AMZN,2026-07-09,153.64
AMZN,2026-07-10,153.41
AMZN,2026-07-13,155.17
AMZN,2026-07-14,156.91
AMZN,2026-07-15,155.97
AMZN,2026-07-16,149.51
AMZN,2026-07-17,153.33
AMZN,2026-07-20,154.45
AMZN,2026-07-21,154.59
AMZN,2026-07-22,153.84
AMZN,2026-07-23,154.76
AMZN,2026-07-24,153.55
AMZN,2026-07-27,150.51
AMZN,2026-07-28,148.39
AMZN,2026-07-29,146.73
AMZN,2026-07-30,145.03
AMZN,2026-07-31,141.77
AMZN,2026-08-03,143.68
AMZN,2026-08-04,140.01
AMZN,2026-08-05,141.96
AMZN,2026-08-06,139.18
AMZN,2026-08-07,140.26
AMZN,2026-08-10,144.21
AMZN,2026-08-11,144.90
AMZN,2026-08-12,142.88
AMZN,2026-08-13,143.12
AMZN,2026-08-14,143.65
AMZN,2026-08-17,138.77
AMZN,2026-08-18,137.18
AMZN,2026-08-19,137.72
AMZN,2026-08-20,136.53
AMZN,2026-08-21,136.84
AMZN,2026-08-24,138.95
AMZN,2026-08-25,141.17
AMZN,2026-08-26,143.83
AMZN,2026-08-27,145.62
AMZN,2026-08-28,144.89
AMZN,2026-08-31,144.94
AMZN,2026-09-01,144.25
AMZN,2026-09-02,143.45
AMZN,2026-09-03,143.04
AMZN,2026-09-04,138.20
ARM,2025-06-02,204.37
ARM,2025-06-03,204.20
ARM,2025-06-04,206.24
ARM,2025-06-05,205.49
ARM,2025-06-06,213.96
ARM,2025-06-09,202.73
ARM,2025-06-10,201.83
ARM,2025-06-11,194.39
ARM,2025-06-12,198.14
ARM,2025-06-13,208.59
ARM,2025-06-16,198.08
ARM,2025-06-17,198.52
ARM,2025-06-18,200.52
ARM,2025-06-19,199.24
ARM,2025-06-20,201.37
ARM,2025-06-23,192.27
ARM,2025-06-24,195.48
ARM,2025-06-25,196.87
ARM,2025-06-26,196.89
ARM,2025-06-27,194.51
ARM,2025-06-30,196.93
ARM,2025-07-01,194.95
ARM,2025-07-02,195.76
ARM,2025-07-03,193.70
ARM,2025-07-04,184.93
ARM,2025-07-07,184.75
ARM,2025-07-08,185.43
ARM,2025-07-09,188.17
ARM,2025-07-10,184.81
ARM,2025-07-11,184.63
ARM,2025-07-14,186.84
ARM,2025-07-15,187.32
ARM,2025-07-16,191.92
ARM,2025-07-17,199.50
ARM,2025-07-18,195.80
ARM,2025-07-21,188.22
ARM,2025-07-22,191.38
ARM,2025-07-23,197.17
ARM,2025-07-24,200.74
ARM,2025-07-25,203.94
ARM,2025-07-28,201.35
ARM,2025-07-29,198.41
ARM,2025-07-30,201.86
ARM,2025-07-31,198.12
ARM,2025-08-01,190.87
ARM,2025-08-04,186.99
ARM,2025-08-05,196.25
ARM,2025-08-06,203.74
ARM,2025-08-07,200.87
ARM,2025-08-08,197.87
ARM,2025-08-11,198.72
ARM,2025-08-12,195.68
ARM,2025-08-13,200.74
ARM,2025-08-14,200.36
ARM,2025-08-15,195.94
ARM,2025-08-18,201.00
ARM,2025-08-19,198.59
ARM,2025-08-20,199.40
ARM,2025-08-21,199.29
ARM,2025-08-22,197.97
ARM,2025-08-25,199.19
ARM,2025-08-26,196.36
ARM,2025-08-27,189.05
ARM,2025-08-28,180.64
ARM,2025-08-29,176.00
ARM,2025-09-01,173.27
ARM,2025-09-02,173.14
ARM,2025-09-03,173.27
ARM,2025-09-04,175.14
ARM,2025-09-05,175.50
ARM,2025-09-08,172.66
ARM,2025-09-09,170.15
ARM,2025-09-10,162.88
ARM,2025-09-11,162.28
ARM,2025-09-12,163.80
ARM,2025-09-15,165.48
ARM,2025-09-16,165.02
ARM,2025-09-17,164.39
ARM,2025-09-18,167.41
ARM,2025-09-19,167.41
ARM,2025-09-22,169.82
ARM,2025-09-23,171.75
ARM,2025-09-24,172.42
ARM,2025-09-25,176.87
ARM,2025-09-26,174.78
ARM,2025-09-29,173.47
ARM,2025-09-30,170.61
ARM,2025-10-01,167.83
ARM,2025-10-02,173.00
ARM,2025-10-03,179.03
ARM,2025-10-06,179.05
ARM,2025-10-07,181.02
ARM,2025-10-08,185.22
ARM,2025-10-09,188.15
ARM,2025-10-10,192.62
ARM,2025-10-13,187.69
ARM,2025-10-14,185.23
ARM,2025-10-15,186.84
ARM,2025-10-16,192.14
ARM,2025-10-17,192.48
ARM,2025-10-20,189.11
ARM,2025-10-21,187.70
ARM,2025-10-22,185.16
ARM,2025-10-23,181.92
ARM,2025-10-24,187.32
ARM,2025-10-27,184.92
ARM,2025-10-28,184.93
ARM,2025-10-29,192.86
ARM,2025-10-30,197.37
ARM,2025-10-31,198.63
ARM,2025-11-03,196.13
ARM,2025-11-04,197.68
ARM,2025-11-05,204.02
ARM,2025-11-06,206.50
ARM,2025-11-07,211.64
ARM,2025-11-10,211.98
ARM,2025-11-11,214.10
ARM,2025-11-12,213.17
ARM,2025-11-13,214.92
ARM,2025-11-14,220.43
ARM,2025-11-17,214.05
ARM,2025-11-18,213.71
ARM,2025-11-19,214.67
ARM,2025-11-20,212.14
ARM,2025-11-21,210.77
ARM,2025-11-24,214.01
ARM,2025-11-25,222.51
ARM,2025-11-26,225.23
ARM,2025-11-27,226.63
ARM,2025-11-28,219.52
ARM,2025-12-01,227.91
ARM,2025-12-02,228.18
ARM,2025-12-03,227.95
ARM,2025-12-04,222.78
ARM,2025-12-05,222.45
ARM,2025-12-08,217.50
ARM,2025-12-09,217.73
ARM,2025-12-10,219.69
ARM,2025-12-11,219.76
ARM,2025-12-12,220.91
ARM,2025-12-15,217.07
ARM,2025-12-16,223.21
ARM,2025-12-17,220.22
ARM,2025-12-18,212.14
ARM,2025-12-19,211.27
ARM,2025-12-22,207.97
ARM,2025-12-23,203.70
ARM,2025-12-24,202.19
ARM,2025-12-25,203.30
ARM,2025-12-26,198.42
ARM,2025-12-29,197.81
ARM,2025-12-30,203.39
ARM,2025-12-31,206.10
ARM,2026-01-01,205.40
ARM,2026-01-02,205.86
ARM,2026-01-05,205.30
ARM,2026-01-06,205.03
ARM,2026-01-07,207.97
ARM,2026-01-08,207.51
ARM,2026-01-09,197.46
ARM,2026-01-12,197.31
ARM,2026-01-13,193.74
ARM,2026-01-14,196.19
ARM,2026-01-15,193.73
ARM,2026-01-16,194.24
ARM,2026-01-19,202.64
ARM,2026-01-20,198.33
ARM,2026-01-21,193.80
ARM,2026-01-22,188.26
ARM,2026-01-23,179.18
ARM,2026-01-26,172.39
ARM,2026-01-27,173.59
ARM,2026-01-28,171.32
ARM,2026-01-29,164.86
ARM,2026-01-30,159.92
ARM,2026-02-02,161.84
ARM,2026-02-03,159.27
ARM,2026-02-04,158.05
ARM,2026-02-05,159.04
ARM,2026-02-06,163.30
ARM,2026-02-09,169.59
ARM,2026-02-10,173.03
ARM,2026-02-11,173.47
ARM,2026-02-12,174.05
ARM,2026-02-13,180.27
ARM,2026-02-16,185.36
ARM,2026-02-17,184.15
ARM,2026-02-18,185.77
ARM,2026-02-19,186.77
ARM,2026-02-20,186.91
ARM,2026-02-23,184.97
ARM,2026-02-24,180.01
ARM,2026-02-25,178.02
ARM,2026-02-26,172.47
ARM,2026-02-27,176.63
ARM,2026-03-02,178.46
ARM,2026-03-03,174.10
ARM,2026-03-04,178.90
ARM,2026-03-05,182.03
ARM,2026-03-06,175.02
ARM,2026-03-09,181.41
ARM,2026-03-10,184.29
ARM,2026-03-11,191.84
ARM,2026-03-12,187.05
ARM,2026-03-13,188.97
ARM,2026-03-16,190.51
ARM,2026-03-17,191.21
ARM,2026-03-18,191.80
ARM,2026-03-19,195.78
ARM,2026-03-20,189.86
ARM,2026-03-23,185.08
ARM,2026-03-24,179.86
ARM,2026-03-25,177.79
ARM,2026-03-26,175.58
ARM,2026-03-27,176.81
ARM,2026-03-30,177.69
ARM,2026-03-31,177.75
ARM,2026-04-01,175.28
ARM,2026-04-02,173.67
ARM,2026-04-03,176.92
ARM,2026-04-06,179.57
ARM,2026-04-07,179.87
ARM,2026-04-08,178.65
ARM,2026-04-09,184.14
ARM,2026-04-10,181.89
ARM,2026-04-13,184.19
ARM,2026-04-14,188.37
ARM,2026-04-15,187.31
ARM,2026-04-16,190.34
ARM,2026-04-17,186.03
ARM,2026-04-20,189.73
ARM,2026-04-21,190.43
ARM,2026-04-22,184.32
ARM,2026-04-23,186.73
ARM,2026-04-24,183.33
ARM,2026-04-27,187.97
ARM,2026-04-28,185.36
ARM,2026-04-29,184.68
ARM,2026-04-30,185.67
ARM,2026-05-01,184.37
ARM,2026-05-04,185.27
ARM,2026-05-05,183.15
ARM,2026-05-06,185.55
ARM,2026-05-07,185.51
ARM,2026-05-08,186.23
ARM,2026-05-11,175.92
ARM,2026-05-12,179.95
ARM,2026-05-13,180.00
ARM,2026-05-14,173.52
ARM,2026-05-15,173.79
ARM,2026-05-18,175.36
ARM,2026-05-19,179.06
ARM,2026-05-20,175.12
ARM,2026-05-21,180.48
ARM,2026-05-22,179.84
ARM,2026-05-25,188.40
ARM,2026-05-26,187.78
ARM,2026-05-27,190.27
ARM,2026-05-28,188.81
ARM,2026-05-29,184.54
ARM,2026-06-01,188.52
ARM,2026-06-02,191.88
ARM,2026-06-03,197.72
ARM,2026-06-04,201.04
ARM,2026-06-05,198.67
ARM,2026-06-08,192.00
ARM,2026-06-09,189.43
ARM,2026-06-10,186.81
ARM,2026-06-11,183.70
ARM,2026-06-12,185.78
ARM,2026-06-15,186.94
ARM,2026-06-16,185.87
ARM,2026-06-17,186.45
ARM,2026-06-18,185.84
ARM,2026-06-19,186.57
ARM,2026-06-22,189.31
ARM,2026-06-23,192.88
ARM,2026-06-24,190.17
ARM,2026-06-25,184.38
ARM,2026-06-26,189.58
ARM,2026-06-29,189.95
ARM,2026-06-30,194.09
ARM,2026-07-01,187.64
ARM,2026-07-02,186.34
ARM,2026-07-03,186.38
ARM,2026-07-06,180.94
ARM,2026-07-07,179.02
ARM,2026-07-08,181.55
ARM,2026-07-09,185.41
ARM,2026-07-10,191.26
ARM,2026-07-13,187.89
ARM,2026-07-14,182.56
ARM,2026-07-15,184.40
ARM,2026-07-16,187.81
ARM,2026-07-17,188.47
ARM,2026-07-20,183.50
ARM,2026-07-21,186.31
ARM,2026-07-22,189.20
ARM,2026-07-23,191.23
ARM,2026-07-24,189.30
ARM,2026-07-27,190.39
ARM,2026-07-28,193.34
ARM,2026-07-29,191.11
ARM,2026-07-30,184.00
ARM,2026-07-31,185.15
ARM,2026-08-03,186.87
ARM,2026-08-04,186.85
ARM,2026-08-05,190.11
ARM,2026-08-06,187.82
ARM,2026-08-07,187.45
ARM,2026-08-10,186.24
ARM,2026-08-11,188.31
ARM,2026-08-12,194.25
ARM,2026-08-13,193.21
ARM,2026-08-14,201.09
ARM,2026-08-17,207.17
ARM,2026-08-18,210.38
ARM,2026-08-19,212.78
ARM,2026-08-20,220.24
ARM,2026-08-21,219.37
ARM,2026-08-24,218.81
ARM,2026-08-25,214.09
ARM,2026-08-26,216.04
ARM,2026-08-27,221.78
ARM,2026-08-28,224.06
ARM,2026-08-31,225.88
ARM,2026-09-01,224.90
ARM,2026-09-02,225.59
ARM,2026-09-03,219.08
ARM,2026-09-04,223.61
AVGO,2025-06-02,275.68
AVGO,2025-06-03,271.19
AVGO,2025-06-04,275.88
AVGO,2025-06-05,281.78
AVGO,2025-06-06,274.18
AVGO,2025-06-09,279.31
AVGO,2025-06-10,284.33
AVGO,2025-06-11,281.09
AVGO,2025-06-12,272.79
AVGO,2025-06-13,268.78
AVGO,2025-06-16,265.43
AVGO,2025-06-17,267.30
AVGO,2025-06-18,265.44
AVGO,2025-06-19,254.73
AVGO,2025-06-20,255.97
AVGO,2025-06-23,248.16
AVGO,2025-06-24,252.71
AVGO,2025-06-25,246.66
AVGO,2025-06-26,243.29
AVGO,2025-06-27,239.18
AVGO,2025-06-30,236.64
AVGO,2025-07-01,242.83
AVGO,2025-07-02,247.01
AVGO,2025-07-03,250.03
AVGO,2025-07-04,251.68
AVGO,2025-07-07,243.94
AVGO,2025-07-08,241.45
AVGO,2025-07-09,238.83
AVGO,2025-07-10,234.21
AVGO,2025-07-11,236.64
AVGO,2025-07-14,233.18
AVGO,2025-07-15,229.92
AVGO,2025-07-16,225.16
AVGO,2025-07-17,215.94
AVGO,2025-07-18,218.56
AVGO,2025-07-21,224.42
AVGO,2025-07-22,225.25
AVGO,2025-07-23,220.89
AVGO,2025-07-24,208.99
AVGO,2025-07-25,209.75
AVGO,2025-07-28,214.90
AVGO,2025-07-29,216.22
AVGO,2025-07-30,220.27
AVGO,2025-07-31,226.83
AVGO,2025-08-01,231.98
AVGO,2025-08-04,229.98
AVGO,2025-08-05,234.87
AVGO,2025-08-06,238.56
AVGO,2025-08-07,231.27
AVGO,2025-08-08,229.45
AVGO,2025-08-11,222.96
AVGO,2025-08-12,222.52
AVGO,2025-08-13,225.13
AVGO,2025-08-14,220.37
AVGO,2025-08-15,211.35
AVGO,2025-08-18,216.88
AVGO,2025-08-19,218.56
AVGO,2025-08-20,225.04
AVGO,2025-08-21,219.12
AVGO,2025-08-22,223.82
AVGO,2025-08-25,233.14
AVGO,2025-08-26,242.55
AVGO,2025-08-27,241.58
AVGO,2025-08-28,242.93
AVGO,2025-08-29,242.23
AVGO,2025-09-01,247.12
AVGO,2025-09-02,252.29
AVGO,2025-09-03,252.78
AVGO,2025-09-04,245.96
AVGO,2025-09-05,249.66
AVGO,2025-09-08,247.36
AVGO,2025-09-09,250.52
AVGO,2025-09-10,251.89
AVGO,2025-09-11,260.12
AVGO,2025-09-12,266.09
AVGO,2025-09-15,263.75
AVGO,2025-09-16,265.64
AVGO,2025-09-17,275.07
AVGO,2025-09-18,272.16
AVGO,2025-09-19,274.58
AVGO,2025-09-22,281.17
AVGO,2025-09-23,288.30
AVGO,2025-09-24,291.35
AVGO,2025-09-25,283.71
AVGO,2025-09-26,276.61
AVGO,2025-09-29,278.04
AVGO,2025-09-30,280.25
AVGO,2025-10-01,294.58
AVGO,2025-10-02,289.57
AVGO,2025-10-03,296.21
AVGO,2025-10-06,300.84
AVGO,2025-10-07,290.84
AVGO,2025-10-08,286.14
AVGO,2025-10-09,287.15
AVGO,2025-10-10,284.37
AVGO,2025-10-13,283.55
AVGO,2025-10-14,286.27
AVGO,2025-10-15,281.70
AVGO,2025-10-16,284.38
AVGO,2025-10-17,280.82
AVGO,2025-10-20,277.82
AVGO,2025-10-21,280.85
AVGO,2025-10-22,277.69
AVGO,2025-10-23,279.34
AVGO,2025-10-24,288.33
AVGO,2025-10-27,288.55
AVGO,2025-10-28,287.76
AVGO,2025-10-29,292.05
AVGO,2025-10-30,289.97
AVGO,2025-10-31,296.31
AVGO,2025-11-03,288.77
AVGO,2025-11-04,292.40
AVGO,2025-11-05,289.46
AVGO,2025-11-06,284.90
AVGO,2025-11-07,295.04
AVGO,2025-11-10,290.08
AVGO,2025-11-11,300.33
AVGO,2025-11-12,304.34
AVGO,2025-11-13,313.25
AVGO,2025-11-14,307.19
AVGO,2025-11-17,314.62
AVGO,2025-11-18,323.85
AVGO,2025-11-19,323.16
AVGO,2025-11-20,322.39
AVGO,2025-11-21,338.29
AVGO,2025-11-24,339.56
AVGO,2025-11-25,336.76
AVGO,2025-11-26,332.58
AVGO,2025-11-27,335.62
AVGO,2025-11-28,337.90
AVGO,2025-12-01,339.17
AVGO,2025-12-02,350.92
AVGO,2025-12-03,348.69
AVGO,2025-12-04,352.05
AVGO,2025-12-05,362.40
AVGO,2025-12-08,355.20
AVGO,2025-12-09,362.65
AVGO,2025-12-10,376.01
AVGO,2025-12-11,365.89
AVGO,2025-12-12,357.94
AVGO,2025-12-15,350.57
AVGO,2025-12-16,337.70
AVGO,2025-12-17,340.82
AVGO,2025-12-18,328.24
AVGO,2025-12-19,331.58
AVGO,2025-12-22,341.28
AVGO,2025-12-23,330.33
AVGO,2025-12-24,328.30
AVGO,2025-12-25,315.78
AVGO,2025-12-26,320.76
AVGO,2025-12-29,316.09
AVGO,2025-12-30,314.48
AVGO,2025-12-31,314.88
AVGO,2026-01-01,318.38
AVGO,2026-01-02,316.23
AVGO,2026-01-05,316.39
AVGO,2026-01-06,313.00
AVGO,2026-01-07,313.78
AVGO,2026-01-08,306.48
AVGO,2026-01-09,306.93
AVGO,2026-01-12,295.13
AVGO,2026-01-13,292.30
AVGO,2026-01-14,303.56
AVGO,2026-01-15,304.10
AVGO,2026-01-16,296.50
AVGO,2026-01-19,298.08
AVGO,2026-01-20,292.34
AVGO,2026-01-21,282.75
AVGO,2026-01-22,278.64
AVGO,2026-01-23,282.80
AVGO,2026-01-26,285.03
AVGO,2026-01-27,284.53
AVGO,2026-01-28,279.32
AVGO,2026-01-29,273.35
AVGO,2026-01-30,280.78
AVGO,2026-02-02,282.21
AVGO,2026-02-03,276.90
AVGO,2026-02-04,265.26
AVGO,2026-02-05,258.05
AVGO,2026-02-06,270.87
AVGO,2026-02-09,264.70
AVGO,2026-02-10,264.35
AVGO,2026-02-11,265.51
AVGO,2026-02-12,264.73
AVGO,2026-02-13,263.31
AVGO,2026-02-16,256.13
AVGO,2026-02-17,250.80
AVGO,2026-02-18,259.32
AVGO,2026-02-19,255.45
AVGO,2026-02-20,259.82
AVGO,2026-02-23,251.07
AVGO,2026-02-24,249.74
AVGO,2026-02-25,251.10
AVGO,2026-02-26,256.35
AVGO,2026-02-27,250.65
AVGO,2026-03-02,253.68
AVGO,2026-03-03,255.69
AVGO,2026-03-04,251.97
AVGO,2026-03-05,254.43
AVGO,2026-03-06,249.91
AVGO,2026-03-09,245.98
AVGO,2026-03-10,245.94
AVGO,2026-03-11,232.64
AVGO,2026-03-12,232.17
AVGO,2026-03-13,227.58
AVGO,2026-03-16,220.96
AVGO,2026-03-17,219.13
AVGO,2026-03-18,222.52
AVGO,2026-03-19,220.76
AVGO,2026-03-20,226.40
AVGO,2026-03-23,221.19
AVGO,2026-03-24,215.43
AVGO,2026-03-25,222.16
AVGO,2026-03-26,223.97
AVGO,2026-03-27,228.25
AVGO,2026-03-30,224.52
AVGO,2026-03-31,228.18
AVGO,2026-04-01,229.41
AVGO,2026-04-02,232.43
AVGO,2026-04-03,232.60
AVGO,2026-04-06,238.25
AVGO,2026-04-07,235.21
AVGO,2026-04-08,230.72
AVGO,2026-04-09,223.95
AVGO,2026-04-10,229.19
AVGO,2026-04-13,225.86
AVGO,2026-04-14,221.19
AVGO,2026-04-15,217.08
AVGO,2026-04-16,215.19
AVGO,2026-04-17,209.76
AVGO,2026-04-20,208.58
AVGO,2026-04-21,206.01
AVGO,2026-04-22,203.78
AVGO,2026-04-23,199.91
AVGO,2026-04-24,200.10
AVGO,2026-04-27,198.29
AVGO,2026-04-28,198.79
AVGO,2026-04-29,199.82
AVGO,2026-04-30,201.22
AVGO,2026-05-01,192.45
AVGO,2026-05-04,190.42
AVGO,2026-05-05,187.43
AVGO,2026-05-06,190.37
AVGO,2026-05-07,184.40
AVGO,2026-05-08,181.80
AVGO,2026-05-11,180.77
AVGO,2026-05-12,179.59
AVGO,2026-05-13,183.19
AVGO,2026-05-14,181.60
AVGO,2026-05-15,185.14
AVGO,2026-05-18,179.75
AVGO,2026-05-19,173.28
AVGO,2026-05-20,177.54
AVGO,2026-05-21,179.12
AVGO,2026-05-22,180.90
AVGO,2026-05-25,181.38
AVGO,2026-05-26,183.18
AVGO,2026-05-27,178.76
AVGO,2026-05-28,182.19
AVGO,2026-05-29,180.28
AVGO,2026-06-01,183.87
AVGO,2026-06-02,184.23
AVGO,2026-06-03,177.00
AVGO,2026-06-04,172.48
AVGO,2026-06-05,176.40
AVGO,2026-06-08,175.95
AVGO,2026-06-09,174.60
AVGO,2026-06-10,175.48
AVGO,2026-06-11,174.02
AVGO,2026-06-12,172.16
AVGO,2026-06-15,172.55
AVGO,2026-06-16,173.08
AVGO,2026-06-17,178.37
AVGO,2026-06-18,178.57
AVGO,2026-06-19,185.32
AVGO,2026-06-22,192.03
AVGO,2026-06-23,198.67
AVGO,2026-06-24,202.92
AVGO,2026-06-25,203.49
AVGO,2026-06-26,204.09
AVGO,2026-06-29,203.55
AVGO,2026-06-30,200.62
AVGO,2026-07-01,200.39
AVGO,2026-07-02,197.86
AVGO,2026-07-03,204.39
AVGO,2026-07-06,206.62
AVGO,2026-07-07,204.81
AVGO,2026-07-08,197.01
AVGO,2026-07-09,196.84
AVGO,2026-07-10,195.24
AVGO,2026-07-13,191.04
AVGO,2026-07-14,186.73
AVGO,2026-07-15,178.37
AVGO,2026-07-16,180.43
AVGO,2026-07-17,180.23
AVGO,2026-07-20,189.57
AVGO,2026-07-21,189.49
AVGO,2026-07-22,188.97
AVGO,2026-07-23,194.46
AVGO,2026-07-24,195.02
AVGO,2026-07-27,195.72
AVGO,2026-07-28,194.30
AVGO,2026-07-29,191.99
AVGO,2026-07-30,197.78
AVGO,2026-07-31,201.78
AVGO,2026-08-03,208.75
AVGO,2026-08-04,207.33
AVGO,2026-08-05,207.50
AVGO,2026-08-06,203.88
AVGO,2026-08-07,207.87
AVGO,2026-08-10,202.12
AVGO,2026-08-11,204.44
AVGO,2026-08-12,208.96
AVGO,2026-08-13,214.90
AVGO,2026-08-14,210.90
AVGO,2026-08-17,215.54
AVGO,2026-08-18,212.51
AVGO,2026-08-19,209.34
AVGO,2026-08-20,203.84
AVGO,2026-08-21,208.59
AVGO,2026-08-24,215.51
AVGO,2026-08-25,212.99
AVGO,2026-08-26,209.80
AVGO,2026-08-27,208.42
AVGO,2026-08-28,218.91
AVGO,2026-08-31,223.35
AVGO,2026-09-01,220.97
AVGO,2026-09-02,213.09
AVGO,2026-09-03,210.26
AVGO,2026-09-04,215.30
BA,2025-06-02,385.98
BA,2025-06-03,382.28
BA,2025-06-04,368.09
BA,2025-06-05,375.00
BA,2025-06-06,367.08
BA,2025-06-09,375.10
BA,2025-06-10,362.52
BA,2025-06-11,353.52
BA,2025-06-12,355.77
BA,2025-06-13,350.55
BA,2025-06-16,356.24
BA,2025-06-17,356.51
BA,2025-06-18,348.35
BA,2025-06-19,352.89
BA,2025-06-20,359.04
BA,2025-06-23,345.52
BA,2025-06-24,358.35
BA,2025-06-25,362.12
BA,2025-06-26,367.85
BA,2025-06-27,354.38
BA,2025-06-30,349.49
BA,2025-07-01,347.26
BA,2025-07-02,354.95
BA,2025-07-03,344.80
BA,2025-07-04,338.91
BA,2025-07-07,325.35
BA,2025-07-08,323.98
BA,2025-07-09,326.42
BA,2025-07-10,315.60
BA,2025-07-11,312.06
BA,2025-07-14,315.43
BA,2025-07-15,325.62
BA,2025-07-16,330.14
BA,2025-07-17,328.33
BA,2025-07-18,320.79
BA,2025-07-21,314.98
BA,2025-07-22,310.98
BA,2025-07-23,312.08
BA,2025-07-24,311.96
BA,2025-07-25,322.55
BA,2025-07-28,324.59
BA,2025-07-29,317.83
BA,2025-07-30,327.83
BA,2025-07-31,334.25
BA,2025-08-01,335.13
BA,2025-08-04,330.50
BA,2025-08-05,318.33
BA,2025-08-06,312.01
BA,2025-08-07,317.89
BA,2025-08-08,312.97
BA,2025-08-11,304.90
BA,2025-08-12,306.27
BA,2025-08-13,307.95
BA,2025-08-14,311.87
BA,2025-08-15,316.14
BA,2025-08-18,325.24
BA,2025-08-19,319.98
BA,2025-08-20,326.43
BA,2025-08-21,320.18
BA,2025-08-22,324.81
BA,2025-08-25,326.17
BA,2025-08-26,327.95
BA,2025-08-27,334.50
BA,2025-08-28,334.58
BA,2025-08-29,342.22
BA,2025-09-01,348.42
BA,2025-09-02,349.57
BA,2025-09-03,345.82
BA,2025-09-04,340.81
BA,2025-09-05,337.42
BA,2025-09-08,336.26
BA,2025-09-09,336.29
BA,2025-09-10,356.54
BA,2025-09-11,361.31
BA,2025-09-12,367.08
BA,2025-09-15,360.98
BA,2025-09-16,356.07
BA,2025-09-17,354.01
BA,2025-09-18,355.58
BA,2025-09-19,348.43
BA,2025-09-22,359.87
BA,2025-09-23,356.03
BA,2025-09-24,363.92
BA,2025-09-25,347.13
BA,2025-09-26,347.29
BA,2025-09-29,349.43
BA,2025-09-30,350.98
BA,2025-10-01,355.41
BA,2025-10-02,357.61
BA,2025-10-03,358.99
BA,2025-10-06,345.61
BA,2025-10-07,340.89
BA,2025-10-08,325.12
BA,2025-10-09,329.40
BA,2025-10-10,331.62
BA,2025-10-13,330.53
BA,2025-10-14,325.30
BA,2025-10-15,321.71
BA,2025-10-16,333.77
BA,2025-10-17,345.53
BA,2025-10-20,345.33
BA,2025-10-21,354.43
BA,2025-10-22,343.39
BA,2025-10-23,330.30
BA,2025-10-24,327.31
BA,2025-10-27,321.78
BA,2025-10-28,318.37
BA,2025-10-29,319.76
BA,2025-10-30,339.30
BA,2025-10-31,335.02
BA,2025-11-03,335.55
BA,2025-11-04,337.60
BA,2025-11-05,337.57
BA,2025-11-06,344.06
BA,2025-11-07,356.48
BA,2025-11-10,347.83
BA,2025-11-11,349.16
BA,2025-11-12,347.52
BA,2025-11-13,350.20
BA,2025-11-14,339.68
BA,2025-11-17,327.94
BA,2025-11-18,312.95
BA,2025-11-19,316.42
BA,2025-11-20,317.83
BA,2025-11-21,318.48
BA,2025-11-24,303.60
BA,2025-11-25,301.51
BA,2025-11-26,297.14
BA,2025-11-27,288.91
BA,2025-11-28,283.80
BA,2025-12-01,287.93
BA,2025-12-02,291.23
BA,2025-12-03,291.27
BA,2025-12-04,294.44
BA,2025-12-05,291.07
BA,2025-12-08,291.66
BA,2025-12-09,292.06
BA,2025-12-10,295.48
BA,2025-12-11,295.24
BA,2025-12-12,294.57
BA,2025-12-15,293.95
BA,2025-12-16,290.34
BA,2025-12-17,303.48
BA,2025-12-18,306.78
BA,2025-12-19,309.60
BA,2025-12-22,323.97
BA,2025-12-23,333.26
BA,2025-12-24,323.08
BA,2025-12-25,327.77
BA,2025-12-26,333.46
BA,2025-12-29,346.23
BA,2025-12-30,355.55
BA,2025-12-31,361.24
BA,2026-01-01,352.95
BA,2026-01-02,347.01
BA,2026-01-05,349.09
BA,2026-01-06,352.82
BA,2026-01-07,345.82
BA,2026-01-08,343.37
BA,2026-01-09,340.83
BA,2026-01-12,341.44
BA,2026-01-13,343.94
BA,2026-01-14,342.18
BA,2026-01-15,333.92
BA,2026-01-16,342.41
BA,2026-01-19,353.55
BA,2026-01-20,353.01
BA,2026-01-21,360.46
BA,2026-01-22,363.87
BA,2026-01-23,368.89
BA,2026-01-26,372.67
BA,2026-01-27,367.20
BA,2026-01-28,371.63
BA,2026-01-29,379.37
BA,2026-01-30,372.79
BA,2026-02-02,387.68
BA,2026-02-03,404.11
BA,2026-02-04,419.09
BA,2026-02-05,436.01
BA,2026-02-06,442.75
BA,2026-02-09,440.01
BA,2026-02-10,435.00
BA,2026-02-11,428.18
BA,2026-02-12,429.43
BA,2026-02-13,429.41
BA,2026-02-16,435.42
BA,2026-02-17,418.09
BA,2026-02-18,437.67
BA,2026-02-19,457.86
BA,2026-02-20,457.88
BA,2026-02-23,464.35
BA,2026-02-24,469.04
BA,2026-02-25,471.89
BA,2026-02-26,470.20
BA,2026-02-27,469.33
BA,2026-03-02,461.87
BA,2026-03-03,463.79
BA,2026-03-04,463.84
BA,2026-03-05,467.09
BA,2026-03-06,459.38
BA,2026-03-09,460.02
BA,2026-03-10,460.73
BA,2026-03-11,466.58
BA,2026-03-12,456.93
BA,2026-03-13,461.04
BA,2026-03-16,470.38
BA,2026-03-17,476.28
BA,2026-03-18,473.06
BA,2026-03-19,468.69
BA,2026-03-20,466.76
BA,2026-03-23,473.84
BA,2026-03-24,488.84
BA,2026-03-25,487.59
BA,2026-03-26,481.61
BA,2026-03-27,485.52
BA,2026-03-30,487.79
BA,2026-03-31,479.23
BA,2026-04-01,472.44
BA,2026-04-02,471.77
BA,2026-04-03,478.39
BA,2026-04-06,467.26
BA,2026-04-07,458.02
BA,2026-04-08,462.87
BA,2026-04-09,451.80
BA,2026-04-10,453.06
BA,2026-04-13,456.52
BA,2026-04-14,455.78
BA,2026-04-15,446.77
BA,2026-04-16,446.50
BA,2026-04-17,443.80
BA,2026-04-20,447.05
BA,2026-04-21,439.82
BA,2026-04-22,449.68
BA,2026-04-23,434.89
BA,2026-04-24,433.61
BA,2026-04-27,433.94
BA,2026-04-28,442.54
BA,2026-04-29,437.42
BA,2026-04-30,442.46
BA,2026-05-01,437.71
BA,2026-05-04,444.43
BA,2026-05-05,460.14
BA,2026-05-06,456.72
BA,2026-05-07,461.04
BA,2026-05-08,452.77
BA,2026-05-11,461.85
BA,2026-05-12,473.31
BA,2026-05-13,473.93
BA,2026-05-14,463.45
BA,2026-05-15,467.46
BA,2026-05-18,478.48
BA,2026-05-19,489.20
BA,2026-05-20,497.45
BA,2026-05-21,479.53
BA,2026-05-22,473.30
BA,2026-05-25,487.04
BA,2026-05-26,475.39
BA,2026-05-27,486.43
BA,2026-05-28,505.03
BA,2026-05-29,513.03
BA,2026-06-01,524.83
BA,2026-06-02,521.65
BA,2026-06-03,509.18
BA,2026-06-04,508.44
BA,2026-06-05,506.72
BA,2026-06-08,506.54
BA,2026-06-09,513.90
BA,2026-06-10,512.72
BA,2026-06-11,515.00
BA,2026-06-12,519.67
BA,2026-06-15,519.93
BA,2026-06-16,539.41
BA,2026-06-17,544.50
BA,2026-06-18,545.75
BA,2026-06-19,543.81
BA,2026-06-22,537.33
BA,2026-06-23,552.10
BA,2026-06-24,554.09
BA,2026-06-25,542.46
BA,2026-06-26,536.69
BA,2026-06-29,535.54
BA,2026-06-30,531.09
BA,2026-07-01,542.92
BA,2026-07-02,530.64
BA,2026-07-03,536.17
BA,2026-07-06,538.03
BA,2026-07-07,525.68
BA,2026-07-08,526.49
BA,2026-07-09,525.81
BA,2026-07-10,531.40
BA,2026-07-13,526.93
BA,2026-07-14,530.45
BA,2026-07-15,513.09
BA,2026-07-16,502.28
BA,2026-07-17,510.47
BA,2026-07-20,521.41
BA,2026-07-21,521.58
BA,2026-07-22,515.65
BA,2026-07-23,527.12
BA,2026-07-24,505.38
BA,2026-07-27,497.60
BA,2026-07-28,504.59
BA,2026-07-29,511.48
BA,2026-07-30,501.22
BA,2026-07-31,482.60
BA,2026-08-03,496.90
BA,2026-08-04,498.72
BA,2026-08-05,490.08
BA,2026-08-06,490.91
BA,2026-08-07,500.05
BA,2026-08-10,474.43
BA,2026-08-11,485.25
BA,2026-08-12,492.72
BA,2026-08-13,472.51
BA,2026-08-14,480.08
BA,2026-08-17,463.27
BA,2026-08-18,474.11
BA,2026-08-19,478.17
BA,2026-08-20,500.00
BA,2026-08-21,494.19
BA,2026-08-24,494.53
BA,2026-08-25,505.18
BA,2026-08-26,499.02
BA,2026-08-27,492.28
BA,2026-08-28,488.92
BA,2026-08-31,488.50
BA,2026-09-01,478.22
BA,2026-09-02,483.13
BA,2026-09-03,488.67
BA,2026-09-04,489.66
COIN,2025-06-02,398.47
COIN,2025-06-03,394.33
COIN,2025-06-04,400.50
COIN,2025-06-05,385.21
COIN,2025-06-06,386.94
COIN,2025-06-09,385.79
COIN,2025-06-10,382.18
COIN,2025-06-11,377.71
COIN,2025-06-12,375.29
COIN,2025-06-13,370.08
COIN,2025-06-16,354.05
COIN,2025-06-17,350.02
COIN,2025-06-18,346.36
COIN,2025-06-19,342.91
COIN,2025-06-20,335.84
COIN,2025-06-23,335.10
COIN,2025-06-24,340.54
COIN,2025-06-25,339.02
COIN,2025-06-26,335.86
COIN,2025-06-27,345.15
COIN,2025-06-30,352.08
COIN,2025-07-01,358.76
COIN,2025-07-02,367.24
COIN,2025-07-03,365.03
COIN,2025-07-04,364.28
COIN,2025-07-07,372.59
COIN,2025-07-08,368.66
COIN,2025-07-09,367.97
COIN,2025-07-10,370.95
COIN,2025-07-11,373.91
COIN,2025-07-14,372.04
COIN,2025-07-15,379.56
COIN,2025-07-16,378.41
COIN,2025-07-17,384.10
COIN,2025-07-18,392.53
COIN,2025-07-21,397.91
COIN,2025-07-22,403.96
COIN,2025-07-23,394.81
COIN,2025-07-24,384.66
COIN,2025-07-25,380.11
COIN,2025-07-28,383.92
COIN,2025-07-29,395.65
COIN,2025-07-30,386.19
COIN,2025-07-31,388.76
COIN,2025-08-01,382.33
COIN,2025-08-04,376.93
COIN,2025-08-05,375.05
COIN,2025-08-06,380.44
COIN,2025-08-07,382.26
COIN,2025-08-08,391.48
COIN,2025-08-11,383.97
COIN,2025-08-12,391.00
COIN,2025-08-13,398.49
COIN,2025-08-14,399.25
COIN,2025-08-15,403.27
COIN,2025-08-18,398.95
COIN,2025-08-19,390.46
COIN,2025-08-20,387.50
COIN,2025-08-21,382.73
COIN,2025-08-22,405.06
COIN,2025-08-25,401.34
COIN,2025-08-26,414.80
COIN,2025-08-27,416.70
COIN,2025-08-28,419.52
COIN,2025-08-29,425.98
COIN,2025-09-01,419.57
COIN,2025-09-02,427.49
COIN,2025-09-03,430.93
COIN,2025-09-04,418.10
COIN,2025-09-05,423.35
COIN,2025-09-08,428.25
COIN,2025-09-09,432.35
COIN,2025-09-10,446.29
COIN,2025-09-11,442.83
COIN,2025-09-12,447.60
COIN,2025-09-15,454.53
COIN,2025-09-16,446.59
COIN,2025-09-17,457.55
COIN,2025-09-18,444.52
COIN,2025-09-19,433.19
COIN,2025-09-22,437.95
COIN,2025-09-23,428.65
COIN,2025-09-24,427.88
COIN,2025-09-25,414.03
COIN,2025-09-26,414.82
COIN,2025-09-29,405.64
COIN,2025-09-30,408.63
COIN,2025-10-01,396.32
COIN,2025-10-02,400.09
COIN,2025-10-03,398.17
COIN,2025-10-06,398.89
COIN,2025-10-07,398.56
COIN,2025-10-08,399.82
COIN,2025-10-09,389.46
COIN,2025-10-10,369.69
COIN,2025-10-13,370.14
COIN,2025-10-14,363.41
COIN,2025-10-15,360.30
COIN,2025-10-16,363.56
COIN,2025-10-17,349.32
COIN,2025-10-20,344.18
COIN,2025-10-21,340.16
COIN,2025-10-22,333.15
COIN,2025-10-23,335.50
COIN,2025-10-24,334.74
COIN,2025-10-27,329.42
COIN,2025-10-28,323.11
COIN,2025-10-29,328.50
COIN,2025-10-30,324.34
COIN,2025-10-31,328.31
COIN,2025-11-03,331.44
COIN,2025-11-04,319.06
COIN,2025-11-05,312.31
COIN,2025-11-06,312.50
COIN,2025-11-07,314.80
COIN,2025-11-10,319.88
COIN,2025-11-11,325.18
COIN,2025-11-12,332.08
COIN,2025-11-13,329.78
COIN,2025-11-14,328.56
COIN,2025-11-17,333.84
COIN,2025-11-18,331.17
COIN,2025-11-19,338.35
COIN,2025-11-20,327.77
COIN,2025-11-21,332.23
COIN,2025-11-24,331.26
COIN,2025-11-25,318.40
COIN,2025-11-26,324.81
COIN,2025-11-27,327.01
COIN,2025-11-28,327.32
COIN,2025-12-01,320.44
COIN,2025-12-02,317.63
COIN,2025-12-03,327.40
COIN,2025-12-04,322.16
COIN,2025-12-05,299.96
COIN,2025-12-08,294.98
COIN,2025-12-09,288.06
COIN,2025-12-10,287.45
COIN,2025-12-11,285.35
COIN,2025-12-12,280.29
COIN,2025-12-15,275.72
COIN,2025-12-16,281.65
COIN,2025-12-17,273.67
COIN,2025-12-18,284.53
COIN,2025-12-19,281.58
COIN,2025-12-22,275.58
COIN,2025-12-23,280.06
COIN,2025-12-24,283.37
COIN,2025-12-25,277.61
COIN,2025-12-26,281.92
COIN,2025-12-29,271.70
COIN,2025-12-30,266.82
COIN,2025-12-31,272.97
COIN,2026-01-01,271.72
COIN,2026-01-02,264.79
COIN,2026-01-05,267.65
COIN,2026-01-06,272.70
COIN,2026-01-07,272.73
COIN,2026-01-08,263.02
COIN,2026-01-09,261.33
COIN,2026-01-12,263.66
COIN,2026-01-13,267.85
COIN,2026-01-14,277.92
COIN,2026-01-15,276.67
COIN,2026-01-16,274.14
COIN,2026-01-19,274.08
COIN,2026-01-20,280.84
COIN,2026-01-21,275.70
COIN,2026-01-22,283.04
COIN,2026-01-23,267.63
COIN,2026-01-26,272.04
COIN,2026-01-27,268.51
COIN,2026-01-28,271.12
COIN,2026-01-29,275.00
COIN,2026-01-30,268.64
COIN,2026-02-02,268.32
COIN,2026-02-03,269.75
COIN,2026-02-04,273.06
COIN,2026-02-05,268.13
COIN,2026-02-06,262.95
COIN,2026-02-09,252.98
COIN,2026-02-10,265.96
COIN,2026-02-11,265.08
COIN,2026-02-12,264.04
COIN,2026-02-13,256.29
COIN,2026-02-16,261.19
COIN,2026-02-17,258.54
COIN,2026-02-18,266.10
COIN,2026-02-19,270.77
COIN,2026-02-20,271.03
COIN,2026-02-23,275.11
COIN,2026-02-24,269.14
COIN,2026-02-25,267.53
COIN,2026-02-26,264.59
COIN,2026-02-27,258.02
COIN,2026-03-02,258.24
COIN,2026-03-03,257.63
COIN,2026-03-04,265.16
COIN,2026-03-05,247.52
COIN,2026-03-06,244.33
COIN,2026-03-09,239.97
COIN,2026-03-10,237.87
COIN,2026-03-11,240.00
COIN,2026-03-12,242.07
COIN,2026-03-13,242.34
COIN,2026-03-16,240.17
COIN,2026-03-17,242.67
COIN,2026-03-18,244.54
COIN,2026-03-19,235.66
COIN,2026-03-20,234.55
COIN,2026-03-23,228.23
COIN,2026-03-24,222.95
COIN,2026-03-25,223.73
COIN,2026-03-26,224.12
COIN,2026-03-27,224.75
COIN,2026-03-30,220.93
COIN,2026-03-31,220.16
COIN,2026-04-01,216.26
COIN,2026-04-02,218.02
COIN,2026-04-03,221.14
COIN,2026-04-06,229.02
COIN,2026-04-07,234.94
COIN,2026-04-08,231.28
COIN,2026-04-09,229.29
COIN,2026-04-10,225.11
COIN,2026-04-13,226.61
COIN,2026-04-14,235.70
COIN,2026-04-15,239.17
COIN,2026-04-16,228.77
COIN,2026-04-17,223.14
COIN,2026-04-20,217.49
COIN,2026-04-21,219.85
COIN,2026-04-22,219.97
COIN,2026-04-23,221.41
COIN,2026-04-24,229.42
COIN,2026-04-27,225.74
COIN,2026-04-28,222.04
COIN,2026-04-29,230.88
COIN,2026-04-30,232.59
COIN,2026-05-01,229.09
COIN,2026-05-04,219.91
COIN,2026-05-05,213.33
COIN,2026-05-06,203.01
COIN,2026-05-07,203.40
COIN,2026-05-08,203.68
COIN,2026-05-11,207.84
COIN,2026-05-12,207.37
COIN,2026-05-13,204.60
COIN,2026-05-14,201.68
COIN,2026-05-15,209.45
COIN,2026-05-18,202.17
COIN,2026-05-19,202.98
COIN,2026-05-20,203.19
COIN,2026-05-21,205.81
COIN,2026-05-22,204.25
COIN,2026-05-25,206.40
COIN,2026-05-26,209.87
COIN,2026-05-27,209.37
COIN,2026-05-28,207.56
COIN,2026-05-29,206.90
COIN,2026-06-01,203.02
COIN,2026-06-02,202.28
COIN,2026-06-03,201.17
COIN,2026-06-04,202.12
COIN,2026-06-05,207.63
COIN,2026-06-08,213.17
COIN,2026-06-09,211.38
COIN,2026-06-10,214.05
COIN,2026-06-11,215.42
COIN,2026-06-12,218.82
COIN,2026-06-15,219.03
COIN,2026-06-16,220.31
COIN,2026-06-17,218.36
COIN,2026-06-18,215.05
COIN,2026-06-19,218.92
COIN,2026-06-22,224.72
COIN,2026-06-23,227.81
COIN,2026-06-24,229.92
COIN,2026-06-25,231.27
COIN,2026-06-26,229.31
COIN,2026-06-29,221.25
COIN,2026-06-30,224.31
COIN,2026-07-01,225.32
COIN,2026-07-02,222.94
COIN,2026-07-03,218.76
COIN,2026-07-06,224.47
COIN,2026-07-07,216.49
COIN,2026-07-08,224.23
COIN,2026-07-09,227.22
COIN,2026-07-10,238.11
COIN,2026-07-13,234.82
COIN,2026-07-14,234.84
COIN,2026-07-15,232.59
COIN,2026-07-16,233.43
COIN,2026-07-17,232.58
COIN,2026-07-20,229.22
COIN,2026-07-21,234.27
COIN,2026-07-22,230.72
COIN,2026-07-23,228.50
COIN,2026-07-24,231.15
COIN,2026-07-27,228.79
COIN,2026-07-28,226.92
COIN,2026-07-29,228.66
COIN,2026-07-30,227.10
COIN,2026-07-31,221.56
COIN,2026-08-03,221.22
COIN,2026-08-04,220.37
COIN,2026-08-05,228.00
COIN,2026-08-06,223.12
COIN,2026-08-07,227.56
COIN,2026-08-10,224.11
COIN,2026-08-11,222.63
COIN,2026-08-12,221.29
COIN,2026-08-13,222.61
COIN,2026-08-14,226.57
COIN,2026-08-17,234.62
COIN,2026-08-18,231.76
COIN,2026-08-19,238.05
COIN,2026-08-20,242.91
COIN,2026-08-21,246.99
COIN,2026-08-24,243.37
COIN,2026-08-25,247.88
COIN,2026-08-26,247.48
COIN,2026-08-27,249.36
COIN,2026-08-28,248.15
COIN,2026-08-31,251.58
COIN,2026-09-01,257.33
COIN,2026-09-02,263.28
COIN,2026-09-03,262.34
COIN,2026-09-04,267.70
CRWD,2025-06-02,375.22
CRWD,2025-06-03,365.40
CRWD,2025-06-04,369.56
CRWD,2025-06-05,374.14
CRWD,2025-06-06,385.44
CRWD,2025-06-09,387.79
CRWD,2025-06-10,384.27
CRWD,2025-06-11,378.35
CRWD,2025-06-12,369.08
CRWD,2025-06-13,374.93
CRWD,2025-06-16,373.35
CRWD,2025-06-17,368.19
CRWD,2025-06-18,372.30
CRWD,2025-06-19,366.80
CRWD,2025-06-20,363.79
CRWD,2025-06-23,360.65
CRWD,2025-06-24,372.78
CRWD,2025-06-25,383.88
CRWD,2025-06-26,382.87
CRWD,2025-06-27,371.04
CRWD,2025-06-30,373.29
CRWD,2025-07-01,374.02
CRWD,2025-07-02,376.83
CRWD,2025-07-03,381.29
CRWD,2025-07-04,379.05
CRWD,2025-07-07,386.27
CRWD,2025-07-08,392.94
CRWD,2025-07-09,394.80
CRWD,2025-07-10,391.80
CRWD,2025-07-11,388.24
CRWD,2025-07-14,393.83
CRWD,2025-07-15,385.37
CRWD,2025-07-16,384.35
CRWD,2025-07-17,378.79
CRWD,2025-07-18,368.43
CRWD,2025-07-21,373.07
CRWD,2025-07-22,373.08
CRWD,2025-07-23,373.55
CRWD,2025-07-24,380.28
CRWD,2025-07-25,369.12
CRWD,2025-07-28,368.82
CRWD,2025-07-29,371.14
CRWD,2025-07-30,377.52
CRWD,2025-07-31,369.52
CRWD,2025-08-01,375.01
CRWD,2025-08-04,376.86
CRWD,2025-08-05,387.27
CRWD,2025-08-06,396.30
CRWD,2025-08-07,400.87
CRWD,2025-08-08,418.30
CRWD,2025-08-11,418.51
CRWD,2025-08-12,415.18
CRWD,2025-08-13,412.57
CRWD,2025-08-14,405.03
CRWD,2025-08-15,405.01
CRWD,2025-08-18,390.01
CRWD,2025-08-19,389.56
CRWD,2025-08-20,393.09
CRWD,2025-08-21,401.09
CRWD,2025-08-22,398.51
CRWD,2025-08-25,409.79
CRWD,2025-08-26,404.67
CRWD,2025-08-27,403.80
CRWD,2025-08-28,388.85
CRWD,2025-08-29,383.13
CRWD,2025-09-01,377.27
CRWD,2025-09-02,388.48
CRWD,2025-09-03,392.71
CRWD,2025-09-04,384.45
CRWD,2025-09-05,388.66
CRWD,2025-09-08,392.52
CRWD,2025-09-09,390.94
CRWD,2025-09-10,391.32
CRWD,2025-09-11,389.19
CRWD,2025-09-12,385.28
CRWD,2025-09-15,372.14
CRWD,2025-09-16,371.68
CRWD,2025-09-17,381.20
CRWD,2025-09-18,392.07
CRWD,2025-09-19,390.14
CRWD,2025-09-22,384.66
CRWD,2025-09-23,383.27
CRWD,2025-09-24,390.19
CRWD,2025-09-25,393.08
CRWD,2025-09-26,388.81
CRWD,2025-09-29,391.76
CRWD,2025-09-30,390.39
CRWD,2025-10-01,394.53
CRWD,2025-10-02,391.60
CRWD,2025-10-03,380.56
CRWD,2025-10-06,381.19
CRWD,2025-10-07,387.05
CRWD,2025-10-08,378.89
CRWD,2025-10-09,378.30
CRWD,2025-10-10,384.98
CRWD,2025-10-13,382.37
CRWD,2025-10-14,377.72
CRWD,2025-10-15,392.87
CRWD,2025-10-16,399.44
CRWD,2025-10-17,407.65
CRWD,2025-10-20,400.35
CRWD,2025-10-21,413.30
CRWD,2025-10-22,400.18
CRWD,2025-10-23,396.35
CRWD,2025-10-24,402.27
CRWD,2025-10-27,412.91
CRWD,2025-10-28,405.65
CRWD,2025-10-29,400.62
CRWD,2025-10-30,402.37
CRWD,2025-10-31,387.48
CRWD,2025-11-03,392.50
CRWD,2025-11-04,396.99
CRWD,2025-11-05,393.74
CRWD,2025-11-06,398.07
CRWD,2025-11-07,404.28
CRWD,2025-11-10,406.93
CRWD,2025-11-11,411.27
CRWD,2025-11-12,423.58
CRWD,2025-11-13,419.88
CRWD,2025-11-14,421.42
CRWD,2025-11-17,417.37
CRWD,2025-11-18,425.97
CRWD,2025-11-19,422.83
CRWD,2025-11-20,426.94
CRWD,2025-11-21,428.30
CRWD,2025-11-24,429.08
CRWD,2025-11-25,443.59
CRWD,2025-11-26,443.09
CRWD,2025-11-27,455.50
CRWD,2025-11-28,463.03
CRWD,2025-12-01,475.11
CRWD,2025-12-02,473.84
CRWD,2025-12-03,482.60
CRWD,2025-12-04,489.92
CRWD,2025-12-05,484.36
CRWD,2025-12-08,487.14
CRWD,2025-12-09,486.19
CRWD,2025-12-10,486.11
CRWD,2025-12-11,498.60
CRWD,2025-12-12,491.92
CRWD,2025-12-15,476.19
CRWD,2025-12-16,460.41
CRWD,2025-12-17,456.63
CRWD,2025-12-18,451.18
CRWD,2025-12-19,451.55
CRWD,2025-12-22,456.72
CRWD,2025-12-23,472.49
CRWD,2025-12-24,475.56
CRWD,2025-12-25,480.07
CRWD,2025-12-26,473.51
CRWD,2025-12-29,479.07
CRWD,2025-12-30,491.89
CRWD,2025-12-31,504.87
CRWD,2026-01-01,486.11
CRWD,2026-01-02,494.72
CRWD,2026-01-05,510.09
CRWD,2026-01-06,518.49
CRWD,2026-01-07,503.82
CRWD,2026-01-08,501.11
CRWD,2026-01-09,507.04
CRWD,2026-01-12,511.37
CRWD,2026-01-13,503.65
CRWD,2026-01-14,495.27
CRWD,2026-01-15,504.75
CRWD,2026-01-16,492.05
CRWD,2026-01-19,505.90
CRWD,2026-01-20,506.36
CRWD,2026-01-21,509.57
CRWD,2026-01-22,496.75
CRWD,2026-01-23,491.31
CRWD,2026-01-26,498.09
CRWD,2026-01-27,484.25
CRWD,2026-01-28,503.81
CRWD,2026-01-29,490.46
CRWD,2026-01-30,479.19
CRWD,2026-02-02,479.84
CRWD,2026-02-03,484.54
CRWD,2026-02-04,491.63
CRWD,2026-02-05,488.38
CRWD,2026-02-06,486.69
CRWD,2026-02-09,484.74
CRWD,2026-02-10,479.63
CRWD,2026-02-11,456.11
CRWD,2026-02-12,464.78
CRWD,2026-02-13,467.27
CRWD,2026-02-16,468.95
CRWD,2026-02-17,463.53
CRWD,2026-02-18,466.01
CRWD,2026-02-19,466.14
CRWD,2026-02-20,465.70
CRWD,2026-02-23,475.84
CRWD,2026-02-24,460.34
CRWD,2026-02-25,462.81
CRWD,2026-02-26,453.58
CRWD,2026-02-27,451.05
CRWD,2026-03-02,464.28
CRWD,2026-03-03,454.85
CRWD,2026-03-04,454.22
CRWD,2026-03-05,449.30
CRWD,2026-03-06,457.74
CRWD,2026-03-09,449.36
CRWD,2026-03-10,435.07
CRWD,2026-03-11,439.60
CRWD,2026-03-12,436.84
CRWD,2026-03-13,434.40
CRWD,2026-03-16,443.64
CRWD,2026-03-17,436.31
CRWD,2026-03-18,433.41
CRWD,2026-03-19,434.87
CRWD,2026-03-20,438.55
CRWD,2026-03-23,434.43
CRWD,2026-03-24,443.30
CRWD,2026-03-25,462.62
CRWD,2026-03-26,459.23
CRWD,2026-03-27,475.97
CRWD,2026-03-30,456.94
CRWD,2026-03-31,469.53
CRWD,2026-04-01,466.67
CRWD,2026-04-02,468.15
CRWD,2026-04-03,465.34
CRWD,2026-04-06,459.90
CRWD,2026-04-07,448.86
CRWD,2026-04-08,445.70
CRWD,2026-04-09,457.03
CRWD,2026-04-10,467.28
CRWD,2026-04-13,464.40
CRWD,2026-04-14,459.94
CRWD,2026-04-15,453.98
CRWD,2026-04-16,443.76
CRWD,2026-04-17,459.37
CRWD,2026-04-20,465.47
CRWD,2026-04-21,466.76
CRWD,2026-04-22,462.60
CRWD,2026-04-23,453.77
CRWD,2026-04-24,465.48
CRWD,2026-04-27,472.71
CRWD,2026-04-28,464.31
CRWD,2026-04-29,473.38
CRWD,2026-04-30,463.56
CRWD,2026-05-01,469.52
CRWD,2026-05-04,461.11
CRWD,2026-05-05,457.68
CRWD,2026-05-06,462.28
CRWD,2026-05-07,466.36
CRWD,2026-05-08,475.66
CRWD,2026-05-11,468.27
CRWD,2026-05-12,482.72
CRWD,2026-05-13,495.43
CRWD,2026-05-14,495.60
CRWD,2026-05-15,500.29
CRWD,2026-05-18,493.08
CRWD,2026-05-19,491.90
CRWD,2026-05-20,479.68
CRWD,2026-05-21,480.76
CRWD,2026-05-22,482.85
CRWD,2026-05-25,495.57
CRWD,2026-05-26,504.85
CRWD,2026-05-27,513.01
CRWD,2026-05-28,509.72
CRWD,2026-05-29,507.79
CRWD,2026-06-01,504.74
CRWD,2026-06-02,507.16
CRWD,2026-06-03,488.63
CRWD,2026-06-04,496.12
CRWD,2026-06-05,481.46
CRWD,2026-06-08,476.95
CRWD,2026-06-09,477.41
CRWD,2026-06-10,472.95
CRWD,2026-06-11,488.30
CRWD,2026-06-12,487.65
CRWD,2026-06-15,502.62
CRWD,2026-06-16,514.21
CRWD,2026-06-17,509.58
CRWD,2026-06-18,513.77
CRWD,2026-06-19,526.85
CRWD,2026-06-22,523.76
CRWD,2026-06-23,524.93
CRWD,2026-06-24,519.58
CRWD,2026-06-25,520.44
CRWD,2026-06-26,517.18
CRWD,2026-06-29,518.28
CRWD,2026-06-30,528.52
CRWD,2026-07-01,542.94
CRWD,2026-07-02,544.61
CRWD,2026-07-03,547.01
CRWD,2026-07-06,556.30
CRWD,2026-07-07,553.49
CRWD,2026-07-08,542.54
CRWD,2026-07-09,554.39
CRWD,2026-07-10,544.73
CRWD,2026-07-13,554.75
CRWD,2026-07-14,544.77
CRWD,2026-07-15,564.21
CRWD,2026-07-16,553.20
CRWD,2026-07-17,562.51
CRWD,2026-07-20,579.00
CRWD,2026-07-21,568.62
CRWD,2026-07-22,585.14
CRWD,2026-07-23,576.20
CRWD,2026-07-24,556.99
CRWD,2026-07-27,565.01
CRWD,2026-07-28,572.91
CRWD,2026-07-29,570.99
CRWD,2026-07-30,543.61
CRWD,2026-07-31,543.32
CRWD,2026-08-03,540.42
CRWD,2026-08-04,536.77
CRWD,2026-08-05,534.07
CRWD,2026-08-06,516.00
CRWD,2026-08-07,510.65
CRWD,2026-08-10,528.57
CRWD,2026-08-11,544.55
CRWD,2026-08-12,541.06
CRWD,2026-08-13,533.95
CRWD,2026-08-14,538.29
CRWD,2026-08-17,549.55
CRWD,2026-08-18,557.47
CRWD,2026-08-19,545.26
CRWD,2026-08-20,547.24
CRWD,2026-08-21,549.01
CRWD,2026-08-24,564.46
CRWD,2026-08-25,577.72
CRWD,2026-08-26,583.84
CRWD,2026-08-27,597.78
CRWD,2026-08-28,593.56
CRWD,2026-08-31,611.41
CRWD,2026-09-01,606.73
CRWD,2026-09-02,611.66
CRWD,2026-09-03,622.77
CRWD,2026-09-04,612.18
DIS,2025-06-02,279.33
DIS,2025-06-03,279.20
DIS,2025-06-04,277.60
DIS,2025-06-05,280.42
DIS,2025-06-06,269.18
DIS,2025-06-09,269.21
DIS,2025-06-10,269.82
DIS,2025-06-11,268.59
DIS,2025-06-12,272.84
DIS,2025-06-13,282.18
DIS,2025-06-16,279.92
DIS,2025-06-17,275.03
DIS,2025-06-18,272.00
DIS,2025-06-19,272.64
DIS,2025-06-20,275.86
DIS,2025-06-23,271.46
DIS,2025-06-24,276.82
DIS,2025-06-25,271.53
DIS,2025-06-26,276.00
DIS,2025-06-27,278.42
DIS,2025-06-30,281.06
DIS,2025-07-01,292.86
DIS,2025-07-02,291.54
DIS,2025-07-03,290.78
DIS,2025-07-04,293.61
DIS,2025-07-07,298.64
DIS,2025-07-08,291.14
DIS,2025-07-09,292.84
DIS,2025-07-10,288.84
DIS,2025-07-11,292.50
DIS,2025-07-14,300.36
DIS,2025-07-15,300.82
DIS,2025-07-16,300.38
DIS,2025-07-17,301.61
DIS,2025-07-18,284.67
DIS,2025-07-21,289.04
DIS,2025-07-22,292.32
DIS,2025-07-23,293.41
DIS,2025-07-24,291.35
DIS,2025-07-25,287.43
DIS,2025-07-28,286.60
DIS,2025-07-29,293.44
DIS,2025-07-30,293.03
DIS,2025-07-31,300.78
DIS,2025-08-01,286.10
DIS,2025-08-04,283.73
DIS,2025-08-05,285.39
DIS,2025-08-06,285.48
DIS,2025-08-07,276.54
DIS,2025-08-08,273.17
DIS,2025-08-11,279.88
DIS,2025-08-12,273.10
DIS,2025-08-13,268.06
DIS,2025-08-14,262.57
DIS,2025-08-15,259.93
DIS,2025-08-18,263.29
DIS,2025-08-19,266.44
DIS,2025-08-20,256.21
DIS,2025-08-21,263.54
DIS,2025-08-22,260.69
DIS,2025-08-25,257.89
DIS,2025-08-26,266.30
DIS,2025-08-27,266.03
DIS,2025-08-28,259.85
DIS,2025-08-29,256.81
DIS,2025-09-01,253.37
DIS,2025-09-02,248.61
DIS,2025-09-03,247.16
DIS,2025-09-04,251.46
DIS,2025-09-05,253.30
DIS,2025-09-08,246.73
DIS,2025-09-09,260.07
DIS,2025-09-10,255.28
DIS,2025-09-11,255.99
DIS,2025-09-12,256.29
DIS,2025-09-15,260.18
DIS,2025-09-16,258.69
DIS,2025-09-17,261.11
DIS,2025-09-18,271.81
DIS,2025-09-19,272.47
DIS,2025-09-22,266.96
DIS,2025-09-23,268.79
DIS,2025-09-24,264.80
DIS,2025-09-25,263.07
DIS,2025-09-26,264.17
DIS,2025-09-29,266.03
DIS,2025-09-30,264.73
DIS,2025-10-01,269.19
DIS,2025-10-02,268.35
DIS,2025-10-03,261.78
DIS,2025-10-06,266.34
DIS,2025-10-07,264.63
DIS,2025-10-08,270.95
DIS,2025-10-09,267.70
DIS,2025-10-10,270.79
DIS,2025-10-13,272.59
DIS,2025-10-14,258.63
DIS,2025-10-15,251.36
DIS,2025-10-16,246.10
DIS,2025-10-17,252.89
DIS,2025-10-20,243.86
DIS,2025-10-21,248.28
DIS,2025-10-22,253.63
DIS,2025-10-23,256.18
DIS,2025-10-24,259.65
DIS,2025-10-27,257.32
DIS,2025-10-28,257.42
DIS,2025-10-29,258.68
DIS,2025-10-30,260.91
DIS,2025-10-31,264.60
DIS,2025-11-03,263.71
DIS,2025-11-04,260.30
DIS,2025-11-05,257.64
DIS,2025-11-06,259.82
DIS,2025-11-07,251.68
DIS,2025-11-10,245.77
DIS,2025-11-11,243.97
DIS,2025-11-12,241.51
DIS,2025-11-13,240.40
DIS,2025-11-14,228.24
DIS,2025-11-17,226.88
DIS,2025-11-18,225.92
DIS,2025-11-19,229.41
DIS,2025-11-20,220.82
DIS,2025-11-21,219.65
DIS,2025-11-24,221.78
DIS,2025-11-25,223.99
DIS,2025-11-26,229.26
DIS,2025-11-27,234.04
DIS,2025-11-28,229.45
DIS,2025-12-01,232.39
DIS,2025-12-02,231.03
DIS,2025-12-03,227.59
DIS,2025-12-04,234.43
DIS,2025-12-05,231.73
DIS,2025-12-08,228.06
DIS,2025-12-09,226.40
DIS,2025-12-10,222.82
DIS,2025-12-11,227.26
DIS,2025-12-12,229.05
DIS,2025-12-15,235.35
DIS,2025-12-16,237.34
DIS,2025-12-17,234.67
DIS,2025-12-18,239.53
DIS,2025-12-19,236.65
DIS,2025-12-22,234.68
DIS,2025-12-23,234.06
DIS,2025-12-24,234.37
DIS,2025-12-25,239.89
DIS,2025-12-26,237.23
DIS,2025-12-29,238.97
DIS,2025-12-30,238.98
DIS,2025-12-31,233.33
DIS,2026-01-01,228.55
DIS,2026-01-02,227.71
DIS,2026-01-05,229.61
DIS,2026-01-06,231.16
DIS,2026-01-07,233.42
DIS,2026-01-08,233.78
DIS,2026-01-09,231.89
DIS,2026-01-12,233.93
DIS,2026-01-13,229.54
DIS,2026-01-14,223.74
DIS,2026-01-15,222.43
DIS,2026-01-16,216.43
DIS,2026-01-19,214.41
DIS,2026-01-20,211.44
DIS,2026-01-21,209.31
DIS,2026-01-22,209.24
DIS,2026-01-23,206.14
DIS,2026-01-26,204.57
DIS,2026-01-27,197.95
DIS,2026-01-28,198.61
DIS,2026-01-29,195.36
DIS,2026-01-30,196.99
DIS,2026-02-02,186.37
DIS,2026-02-03,183.59
DIS,2026-02-04,184.56
DIS,2026-02-05,175.98
DIS,2026-02-06,174.85
DIS,2026-02-09,175.27
DIS,2026-02-10,175.72
DIS,2026-02-11,170.75
DIS,2026-02-12,171.60
DIS,2026-02-13,172.19
DIS,2026-02-16,169.06
DIS,2026-02-17,171.59
DIS,2026-02-18,171.52
DIS,2026-02-19,171.68
DIS,2026-02-20,170.29
DIS,2026-02-23,172.19
DIS,2026-02-24,172.61
DIS,2026-02-25,176.49
DIS,2026-02-26,178.13
DIS,2026-02-27,176.11
DIS,2026-03-02,175.45
DIS,2026-03-03,178.66
DIS,2026-03-04,177.50
DIS,2026-03-05,178.92
DIS,2026-03-06,180.82
DIS,2026-03-09,180.30
DIS,2026-03-10,172.29
DIS,2026-03-11,172.83
DIS,2026-03-12,173.64
DIS,2026-03-13,174.20
DIS,2026-03-16,171.74
DIS,2026-03-17,175.85
DIS,2026-03-18,175.49
DIS,2026-03-19,173.48
DIS,2026-03-20,171.17
DIS,2026-03-23,172.45
DIS,2026-03-24,168.91
DIS,2026-03-25,165.74
DIS,2026-03-26,172.25
DIS,2026-03-27,176.71
DIS,2026-03-30,180.41
DIS,2026-03-31,185.28
DIS,2026-04-01,187.52
DIS,2026-04-02,181.51
DIS,2026-04-03,185.81
DIS,2026-04-06,190.37
DIS,2026-04-07,192.28
DIS,2026-04-08,185.11
DIS,2026-04-09,189.67
DIS,2026-04-10,194.79
DIS,2026-04-13,193.05
DIS,2026-04-14,193.63
DIS,2026-04-15,196.65
DIS,2026-04-16,196.44
DIS,2026-04-17,200.73
DIS,2026-04-20,201.16
DIS,2026-04-21,203.97
DIS,2026-04-22,204.42
DIS,2026-04-23,198.68
DIS,2026-04-24,194.97
DIS,2026-04-27,207.04
DIS,2026-04-28,208.28
DIS,2026-04-29,213.68
DIS,2026-04-30,218.52
DIS,2026-05-01,225.91
DIS,2026-05-04,228.46
DIS,2026-05-05,225.95
DIS,2026-05-06,226.16
DIS,2026-05-07,217.88
DIS,2026-05-08,217.21
DIS,2026-05-11,221.15
DIS,2026-05-12,212.00
DIS,2026-05-13,212.93
DIS,2026-05-14,216.45
DIS,2026-05-15,222.15
DIS,2026-05-18,218.29
DIS,2026-05-19,215.65
DIS,2026-05-20,207.93
DIS,2026-05-21,203.93
DIS,2026-05-22,206.16
DIS,2026-05-25,214.56
DIS,2026-05-26,209.91
DIS,2026-05-27,215.65
DIS,2026-05-28,217.56
DIS,2026-05-29,215.59
DIS,2026-06-01,224.90
DIS,2026-06-02,214.02
DIS,2026-06-03,213.86
DIS,2026-06-04,214.89
DIS,2026-06-05,223.90
DIS,2026-06-08,231.85
DIS,2026-06-09,242.17
DIS,2026-06-10,242.94
DIS,2026-06-11,247.71
DIS,2026-06-12,254.42
DIS,2026-06-15,257.09
DIS,2026-06-16,259.04
DIS,2026-06-17,258.26
DIS,2026-06-18,256.36
DIS,2026-06-19,250.38
DIS,2026-06-22,260.01
DIS,2026-06-23,257.90
DIS,2026-06-24,247.62
DIS,2026-06-25,249.04
DIS,2026-06-26,249.01
DIS,2026-06-29,250.01
DIS,2026-06-30,258.97
DIS,2026-07-01,258.58
DIS,2026-07-02,257.40
DIS,2026-07-03,253.81
DIS,2026-07-06,253.84
DIS,2026-07-07,251.82
DIS,2026-07-08,252.97
DIS,2026-07-09,268.48
DIS,2026-07-10,270.69
DIS,2026-07-13,266.33
DIS,2026-07-14,276.48
DIS,2026-07-15,281.28
DIS,2026-07-16,285.91
DIS,2026-07-17,290.05
DIS,2026-07-20,294.84
DIS,2026-07-21,298.88
DIS,2026-07-22,307.25
DIS,2026-07-23,313.44
DIS,2026-07-24,321.84
DIS,2026-07-27,318.88
DIS,2026-07-28,319.05
DIS,2026-07-29,314.71
DIS,2026-07-30,320.75
DIS,2026-07-31,326.12
DIS,2026-08-03,323.35
DIS,2026-08-04,327.21
DIS,2026-08-05,344.12
DIS,2026-08-06,352.60
DIS,2026-08-07,345.14
DIS,2026-08-10,344.72
DIS,2026-08-11,349.18
DIS,2026-08-12,349.13
DIS,2026-08-13,351.96
DIS,2026-08-14,360.25
DIS,2026-08-17,362.76
DIS,2026-08-18,355.21
DIS,2026-08-19,360.36
DIS,2026-08-20,359.88
DIS,2026-08-21,360.88
DIS,2026-08-24,357.11
DIS,2026-08-25,347.69
DIS,2026-08-26,339.45
DIS,2026-08-27,337.31
DIS,2026-08-28,330.47
DIS,2026-08-31,313.19
DIS,2026-09-01,320.37
DIS,2026-09-02,313.30
DIS,2026-09-03,309.06
DIS,2026-09-04,312.43
GOOGL,2025-06-02,169.86
GOOGL,2025-06-03,172.17
GOOGL,2025-06-04,170.69
GOOGL,2025-06-05,171.84
GOOGL,2025-06-06,172.32
GOOGL,2025-06-09,172.45
GOOGL,2025-06-10,166.45
GOOGL,2025-06-11,161.81
GOOGL,2025-06-12,161.80
GOOGL,2025-06-13,166.37
GOOGL,2025-06-16,164.73
GOOGL,2025-06-17,166.57
GOOGL,2025-06-18,167.22
GOOGL,2025-06-19,168.92
GOOGL,2025-06-20,172.32
GOOGL,2025-06-23,167.42
GOOGL,2025-06-24,168.44
GOOGL,2025-06-25,167.99
GOOGL,2025-06-26,167.10
GOOGL,2025-06-27,164.44
GOOGL,2025-06-30,162.05
GOOGL,2025-07-01,158.93
GOOGL,2025-07-02,155.65
GOOGL,2025-07-03,163.38
GOOGL,2025-07-04,168.92
GOOGL,2025-07-07,169.08
GOOGL,2025-07-08,171.65
GOOGL,2025-07-09,168.52
GOOGL,2025-07-10,159.52
GOOGL,2025-07-11,153.97
GOOGL,2025-07-14,154.52
GOOGL,2025-07-15,158.97
GOOGL,2025-07-16,158.96
GOOGL,2025-07-17,155.98
GOOGL,2025-07-18,155.37
GOOGL,2025-07-21,152.47
GOOGL,2025-07-22,148.44
GOOGL,2025-07-23,147.88
GOOGL,2025-07-24,146.84
GOOGL,2025-07-25,144.63
GOOGL,2025-07-28,142.25
GOOGL,2025-07-29,139.78
GOOGL,2025-07-30,140.53
GOOGL,2025-07-31,144.45
GOOGL,2025-08-01,143.97
GOOGL,2025-08-04,150.35
GOOGL,2025-08-05,145.73
GOOGL,2025-08-06,146.62
GOOGL,2025-08-07,143.43
GOOGL,2025-08-08,143.09
GOOGL,2025-08-11,143.48
GOOGL,2025-08-12,145.15
GOOGL,2025-08-13,148.46
GOOGL,2025-08-14,146.97
GOOGL,2025-08-15,143.52
GOOGL,2025-08-18,143.11
GOOGL,2025-08-19,144.04
GOOGL,2025-08-20,142.19
GOOGL,2025-08-21,144.77
GOOGL,2025-08-22,149.63
GOOGL,2025-08-25,145.60
GOOGL,2025-08-26,146.74
GOOGL,2025-08-27,149.76
GOOGL,2025-08-28,144.27
GOOGL,2025-08-29,144.96
GOOGL,2025-09-01,144.43
GOOGL,2025-09-02,140.53
GOOGL,2025-09-03,144.25
GOOGL,2025-09-04,144.97
GOOGL,2025-09-05,143.73
GOOGL,2025-09-08,145.08
GOOGL,2025-09-09,147.01
GOOGL,2025-09-10,149.33
GOOGL,2025-09-11,151.13
GOOGL,2025-09-12,152.45
GOOGL,2025-09-15,149.07
GOOGL,2025-09-16,147.96
GOOGL,2025-09-17,148.44
GOOGL,2025-09-18,140.55
GOOGL,2025-09-19,146.50
GOOGL,2025-09-22,145.53
GOOGL,2025-09-23,142.65
GOOGL,2025-09-24,137.70
GOOGL,2025-09-25,138.47
GOOGL,2025-09-26,138.67
GOOGL,2025-09-29,137.19
GOOGL,2025-09-30,136.19
GOOGL,2025-10-01,133.93
GOOGL,2025-10-02,132.08
GOOGL,2025-10-03,131.93
GOOGL,2025-10-06,130.37
GOOGL,2025-10-07,132.20
GOOGL,2025-10-08,131.93
GOOGL,2025-10-09,132.37
GOOGL,2025-10-10,133.52
GOOGL,2025-10-13,136.93
GOOGL,2025-10-14,138.64
GOOGL,2025-10-15,139.37
GOOGL,2025-10-16,139.03
GOOGL,2025-10-17,136.95
GOOGL,2025-10-20,136.14
GOOGL,2025-10-21,138.06
GOOGL,2025-10-22,138.77
GOOGL,2025-10-23,137.83
GOOGL,2025-10-24,134.36
GOOGL,2025-10-27,130.45
GOOGL,2025-10-28,131.37
GOOGL,2025-10-29,134.10
GOOGL,2025-10-30,135.18
GOOGL,2025-10-31,131.66
GOOGL,2025-11-03,131.22
GOOGL,2025-11-04,131.89
GOOGL,2025-11-05,129.63
GOOGL,2025-11-06,130.60
GOOGL,2025-11-07,130.19
GOOGL,2025-11-10,128.17
GOOGL,2025-11-11,125.17
GOOGL,2025-11-12,127.25
GOOGL,2025-11-13,128.23
GOOGL,2025-11-14,126.11
GOOGL,2025-11-17,123.71
GOOGL,2025-11-18,125.95
GOOGL,2025-11-19,127.51
GOOGL,2025-11-20,126.85
GOOGL,2025-11-21,130.89
GOOGL,2025-11-24,130.25
GOOGL,2025-11-25,127.67
GOOGL,2025-11-26,130.49
GOOGL,2025-11-27,130.11
GOOGL,2025-11-28,131.08
GOOGL,2025-12-01,131.28
GOOGL,2025-12-02,128.82
GOOGL,2025-12-03,125.94
GOOGL,2025-12-04,125.56
GOOGL,2025-12-05,129.09
GOOGL,2025-12-08,126.67
GOOGL,2025-12-09,130.12
GOOGL,2025-12-10,130.77
GOOGL,2025-12-11,128.04
GOOGL,2025-12-12,128.81
GOOGL,2025-12-15,130.33
GOOGL,2025-12-16,128.15
GOOGL,2025-12-17,122.93
GOOGL,2025-12-18,123.88
GOOGL,2025-12-19,121.29
GOOGL,2025-12-22,122.43
GOOGL,2025-12-23,117.97
GOOGL,2025-12-24,117.73
GOOGL,2025-12-25,115.97
GOOGL,2025-12-26,112.71
GOOGL,2025-12-29,112.27
GOOGL,2025-12-30,112.73
GOOGL,2025-12-31,111.59
GOOGL,2026-01-01,109.12
GOOGL,2026-01-02,109.65
GOOGL,2026-01-05,106.00
GOOGL,2026-01-06,107.19
GOOGL,2026-01-07,108.29
GOOGL,2026-01-08,111.91
GOOGL,2026-01-09,113.92
GOOGL,2026-01-12,114.79
GOOGL,2026-01-13,115.47
GOOGL,2026-01-14,115.62
GOOGL,2026-01-15,112.73
GOOGL,2026-01-16,116.02
GOOGL,2026-01-19,117.30
GOOGL,2026-01-20,116.74
GOOGL,2026-01-21,114.23
GOOGL,2026-01-22,117.61
GOOGL,2026-01-23,118.92
GOOGL,2026-01-26,116.27
GOOGL,2026-01-27,117.87
GOOGL,2026-01-28,122.31
GOOGL,2026-01-29,122.35
GOOGL,2026-01-30,123.39
GOOGL,2026-02-02,122.49
GOOGL,2026-02-03,121.09
GOOGL,2026-02-04,123.71
GOOGL,2026-02-05,131.20
GOOGL,2026-02-06,131.60
GOOGL,2026-02-09,131.39
GOOGL,2026-02-10,133.51
GOOGL,2026-02-11,132.82
GOOGL,2026-02-12,134.81
GOOGL,2026-02-13,137.08
GOOGL,2026-02-16,134.48
GOOGL,2026-02-17,131.78
GOOGL,2026-02-18,131.69
GOOGL,2026-02-19,133.92
GOOGL,2026-02-20,134.75
GOOGL,2026-02-23,138.10
GOOGL,2026-02-24,134.51
GOOGL,2026-02-25,135.90
GOOGL,2026-02-26,134.37
GOOGL,2026-02-27,134.73
GOOGL,2026-03-02,135.68
GOOGL,2026-03-03,133.22
GOOGL,2026-03-04,132.73
GOOGL,2026-03-05,129.84
GOOGL,2026-03-06,130.61
GOOGL,2026-03-09,128.55
GOOGL,2026-03-10,127.42
GOOGL,2026-03-11,128.06
GOOGL,2026-03-12,126.53
GOOGL,2026-03-13,129.45
GOOGL,2026-03-16,127.95
GOOGL,2026-03-17,130.16
GOOGL,2026-03-18,130.97
GOOGL,2026-03-19,128.44
GOOGL,2026-03-20,128.00
GOOGL,2026-03-23,126.02
GOOGL,2026-03-24,125.23
GOOGL,2026-03-25,124.67
GOOGL,2026-03-26,129.16
GOOGL,2026-03-27,128.21
GOOGL,2026-03-30,132.21
GOOGL,2026-03-31,133.46
GOOGL,2026-04-01,130.18
GOOGL,2026-04-02,124.44
GOOGL,2026-04-03,126.17
GOOGL,2026-04-06,121.40
GOOGL,2026-04-07,123.18
GOOGL,2026-04-08,125.73
GOOGL,2026-04-09,126.78
GOOGL,2026-04-10,126.36
GOOGL,2026-04-13,125.85
GOOGL,2026-04-14,126.57
GOOGL,2026-04-15,125.93
GOOGL,2026-04-16,124.72
GOOGL,2026-04-17,123.92
GOOGL,2026-04-20,126.83
GOOGL,2026-04-21,125.40
GOOGL,2026-04-22,126.42
GOOGL,2026-04-23,123.69
GOOGL,2026-04-24,122.08
GOOGL,2026-04-27,118.93
GOOGL,2026-04-28,118.56
GOOGL,2026-04-29,120.22
GOOGL,2026-04-30,121.02
GOOGL,2026-05-01,119.96
GOOGL,2026-05-04,121.47
GOOGL,2026-05-05,120.75
GOOGL,2026-05-06,121.71
GOOGL,2026-05-07,122.45
GOOGL,2026-05-08,123.83
GOOGL,2026-05-11,117.99
GOOGL,2026-05-12,115.10
GOOGL,2026-05-13,116.91
GOOGL,2026-05-14,116.76
GOOGL,2026-05-15,121.92
GOOGL,2026-05-18,121.46
GOOGL,2026-05-19,120.26
GOOGL,2026-05-20,123.83
GOOGL,2026-05-21,125.25
GOOGL,2026-05-22,129.95
GOOGL,2026-05-25,131.33
GOOGL,2026-05-26,130.92
GOOGL,2026-05-27,132.85
GOOGL,2026-05-28,130.93
GOOGL,2026-05-29,129.90
GOOGL,2026-06-01,128.60
GOOGL,2026-06-02,128.15
GOOGL,2026-06-03,130.18
GOOGL,2026-06-04,129.07
GOOGL,2026-06-05,129.97
GOOGL,2026-06-08,128.82
GOOGL,2026-06-09,131.12
GOOGL,2026-06-10,124.23
GOOGL,2026-06-11,123.82
GOOGL,2026-06-12,124.32
GOOGL,2026-06-15,121.82
GOOGL,2026-06-16,124.31
GOOGL,2026-06-17,124.92
GOOGL,2026-06-18,128.11
GOOGL,2026-06-19,130.59
GOOGL,2026-06-22,132.31
GOOGL,2026-06-23,132.03
GOOGL,2026-06-24,129.36
GOOGL,2026-06-25,128.91
GOOGL,2026-06-26,127.86
GOOGL,2026-06-29,128.58
GOOGL,2026-06-30,127.52
GOOGL,2026-07-01,135.15
GOOGL,2026-07-02,131.08
GOOGL,2026-07-03,134.15
GOOGL,2026-07-06,133.04
GOOGL,2026-07-07,132.52
GOOGL,2026-07-08,134.99
GOOGL,2026-07-09,135.10
GOOGL,2026-07-10,132.04
GOOGL,2026-07-13,133.20
GOOGL,2026-07-14,132.80
GOOGL,2026-07-15,127.62
GOOGL,2026-07-16,128.20
GOOGL,2026-07-17,125.69
GOOGL,2026-07-20,123.98
GOOGL,2026-07-21,125.23
GOOGL,2026-07-22,126.05
GOOGL,2026-07-23,125.44
GOOGL,2026-07-24,130.79
GOOGL,2026-07-27,131.95
GOOGL,2026-07-28,130.49
GOOGL,2026-07-29,131.19
GOOGL,2026-07-30,130.98
GOOGL,2026-07-31,125.50
GOOGL,2026-08-03,121.78
GOOGL,2026-08-04,118.61
GOOGL,2026-08-05,123.43
GOOGL,2026-08-06,123.08
GOOGL,2026-08-07,122.52
GOOGL,2026-08-10,121.28
GOOGL,2026-08-11,123.67
GOOGL,2026-08-12,123.83
GOOGL,2026-08-13,128.00
GOOGL,2026-08-14,130.05
GOOGL,2026-08-17,134.28
GOOGL,2026-08-18,134.08
GOOGL,2026-08-19,135.15
GOOGL,2026-08-20,134.13
GOOGL,2026-08-21,133.79
GOOGL,2026-08-24,129.43
GOOGL,2026-08-25,128.08
GOOGL,2026-08-26,125.82
GOOGL,2026-08-27,124.34
GOOGL,2026-08-28,127.35
GOOGL,2026-08-31,128.09
GOOGL,2026-09-01,131.22
GOOGL,2026-09-02,133.49
GOOGL,2026-09-03,135.96
GOOGL,2026-09-04,138.70
HOOD,2025-06-02,145.42
HOOD,2025-06-03,143.94
HOOD,2025-06-04,147.27
HOOD,2025-06-05,153.42
HOOD,2025-06-06,150.53
HOOD,2025-06-09,155.58
HOOD,2025-06-10,158.08
HOOD,2025-06-11,155.51
HOOD,2025-06-12,156.33
HOOD,2025-06-13,157.46
HOOD,2025-06-16,158.61
HOOD,2025-06-17,157.53
HOOD,2025-06-18,153.63
HOOD,2025-06-19,153.73
HOOD,2025-06-20,156.29
HOOD,2025-06-23,158.66
HOOD,2025-06-24,160.69
HOOD,2025-06-25,164.11
HOOD,2025-06-26,160.99
HOOD,2025-06-27,160.86
HOOD,2025-06-30,161.93
HOOD,2025-07-01,165.05
HOOD,2025-07-02,165.56
HOOD,2025-07-03,167.22
HOOD,2025-07-04,167.66
HOOD,2025-07-07,174.44
HOOD,2025-07-08,167.11
HOOD,2025-07-09,167.04
HOOD,2025-07-10,175.02
HOOD,2025-07-11,175.82
HOOD,2025-07-14,169.62
HOOD,2025-07-15,170.07
HOOD,2025-07-16,165.38
HOOD,2025-07-17,163.22
HOOD,2025-07-18,163.94
HOOD,2025-07-21,169.36
HOOD,2025-07-22,170.88
HOOD,2025-07-23,173.09
HOOD,2025-07-24,176.49
HOOD,2025-07-25,177.18
HOOD,2025-07-28,174.27
HOOD,2025-07-29,173.95
HOOD,2025-07-30,175.08
HOOD,2025-07-31,174.16
HOOD,2025-08-01,171.93
HOOD,2025-08-04,170.75
HOOD,2025-08-05,165.82
HOOD,2025-08-06,162.55
HOOD,2025-08-07,162.28
HOOD,2025-08-08,161.16
HOOD,2025-08-11,161.28
HOOD,2025-08-12,165.65
HOOD,2025-08-13,166.61
HOOD,2025-08-14,166.52
HOOD,2025-08-15,162.76
HOOD,2025-08-18,159.39
HOOD,2025-08-19,160.55
HOOD,2025-08-20,157.86
HOOD,2025-08-21,159.18
HOOD,2025-08-22,155.89
HOOD,2025-08-25,156.30
HOOD,2025-08-26,156.09
HOOD,2025-08-27,159.09
HOOD,2025-08-28,157.90
HOOD,2025-08-29,156.78
HOOD,2025-09-01,157.53
HOOD,2025-09-02,157.70
HOOD,2025-09-03,162.84
HOOD,2025-09-04,162.04
HOOD,2025-09-05,160.37
HOOD,2025-09-08,159.40
HOOD,2025-09-09,160.86
HOOD,2025-09-10,161.59
HOOD,2025-09-11,163.75
HOOD,2025-09-12,159.40
HOOD,2025-09-15,167.01
HOOD,2025-09-16,172.93
HOOD,2025-09-17,172.84
HOOD,2025-09-18,168.83
HOOD,2025-09-19,169.34
HOOD,2025-09-22,170.70
HOOD,2025-09-23,163.37
HOOD,2025-09-24,163.42
HOOD,2025-09-25,158.78
HOOD,2025-09-26,160.19
HOOD,2025-09-29,164.46
HOOD,2025-09-30,167.74
HOOD,2025-10-01,162.88
HOOD,2025-10-02,167.22
HOOD,2025-10-03,170.15
HOOD,2025-10-06,168.98
HOOD,2025-10-07,170.62
HOOD,2025-10-08,175.61
HOOD,2025-10-09,174.49
HOOD,2025-10-10,174.45
HOOD,2025-10-13,172.58
HOOD,2025-10-14,176.43
HOOD,2025-10-15,169.13
HOOD,2025-10-16,173.76
HOOD,2025-10-17,170.53
HOOD,2025-10-20,173.58
HOOD,2025-10-21,168.16
HOOD,2025-10-22,165.13
HOOD,2025-10-23,163.24
HOOD,2025-10-24,165.85
HOOD,2025-10-27,160.69
HOOD,2025-10-28,162.56
HOOD,2025-10-29,160.58
HOOD,2025-10-30,164.43
HOOD,2025-10-31,163.45
HOOD,2025-11-03,164.99
HOOD,2025-11-04,164.45
HOOD,2025-11-05,170.13
HOOD,2025-11-06,168.96
HOOD,2025-11-07,168.89
HOOD,2025-11-10,175.35
HOOD,2025-11-11,175.62
HOOD,2025-11-12,177.94
HOOD,2025-11-13,175.43
HOOD,2025-11-14,176.11
HOOD,2025-11-17,168.43
HOOD,2025-11-18,168.78
HOOD,2025-11-19,166.69
HOOD,2025-11-20,161.88
HOOD,2025-11-21,157.47
HOOD,2025-11-24,160.94
HOOD,2025-11-25,162.27
HOOD,2025-11-26,157.54
HOOD,2025-11-27,163.05
HOOD,2025-11-28,160.88
HOOD,2025-12-01,159.74
HOOD,2025-12-02,160.51
HOOD,2025-12-03,157.00
HOOD,2025-12-04,152.12
HOOD,2025-12-05,149.95
HOOD,2025-12-08,153.37
HOOD,2025-12-09,156.18
HOOD,2025-12-10,151.44
HOOD,2025-12-11,154.96
HOOD,2025-12-12,155.07
HOOD,2025-12-15,156.57
HOOD,2025-12-16,156.73
HOOD,2025-12-17,157.99
HOOD,2025-12-18,154.95
HOOD,2025-12-19,152.25
HOOD,2025-12-22,150.20
HOOD,2025-12-23,149.14
HOOD,2025-12-24,150.92
HOOD,2025-12-25,147.40
HOOD,2025-12-26,151.93
HOOD,2025-12-29,150.09
HOOD,2025-12-30,148.40
HOOD,2025-12-31,150.41
HOOD,2026-01-01,151.67
HOOD,2026-01-02,150.69
HOOD,2026-01-05,147.60
HOOD,2026-01-06,144.76
HOOD,2026-01-07,140.32
HOOD,2026-01-08,143.41
HOOD,2026-01-09,146.41
HOOD,2026-01-12,151.68
HOOD,2026-01-13,153.14
HOOD,2026-01-14,154.13
HOOD,2026-01-15,156.39
HOOD,2026-01-16,159.26
HOOD,2026-01-19,158.47
HOOD,2026-01-20,159.55
HOOD,2026-01-21,166.18
HOOD,2026-01-22,160.77
HOOD,2026-01-23,156.43
HOOD,2026-01-26,153.53
HOOD,2026-01-27,155.77
HOOD,2026-01-28,159.34
HOOD,2026-01-29,158.31
HOOD,2026-01-30,160.36
HOOD,2026-02-02,160.22
HOOD,2026-02-03,161.15
HOOD,2026-02-04,159.48
HOOD,2026-02-05,159.41
HOOD,2026-02-06,159.40
HOOD,2026-02-09,162.88
HOOD,2026-02-10,169.89
HOOD,2026-02-11,163.96
HOOD,2026-02-12,165.65
HOOD,2026-02-13,165.64
HOOD,2026-02-16,168.74
HOOD,2026-02-17,172.19
HOOD,2026-02-18,174.79
HOOD,2026-02-19,177.52
HOOD,2026-02-20,174.28
HOOD,2026-02-23,168.57
HOOD,2026-02-24,174.00
HOOD,2026-02-25,178.06
HOOD,2026-02-26,174.80
HOOD,2026-02-27,179.15
HOOD,2026-03-02,181.46
HOOD,2026-03-03,172.89
HOOD,2026-03-04,175.90
HOOD,2026-03-05,172.56
HOOD,2026-03-06,176.45
HOOD,2026-03-09,174.14
HOOD,2026-03-10,171.65
HOOD,2026-03-11,166.56
HOOD,2026-03-12,165.87
HOOD,2026-03-13,169.13
HOOD,2026-03-16,166.95
HOOD,2026-03-17,160.98
HOOD,2026-03-18,167.63
HOOD,2026-03-19,173.60
HOOD,2026-03-20,175.92
HOOD,2026-03-23,174.10
HOOD,2026-03-24,170.05
HOOD,2026-03-25,164.69
HOOD,2026-03-26,166.47
HOOD,2026-03-27,170.65
HOOD,2026-03-30,167.17
HOOD,2026-03-31,167.18
HOOD,2026-04-01,166.29
HOOD,2026-04-02,165.48
HOOD,2026-04-03,167.08
HOOD,2026-04-06,173.83
HOOD,2026-04-07,171.71
HOOD,2026-04-08,174.53
HOOD,2026-04-09,178.20
HOOD,2026-04-10,177.23
HOOD,2026-04-13,176.73
HOOD,2026-04-14,172.17
HOOD,2026-04-15,175.76
HOOD,2026-04-16,173.97
HOOD,2026-04-17,171.78
HOOD,2026-04-20,172.01
HOOD,2026-04-21,169.18
HOOD,2026-04-22,165.78
HOOD,2026-04-23,164.84
HOOD,2026-04-24,169.57
HOOD,2026-04-27,168.91
HOOD,2026-04-28,170.64
HOOD,2026-04-29,165.82
HOOD,2026-04-30,159.60
HOOD,2026-05-01,165.20
HOOD,2026-05-04,163.94
HOOD,2026-05-05,159.09
HOOD,2026-05-06,158.77
HOOD,2026-05-07,160.64
HOOD,2026-05-08,155.29
HOOD,2026-05-11,152.66
HOOD,2026-05-12,153.43
HOOD,2026-05-13,150.71
HOOD,2026-05-14,153.04
HOOD,2026-05-15,155.88
HOOD,2026-05-18,157.22
HOOD,2026-05-19,155.93
HOOD,2026-05-20,155.79
HOOD,2026-05-21,153.90
HOOD,2026-05-22,153.52
HOOD,2026-05-25,154.47
HOOD,2026-05-26,153.58
HOOD,2026-05-27,156.48
HOOD,2026-05-28,164.32
HOOD,2026-05-29,162.59
HOOD,2026-06-01,163.68
HOOD,2026-06-02,166.28
HOOD,2026-06-03,168.36
HOOD,2026-06-04,167.60
HOOD,2026-06-05,166.05
HOOD,2026-06-08,169.28
HOOD,2026-06-09,171.33
HOOD,2026-06-10,173.02
HOOD,2026-06-11,170.34
HOOD,2026-06-12,172.43
HOOD,2026-06-15,175.08
HOOD,2026-06-16,174.46
HOOD,2026-06-17,176.65
HOOD,2026-06-18,184.07
HOOD,2026-06-19,177.40
HOOD,2026-06-22,179.49
HOOD,2026-06-23,175.44
HOOD,2026-06-24,170.83
HOOD,2026-06-25,170.06
HOOD,2026-06-26,171.86
HOOD,2026-06-29,172.04
HOOD,2026-06-30,168.17
HOOD,2026-07-01,163.51
HOOD,2026-07-02,161.76
HOOD,2026-07-03,161.81
HOOD,2026-07-06,159.22
HOOD,2026-07-07,154.60
HOOD,2026-07-08,159.85
HOOD,2026-07-09,157.27
HOOD,2026-07-10,156.80
HOOD,2026-07-13,155.15
HOOD,2026-07-14,153.40
HOOD,2026-07-15,153.52
HOOD,2026-07-16,152.65
HOOD,2026-07-17,154.48
HOOD,2026-07-20,150.95
HOOD,2026-07-21,146.62
HOOD,2026-07-22,152.16
HOOD,2026-07-23,151.94
HOOD,2026-07-24,154.21
HOOD,2026-07-27,157.74
HOOD,2026-07-28,159.44
HOOD,2026-07-29,159.56
HOOD,2026-07-30,154.76
HOOD,2026-07-31,149.97
HOOD,2026-08-03,152.82
HOOD,2026-08-04,154.83
HOOD,2026-08-05,156.54
HOOD,2026-08-06,151.52
HOOD,2026-08-07,145.27
HOOD,2026-08-10,142.31
HOOD,2026-08-11,139.06
HOOD,2026-08-12,139.50
HOOD,2026-08-13,136.74
HOOD,2026-08-14,140.94
HOOD,2026-08-17,139.25
HOOD,2026-08-18,137.74
HOOD,2026-08-19,140.05
HOOD,2026-08-20,140.95
HOOD,2026-08-21,138.50
HOOD,2026-08-24,140.71
HOOD,2026-08-25,145.96
HOOD,2026-08-26,142.50
HOOD,2026-08-27,141.82
HOOD,2026-08-28,138.87
HOOD,2026-08-31,133.64
HOOD,2026-09-01,135.27
HOOD,2026-09-02,137.11
HOOD,2026-09-03,139.71
HOOD,2026-09-04,146.14
INTC,2025-06-02,202.31
INTC,2025-06-03,197.81
INTC,2025-06-04,193.69
INTC,2025-06-05,196.69
INTC,2025-06-06,195.68
INTC,2025-06-09,203.27
INTC,2025-06-10,205.25
INTC,2025-06-11,197.77
INTC,2025-06-12,201.33
INTC,2025-06-13,206.34
INTC,2025-06-16,206.59
INTC,2025-06-17,201.86
INTC,2025-06-18,208.92
INTC,2025-06-19,203.72
INTC,2025-06-20,203.51
INTC,2025-06-23,196.10
INTC,2025-06-24,191.44
INTC,2025-06-25,185.23
INTC,2025-06-26,189.27
INTC,2025-06-27,193.72
INTC,2025-06-30,192.32
INTC,2025-07-01,187.36
INTC,2025-07-02,187.26
INTC,2025-07-03,188.76
INTC,2025-07-04,183.27
INTC,2025-07-07,179.25
INTC,2025-07-08,179.00
INTC,2025-07-09,181.57
INTC,2025-07-10,181.94
INTC,2025-07-11,183.65
INTC,2025-07-14,179.29
INTC,2025-07-15,170.71
INTC,2025-07-16,171.85
INTC,2025-07-17,168.88
INTC,2025-07-18,168.58
INTC,2025-07-21,167.45
INTC,2025-07-22,169.12
INTC,2025-07-23,166.68
INTC,2025-07-24,171.48
INTC,2025-07-25,171.69
INTC,2025-07-28,173.57
INTC,2025-07-29,175.81
INTC,2025-07-30,179.47
INTC,2025-07-31,181.00
INTC,2025-08-01,174.93
INTC,2025-08-04,172.89
INTC,2025-08-05,179.28
INTC,2025-08-06,181.05
INTC,2025-08-07,183.14
INTC,2025-08-08,184.93
INTC,2025-08-11,182.73
INTC,2025-08-12,180.42
INTC,2025-08-13,178.25
INTC,2025-08-14,182.40
INTC,2025-08-15,183.81
INTC,2025-08-18,190.32
INTC,2025-08-19,192.30
INTC,2025-08-20,199.53
INTC,2025-08-21,201.44
INTC,2025-08-22,196.90
INTC,2025-08-25,203.73
INTC,2025-08-26,205.21
INTC,2025-08-27,210.12
INTC,2025-08-28,211.14
INTC,2025-08-29,209.91
INTC,2025-09-01,210.74
INTC,2025-09-02,206.24
INTC,2025-09-03,201.54
INTC,2025-09-04,198.16
INTC,2025-09-05,196.24
INTC,2025-09-08,191.15
INTC,2025-09-09,190.88
INTC,2025-09-10,192.14
INTC,2025-09-11,199.90
INTC,2025-09-12,207.24
INTC,2025-09-15,207.17
INTC,2025-09-16,210.89
INTC,2025-09-17,210.12
INTC,2025-09-18,211.86
INTC,2025-09-19,211.85
INTC,2025-09-22,209.73
INTC,2025-09-23,210.18
INTC,2025-09-24,204.20
INTC,2025-09-25,206.09
INTC,2025-09-26,205.05
INTC,2025-09-29,200.81
INTC,2025-09-30,199.52
INTC,2025-10-01,201.82
INTC,2025-10-02,199.25
INTC,2025-10-03,201.23
INTC,2025-10-06,203.61
INTC,2025-10-07,209.98
INTC,2025-10-08,205.62
INTC,2025-10-09,205.30
INTC,2025-10-10,207.49
INTC,2025-10-13,213.75
INTC,2025-10-14,214.99
INTC,2025-10-15,218.31
INTC,2025-10-16,212.14
INTC,2025-10-17,209.84
INTC,2025-10-20,216.83
INTC,2025-10-21,215.75
INTC,2025-10-22,225.08
INTC,2025-10-23,221.99
INTC,2025-10-24,220.91
INTC,2025-10-27,214.11
INTC,2025-10-28,216.92
INTC,2025-10-29,218.19
INTC,2025-10-30,227.00
INTC,2025-10-31,227.89
INTC,2025-11-03,226.90
INTC,2025-11-04,220.74
INTC,2025-11-05,220.52
INTC,2025-11-06,224.78
INTC,2025-11-07,228.20
INTC,2025-11-10,233.87
INTC,2025-11-11,238.00
INTC,2025-11-12,237.93
INTC,2025-11-13,240.92
INTC,2025-11-14,241.89
INTC,2025-11-17,235.68
INTC,2025-11-18,243.79
INTC,2025-11-19,245.75
INTC,2025-11-20,240.80
INTC,2025-11-21,242.78
INTC,2025-11-24,244.31
INTC,2025-11-25,249.28
INTC,2025-11-26,256.55
INTC,2025-11-27,241.29
INTC,2025-11-28,244.09
INTC,2025-12-01,251.62
INTC,2025-12-02,247.06
INTC,2025-12-03,238.14
INTC,2025-12-04,239.60
INTC,2025-12-05,241.35
INTC,2025-12-08,243.17
INTC,2025-12-09,237.98
INTC,2025-12-10,235.93
INTC,2025-12-11,236.99
INTC,2025-12-12,240.63
INTC,2025-12-15,251.22
INTC,2025-12-16,252.84
INTC,2025-12-17,249.98
INTC,2025-12-18,238.46
INTC,2025-12-19,243.68
INTC,2025-12-22,243.19
INTC,2025-12-23,242.81
INTC,2025-12-24,238.21
INTC,2025-12-25,241.83
INTC,2025-12-26,233.39
INTC,2025-12-29,234.03
INTC,2025-12-30,234.74
INTC,2025-12-31,236.28
INTC,2026-01-01,242.54
INTC,2026-01-02,242.22
INTC,2026-01-05,242.82
INTC,2026-01-06,247.09
INTC,2026-01-07,239.65
INTC,2026-01-08,238.41
INTC,2026-01-09,238.88
INTC,2026-01-12,243.56
INTC,2026-01-13,239.84
INTC,2026-01-14,243.82
INTC,2026-01-15,245.83
INTC,2026-01-16,238.73
INTC,2026-01-19,231.87
INTC,2026-01-20,225.42
INTC,2026-01-21,226.18
INTC,2026-01-22,227.25
INTC,2026-01-23,230.66
INTC,2026-01-26,234.56
INTC,2026-01-27,232.14
INTC,2026-01-28,237.21
INTC,2026-01-29,241.22
INTC,2026-01-30,243.63
INTC,2026-02-02,246.10
INTC,2026-02-03,239.96
INTC,2026-02-04,241.83
INTC,2026-02-05,237.02
INTC,2026-02-06,231.56
INTC,2026-02-09,230.09
INTC,2026-02-10,230.87
INTC,2026-02-11,230.77
INTC,2026-02-12,229.40
INTC,2026-02-13,224.98
INTC,2026-02-16,225.96
INTC,2026-02-17,222.77
INTC,2026-02-18,216.67
INTC,2026-02-19,217.21
INTC,2026-02-20,223.62
INTC,2026-02-23,221.96
INTC,2026-02-24,217.41
INTC,2026-02-25,223.53
INTC,2026-02-26,231.28
INTC,2026-02-27,230.08
INTC,2026-03-02,229.25
INTC,2026-03-03,230.36
INTC,2026-03-04,244.03
INTC,2026-03-05,244.83
INTC,2026-03-06,249.83
INTC,2026-03-09,252.19
INTC,2026-03-10,243.21
INTC,2026-03-11,238.03
INTC,2026-03-12,232.34
INTC,2026-03-13,234.49
INTC,2026-03-16,235.13
INTC,2026-03-17,243.65
INTC,2026-03-18,242.49
INTC,2026-03-19,244.13
INTC,2026-03-20,244.65
INTC,2026-03-23,245.48
INTC,2026-03-24,256.96
INTC,2026-03-25,258.57
INTC,2026-03-26,266.31
INTC,2026-03-27,273.36
INTC,2026-03-30,270.23
INTC,2026-03-31,274.09
INTC,2026-04-01,272.18
INTC,2026-04-02,272.94
INTC,2026-04-03,273.97
INTC,2026-04-06,274.26
INTC,2026-04-07,271.86
INTC,2026-04-08,280.47
INTC,2026-04-09,279.16
INTC,2026-04-10,283.24
INTC,2026-04-13,292.90
INTC,2026-04-14,296.73
INTC,2026-04-15,302.99
INTC,2026-04-16,311.57
INTC,2026-04-17,318.52
INTC,2026-04-20,329.63
INTC,2026-04-21,320.45
INTC,2026-04-22,333.17
INTC,2026-04-23,333.56
INTC,2026-04-24,322.14
INTC,2026-04-27,318.23
INTC,2026-04-28,309.57
INTC,2026-04-29,309.63
INTC,2026-04-30,300.63
INTC,2026-05-01,294.78
INTC,2026-05-04,296.70
INTC,2026-05-05,297.81
INTC,2026-05-06,293.26
INTC,2026-05-07,292.07
INTC,2026-05-08,291.68
INTC,2026-05-11,292.29
INTC,2026-05-12,292.44
INTC,2026-05-13,291.33
INTC,2026-05-14,296.62
INTC,2026-05-15,287.29
INTC,2026-05-18,284.64
INTC,2026-05-19,285.58
INTC,2026-05-20,283.47
INTC,2026-05-21,280.52
INTC,2026-05-22,278.24
INTC,2026-05-25,279.58
INTC,2026-05-26,286.70
INTC,2026-05-27,285.82
INTC,2026-05-28,284.47
INTC,2026-05-29,286.67
INTC,2026-06-01,285.46
INTC,2026-06-02,274.61
INTC,2026-06-03,276.25
INTC,2026-06-04,274.34
INTC,2026-06-05,271.37
INTC,2026-06-08,274.95
INTC,2026-06-09,275.36
INTC,2026-06-10,272.43
INTC,2026-06-11,260.75
INTC,2026-06-12,251.95
INTC,2026-06-15,252.17
INTC,2026-06-16,251.74
INTC,2026-06-17,254.10
INTC,2026-06-18,255.39
INTC,2026-06-19,253.11
INTC,2026-06-22,246.87
INTC,2026-06-23,241.62
INTC,2026-06-24,241.10
INTC,2026-06-25,235.71
INTC,2026-06-26,239.42
INTC,2026-06-29,233.22
INTC,2026-06-30,225.01
INTC,2026-07-01,224.28
INTC,2026-07-02,216.46
INTC,2026-07-03,223.64
INTC,2026-07-06,219.34
INTC,2026-07-07,219.25
INTC,2026-07-08,218.32
INTC,2026-07-09,214.88
INTC,2026-07-10,207.42
INTC,2026-07-13,199.83
INTC,2026-07-14,203.41
INTC,2026-07-15,207.69
INTC,2026-07-16,216.80
INTC,2026-07-17,210.60
INTC,2026-07-20,213.09
INTC,2026-07-21,213.16
INTC,2026-07-22,216.90
INTC,2026-07-23,214.80
INTC,2026-07-24,218.04
INTC,2026-07-27,222.08
INTC,2026-07-28,224.91
INTC,2026-07-29,231.56
INTC,2026-07-30,230.89
INTC,2026-07-31,238.16
INTC,2026-08-03,234.97
INTC,2026-08-04,242.95
INTC,2026-08-05,229.76
INTC,2026-08-06,229.97
INTC,2026-08-07,226.43
INTC,2026-08-10,226.58
INTC,2026-08-11,231.39
INTC,2026-08-12,234.86
INTC,2026-08-13,235.45
INTC,2026-08-14,243.61
INTC,2026-08-17,236.57
INTC,2026-08-18,232.86
INTC,2026-08-19,240.04
INTC,2026-08-20,241.77
INTC,2026-08-21,231.89
INTC,2026-08-24,233.61
INTC,2026-08-25,228.22
INTC,2026-08-26,235.11
INTC,2026-08-27,240.63
INTC,2026-08-28,238.15
INTC,2026-08-31,244.46
INTC,2026-09-01,240.54
INTC,2026-09-02,245.11
INTC,2026-09-03,248.10
INTC,2026-09-04,247.63
IREN,2025-06-02,206.31
IREN,2025-06-03,204.06
IREN,2025-06-04,196.58
IREN,2025-06-05,201.44
IREN,2025-06-06,197.62
IREN,2025-06-09,188.08
IREN,2025-06-10,190.35
IREN,2025-06-11,191.83
IREN,2025-06-12,189.96
IREN,2025-06-13,198.07
IREN,2025-06-16,201.21
IREN,2025-06-17,201.56
IREN,2025-06-18,199.03
IREN,2025-06-19,187.34
IREN,2025-06-20,189.21
IREN,2025-06-23,192.92
IREN,2025-06-24,190.71
IREN,2025-06-25,185.39
IREN,2025-06-26,185.31
IREN,2025-06-27,179.18
IREN,2025-06-30,179.28
IREN,2025-07-01,182.11
IREN,2025-07-02,187.68
IREN,2025-07-03,188.74
IREN,2025-07-04,189.56
IREN,2025-07-07,192.47
IREN,2025-07-08,197.93
IREN,2025-07-09,196.75
IREN,2025-07-10,191.99
IREN,2025-07-11,189.02
IREN,2025-07-14,184.33
IREN,2025-07-15,181.13
IREN,2025-07-16,180.76
IREN,2025-07-17,182.07
IREN,2025-07-18,182.70
IREN,2025-07-21,183.03
IREN,2025-07-22,181.79
IREN,2025-07-23,183.40
IREN,2025-07-24,186.72
IREN,2025-07-25,189.63
IREN,2025-07-28,195.38
IREN,2025-07-29,194.32
IREN,2025-07-30,193.41
IREN,2025-07-31,200.04
IREN,2025-08-01,200.92
IREN,2025-08-04,202.66
IREN,2025-08-05,201.37
IREN,2025-08-06,205.35
IREN,2025-08-07,203.78
IREN,2025-08-08,199.75
IREN,2025-08-11,199.58
IREN,2025-08-12,197.89
IREN,2025-08-13,201.27
IREN,2025-08-14,199.82
IREN,2025-08-15,200.39
IREN,2025-08-18,199.60
IREN,2025-08-19,201.03
IREN,2025-08-20,198.57
IREN,2025-08-21,203.04
IREN,2025-08-22,197.33
IREN,2025-08-25,195.89
IREN,2025-08-26,193.18
IREN,2025-08-27,195.76
IREN,2025-08-28,195.99
IREN,2025-08-29,197.97
IREN,2025-09-01,196.74
IREN,2025-09-02,193.99
IREN,2025-09-03,189.72
IREN,2025-09-04,188.52
IREN,2025-09-05,186.57
IREN,2025-09-08,187.69
IREN,2025-09-09,189.09
IREN,2025-09-10,192.86
IREN,2025-09-11,192.52
IREN,2025-09-12,189.71
IREN,2025-09-15,185.76
IREN,2025-09-16,186.06
IREN,2025-09-17,187.47
IREN,2025-09-18,194.84
IREN,2025-09-19,195.63
IREN,2025-09-22,202.58
IREN,2025-09-23,210.24
IREN,2025-09-24,205.91
IREN,2025-09-25,210.98
IREN,2025-09-26,215.85
IREN,2025-09-29,221.74
IREN,2025-09-30,221.78
IREN,2025-10-01,226.11
IREN,2025-10-02,224.02
IREN,2025-10-03,223.79
IREN,2025-10-06,223.96
IREN,2025-10-07,232.03
IREN,2025-10-08,231.12
IREN,2025-10-09,235.62
IREN,2025-10-10,236.02
IREN,2025-10-13,232.76
IREN,2025-10-14,233.98
IREN,2025-10-15,237.16
IREN,2025-10-16,233.87
IREN,2025-10-17,236.93
IREN,2025-10-20,233.64
IREN,2025-10-21,229.63
IREN,2025-10-22,230.73
IREN,2025-10-23,229.73
IREN,2025-10-24,225.30
IREN,2025-10-27,218.05
IREN,2025-10-28,218.23
IREN,2025-10-29,219.38
IREN,2025-10-30,217.44
IREN,2025-10-31,218.34
IREN,2025-11-03,211.75
IREN,2025-11-04,213.50
IREN,2025-11-05,215.36
IREN,2025-11-06,216.64
IREN,2025-11-07,214.06
IREN,2025-11-10,214.48
IREN,2025-11-11,215.12
IREN,2025-11-12,219.81
IREN,2025-11-13,221.10
IREN,2025-11-14,222.31
IREN,2025-11-17,219.18
IREN,2025-11-18,223.04
IREN,2025-11-19,228.35
IREN,2025-11-20,226.19
IREN,2025-11-21,229.16
IREN,2025-11-24,230.66
IREN,2025-11-25,230.53
IREN,2025-11-26,224.69
IREN,2025-11-27,232.67
IREN,2025-11-28,224.08
IREN,2025-12-01,225.52
IREN,2025-12-02,223.91
IREN,2025-12-03,229.12
IREN,2025-12-04,227.27
IREN,2025-12-05,227.54
IREN,2025-12-08,230.40
IREN,2025-12-09,232.59
IREN,2025-12-10,230.26
IREN,2025-12-11,233.49
IREN,2025-12-12,235.40
IREN,2025-12-15,240.14
IREN,2025-12-16,237.78
IREN,2025-12-17,237.65
IREN,2025-12-18,235.89
IREN,2025-12-19,232.03
IREN,2025-12-22,233.30
IREN,2025-12-23,235.29
IREN,2025-12-24,242.05
IREN,2025-12-25,240.57
IREN,2025-12-26,242.52
IREN,2025-12-29,248.15
IREN,2025-12-30,247.68
IREN,2025-12-31,248.08
IREN,2026-01-01,248.84
IREN,2026-01-02,245.51
IREN,2026-01-05,240.76
IREN,2026-01-06,246.22
IREN,2026-01-07,247.16
IREN,2026-01-08,246.89
IREN,2026-01-09,240.86
IREN,2026-01-12,241.52
IREN,2026-01-13,247.26
IREN,2026-01-14,241.68
IREN,2026-01-15,237.48
IREN,2026-01-16,242.82
IREN,2026-01-19,249.84
IREN,2026-01-20,257.66
IREN,2026-01-21,254.92
IREN,2026-01-22,258.07
IREN,2026-01-23,254.31
IREN,2026-01-26,257.04
IREN,2026-01-27,255.27
IREN,2026-01-28,256.36
IREN,2026-01-29,263.31
IREN,2026-01-30,265.18
IREN,2026-02-02,264.01
IREN,2026-02-03,264.41
IREN,2026-02-04,265.91
IREN,2026-02-05,263.29
IREN,2026-02-06,264.48
IREN,2026-02-09,267.74
IREN,2026-02-10,276.15
IREN,2026-02-11,264.92
IREN,2026-02-12,258.75
IREN,2026-02-13,252.48
IREN,2026-02-16,256.98
IREN,2026-02-17,269.55
IREN,2026-02-18,270.69
IREN,2026-02-19,271.44
IREN,2026-02-20,277.69
IREN,2026-02-23,264.32
IREN,2026-02-24,263.48
IREN,2026-02-25,247.25
IREN,2026-02-26,248.11
IREN,2026-02-27,245.69
IREN,2026-03-02,243.42
IREN,2026-03-03,245.16
IREN,2026-03-04,242.40
IREN,2026-03-05,247.85
IREN,2026-03-06,247.93
IREN,2026-03-09,249.90
IREN,2026-03-10,262.60
IREN,2026-03-11,260.36
IREN,2026-03-12,265.25
IREN,2026-03-13,260.99
IREN,2026-03-16,267.56
IREN,2026-03-17,272.78
IREN,2026-03-18,273.65
IREN,2026-03-19,279.14
IREN,2026-03-20,288.16
IREN,2026-03-23,296.15
IREN,2026-03-24,296.27
IREN,2026-03-25,296.07
IREN,2026-03-26,302.69
IREN,2026-03-27,293.97
IREN,2026-03-30,290.56
IREN,2026-03-31,293.47
IREN,2026-04-01,296.89
IREN,2026-04-02,307.96
IREN,2026-04-03,318.83
IREN,2026-04-06,321.00
IREN,2026-04-07,323.93
IREN,2026-04-08,315.59
IREN,2026-04-09,314.55
IREN,2026-04-10,316.30
IREN,2026-04-13,315.00
IREN,2026-04-14,315.49
IREN,2026-04-15,319.42
IREN,2026-04-16,313.52
IREN,2026-04-17,310.11
IREN,2026-04-20,299.31
IREN,2026-04-21,306.21
IREN,2026-04-22,299.93
IREN,2026-04-23,289.93
IREN,2026-04-24,294.46
IREN,2026-04-27,293.33
IREN,2026-04-28,299.05
IREN,2026-04-29,296.98
IREN,2026-04-30,309.59
IREN,2026-05-01,314.08
IREN,2026-05-04,315.14
IREN,2026-05-05,315.98
IREN,2026-05-06,314.81
IREN,2026-05-07,319.97
IREN,2026-05-08,332.75
IREN,2026-05-11,330.10
IREN,2026-05-12,323.12
IREN,2026-05-13,327.06
IREN,2026-05-14,334.09
IREN,2026-05-15,324.36
IREN,2026-05-18,320.04
IREN,2026-05-19,313.86
IREN,2026-05-20,317.47
IREN,2026-05-21,320.76
IREN,2026-05-22,316.23
IREN,2026-05-25,309.31
IREN,2026-05-26,313.60
IREN,2026-05-27,300.98
IREN,2026-05-28,304.93
IREN,2026-05-29,304.11
IREN,2026-06-01,315.75
IREN,2026-06-02,322.07
IREN,2026-06-03,318.51
IREN,2026-06-04,316.90
IREN,2026-06-05,315.29
IREN,2026-06-08,310.88
IREN,2026-06-09,311.50
IREN,2026-06-10,317.55
IREN,2026-06-11,308.22
IREN,2026-06-12,306.96
IREN,2026-06-15,316.11
IREN,2026-06-16,320.86
IREN,2026-06-17,315.83
IREN,2026-06-18,310.93
IREN,2026-06-19,305.81
IREN,2026-06-22,296.24
IREN,2026-06-23,303.07
IREN,2026-06-24,303.60
IREN,2026-06-25,299.55
IREN,2026-06-26,291.19
IREN,2026-06-29,289.10
IREN,2026-06-30,286.29
IREN,2026-07-01,296.11
IREN,2026-07-02,293.54
IREN,2026-07-03,294.32
IREN,2026-07-06,300.65
IREN,2026-07-07,304.72
IREN,2026-07-08,303.75
IREN,2026-07-09,290.81
IREN,2026-07-10,298.95
IREN,2026-07-13,302.58
IREN,2026-07-14,300.11
IREN,2026-07-15,299.70
IREN,2026-07-16,294.18
IREN,2026-07-17,289.09
IREN,2026-07-20,280.76
IREN,2026-07-21,283.64
IREN,2026-07-22,286.64
IREN,2026-07-23,287.73
IREN,2026-07-24,292.26
IREN,2026-07-27,295.45
IREN,2026-07-28,296.27
IREN,2026-07-29,291.24
IREN,2026-07-30,294.74
IREN,2026-07-31,301.73
IREN,2026-08-03,305.58
IREN,2026-08-04,313.20
IREN,2026-08-05,310.41
IREN,2026-08-06,304.55
IREN,2026-08-07,312.16
IREN,2026-08-10,308.70
IREN,2026-08-11,310.29
IREN,2026-08-12,309.24
IREN,2026-08-13,309.49
IREN,2026-08-14,307.97
IREN,2026-08-17,304.82
IREN,2026-08-18,294.26
IREN,2026-08-19,305.39
IREN,2026-08-20,306.73
IREN,2026-08-21,295.25
IREN,2026-08-24,290.11
IREN,2026-08-25,283.81
IREN,2026-08-26,279.78
IREN,2026-08-27,265.90
IREN,2026-08-28,269.00
IREN,2026-08-31,277.76
IREN,2026-09-01,276.52
IREN,2026-09-02,280.66
IREN,2026-09-03,284.08
IREN,2026-09-04,277.25
META,2025-06-02,337.44
META,2025-06-03,335.28
META,2025-06-04,343.76
META,2025-06-05,344.78
META,2025-06-06,344.17
META,2025-06-09,338.97
META,2025-06-10,339.79
META,2025-06-11,340.29
META,2025-06-12,345.38
META,2025-06-13,355.05
META,2025-06-16,360.41
META,2025-06-17,360.77
META,2025-06-18,359.93
META,2025-06-19,371.46
META,2025-06-20,373.16
META,2025-06-23,373.28
META,2025-06-24,386.66
META,2025-06-25,398.79
META,2025-06-26,403.50
META,2025-06-27,402.90
META,2025-06-30,398.16
META,2025-07-01,406.74
META,2025-07-02,403.39
META,2025-07-03,411.24
META,2025-07-04,405.20
META,2025-07-07,406.30
META,2025-07-08,409.76
META,2025-07-09,411.19
META,2025-07-10,413.34
META,2025-07-11,416.69
META,2025-07-14,407.81
META,2025-07-15,399.22
META,2025-07-16,398.33
META,2025-07-17,412.65
META,2025-07-18,411.92
META,2025-07-21,404.72
META,2025-07-22,399.76
META,2025-07-23,400.29
META,2025-07-24,409.80
META,2025-07-25,405.53
META,2025-07-28,410.25
META,2025-07-29,412.01
META,2025-07-30,409.42
META,2025-07-31,402.12
META,2025-08-01,401.19
META,2025-08-04,395.78
META,2025-08-05,400.20
META,2025-08-06,386.68
META,2025-08-07,395.46
META,2025-08-08,401.58
META,2025-08-11,406.38
META,2025-08-12,418.54
META,2025-08-13,423.74
META,2025-08-14,409.87
META,2025-08-15,410.56
META,2025-08-18,414.44
META,2025-08-19,409.18
META,2025-08-20,400.41
META,2025-08-21,404.05
META,2025-08-22,408.35
META,2025-08-25,405.23
META,2025-08-26,403.57
META,2025-08-27,399.84
META,2025-08-28,395.67
META,2025-08-29,395.49
META,2025-09-01,404.03
META,2025-09-02,391.60
META,2025-09-03,389.26
META,2025-09-04,401.77
META,2025-09-05,404.52
META,2025-09-08,406.00
META,2025-09-09,412.89
META,2025-09-10,405.07
META,2025-09-11,395.78
META,2025-09-12,383.22
META,2025-09-15,372.57
META,2025-09-16,374.62
META,2025-09-17,381.07
META,2025-09-18,378.23
META,2025-09-19,373.46
META,2025-09-22,376.64
META,2025-09-23,381.40
META,2025-09-24,383.55
META,2025-09-25,369.56
META,2025-09-26,365.88
META,2025-09-29,348.05
META,2025-09-30,349.93
META,2025-10-01,344.36
META,2025-10-02,340.19
META,2025-10-03,350.37
META,2025-10-06,359.63
META,2025-10-07,363.24
META,2025-10-08,365.43
META,2025-10-09,366.90
META,2025-10-10,362.95
META,2025-10-13,362.83
META,2025-10-14,376.58
META,2025-10-15,370.40
META,2025-10-16,365.86
META,2025-10-17,367.26
META,2025-10-20,373.88
META,2025-10-21,380.19
META,2025-10-22,373.28
META,2025-10-23,372.58
META,2025-10-24,370.90
META,2025-10-27,362.24
META,2025-10-28,363.02
META,2025-10-29,359.86
META,2025-10-30,366.54
META,2025-10-31,369.87
META,2025-11-03,364.49
META,2025-11-04,365.30
META,2025-11-05,363.01
META,2025-11-06,358.76
META,2025-11-07,355.60
META,2025-11-10,363.19
META,2025-11-11,360.51
META,2025-11-12,348.72
META,2025-11-13,343.69
META,2025-11-14,349.31
META,2025-11-17,364.17
META,2025-11-18,356.94
META,2025-11-19,354.71
META,2025-11-20,352.67
META,2025-11-21,343.24
META,2025-11-24,346.15
META,2025-11-25,346.03
META,2025-11-26,348.14
META,2025-11-27,363.53
META,2025-11-28,361.88
META,2025-12-01,367.70
META,2025-12-02,373.91
META,2025-12-03,369.53
META,2025-12-04,365.51
META,2025-12-05,376.82
META,2025-12-08,382.31
META,2025-12-09,383.63
META,2025-12-10,375.72
META,2025-12-11,382.42
META,2025-12-12,386.59
META,2025-12-15,403.37
META,2025-12-16,415.19
META,2025-12-17,421.96
META,2025-12-18,424.43
META,2025-12-19,425.22
META,2025-12-22,420.95
META,2025-12-23,423.75
META,2025-12-24,426.04
META,2025-12-25,431.71
META,2025-12-26,441.12
META,2025-12-29,444.08
META,2025-12-30,439.68
META,2025-12-31,446.87
META,2026-01-01,460.66
META,2026-01-02,453.48
META,2026-01-05,457.48
META,2026-01-06,462.66
META,2026-01-07,467.79
META,2026-01-08,472.68
META,2026-01-09,472.16
META,2026-01-12,471.53
META,2026-01-13,487.30
META,2026-01-14,504.03
META,2026-01-15,490.63
META,2026-01-16,466.75
META,2026-01-19,471.03
META,2026-01-20,465.16
META,2026-01-21,460.79
META,2026-01-22,446.82
META,2026-01-23,450.18
META,2026-01-26,450.00
META,2026-01-27,445.57
META,2026-01-28,453.65
META,2026-01-29,475.39
META,2026-01-30,489.33
META,2026-02-02,500.82
META,2026-02-03,497.14
META,2026-02-04,503.82
META,2026-02-05,503.78
META,2026-02-06,515.45
META,2026-02-09,521.62
META,2026-02-10,521.61
META,2026-02-11,527.55
META,2026-02-12,520.54
META,2026-02-13,528.90
META,2026-02-16,544.71
META,2026-02-17,541.24
META,2026-02-18,547.44
META,2026-02-19,530.08
META,2026-02-20,540.08
META,2026-02-23,549.65
META,2026-02-24,539.10
META,2026-02-25,557.72
META,2026-02-26,559.32
META,2026-02-27,540.88
META,2026-03-02,526.85
META,2026-03-03,536.15
META,2026-03-04,533.66
META,2026-03-05,545.46
META,2026-03-06,529.38
META,2026-03-09,528.72
META,2026-03-10,539.10
META,2026-03-11,532.35
META,2026-03-12,539.74
META,2026-03-13,536.33
META,2026-03-16,540.27
META,2026-03-17,544.01
META,2026-03-18,567.97
META,2026-03-19,554.67
META,2026-03-20,563.43
META,2026-03-23,578.17
META,2026-03-24,565.92
META,2026-03-25,567.19
META,2026-03-26,593.01
META,2026-03-27,605.50
META,2026-03-30,571.00
META,2026-03-31,568.74
META,2026-04-01,550.22
META,2026-04-02,553.82
META,2026-04-03,546.37
META,2026-04-06,540.76
META,2026-04-07,532.32
META,2026-04-08,535.71
META,2026-04-09,531.21
META,2026-04-10,522.23
META,2026-04-13,520.26
META,2026-04-14,524.71
META,2026-04-15,516.33
META,2026-04-16,527.81
META,2026-04-17,511.13
META,2026-04-20,515.51
META,2026-04-21,511.95
META,2026-04-22,527.94
META,2026-04-23,521.69
META,2026-04-24,515.30
META,2026-04-27,502.21
META,2026-04-28,521.91
META,2026-04-29,528.52
META,2026-04-30,517.72
META,2026-05-01,514.68
META,2026-05-04,505.44
META,2026-05-05,520.73
META,2026-05-06,525.30
META,2026-05-07,504.86
META,2026-05-08,507.24
META,2026-05-11,516.60
META,2026-05-12,516.95
META,2026-05-13,522.04
META,2026-05-14,521.27
META,2026-05-15,523.72
META,2026-05-18,526.23
META,2026-05-19,519.34
META,2026-05-20,523.19
META,2026-05-21,525.21
META,2026-05-22,525.16
META,2026-05-25,518.53
META,2026-05-26,508.65
META,2026-05-27,511.41
META,2026-05-28,519.96
META,2026-05-29,495.87
META,2026-06-01,491.04
META,2026-06-02,504.27
META,2026-06-03,513.58
META,2026-06-04,506.80
META,2026-06-05,520.45
META,2026-06-08,510.80
META,2026-06-09,503.30
META,2026-06-10,522.60
META,2026-06-11,518.51
META,2026-06-12,516.66
META,2026-06-15,500.43
META,2026-06-16,490.93
META,2026-06-17,480.03
META,2026-06-18,479.06
META,2026-06-19,462.28
META,2026-06-22,472.14
META,2026-06-23,469.18
META,2026-06-24,463.96
META,2026-06-25,458.54
META,2026-06-26,465.47
META,2026-06-29,479.66
META,2026-06-30,476.17
META,2026-07-01,491.42
META,2026-07-02,507.13
META,2026-07-03,520.70
META,2026-07-06,524.06
META,2026-07-07,509.22
META,2026-07-08,516.23
META,2026-07-09,512.46
META,2026-07-10,514.73
META,2026-07-13,496.20
META,2026-07-14,493.80
META,2026-07-15,496.36
META,2026-07-16,487.64
META,2026-07-17,490.74
META,2026-07-20,507.04
META,2026-07-21,509.64
META,2026-07-22,503.18
META,2026-07-23,526.86
META,2026-07-24,505.13
META,2026-07-27,496.42
META,2026-07-28,500.69
META,2026-07-29,495.25
META,2026-07-30,473.47
META,2026-07-31,476.17
META,2026-08-03,484.19
META,2026-08-04,477.01
META,2026-08-05,490.94
META,2026-08-06,496.03
META,2026-08-07,507.87
META,2026-08-10,493.10
META,2026-08-11,493.40
META,2026-08-12,509.08
META,2026-08-13,529.40
META,2026-08-14,543.33
META,2026-08-17,543.68
META,2026-08-18,545.98
META,2026-08-19,539.66
META,2026-08-20,551.56
META,2026-08-21,544.45
META,2026-08-24,546.11
META,2026-08-25,524.51
META,2026-08-26,509.47
META,2026-08-27,527.47
META,2026-08-28,528.42
META,2026-08-31,530.98
META,2026-09-01,508.60
META,2026-09-02,508.61
META,2026-09-03,529.47
META,2026-09-04,514.38
MRVL,2025-06-02,206.23
MRVL,2025-06-03,205.53
MRVL,2025-06-04,200.64
MRVL,2025-06-05,195.47
MRVL,2025-06-06,190.90
MRVL,2025-06-09,193.43
MRVL,2025-06-10,193.39
MRVL,2025-06-11,196.63
MRVL,2025-06-12,192.63
MRVL,2025-06-13,194.99
MRVL,2025-06-16,193.45
MRVL,2025-06-17,193.92
MRVL,2025-06-18,197.60
MRVL,2025-06-19,197.87
MRVL,2025-06-20,196.65
MRVL,2025-06-23,190.40
MRVL,2025-06-24,190.78
MRVL,2025-06-25,193.84
MRVL,2025-06-26,191.58
MRVL,2025-06-27,191.47
MRVL,2025-06-30,184.99
MRVL,2025-07-01,180.29
MRVL,2025-07-02,181.85
MRVL,2025-07-03,186.58
MRVL,2025-07-04,185.59
MRVL,2025-07-07,179.65
MRVL,2025-07-08,178.44
MRVL,2025-07-09,173.11
MRVL,2025-07-10,172.30
MRVL,2025-07-11,178.94
MRVL,2025-07-14,180.12
MRVL,2025-07-15,179.71
MRVL,2025-07-16,183.49
MRVL,2025-07-17,182.26
MRVL,2025-07-18,183.57
MRVL,2025-07-21,184.42
MRVL,2025-07-22,186.17
MRVL,2025-07-23,180.94
MRVL,2025-07-24,183.59
MRVL,2025-07-25,186.90
MRVL,2025-07-28,178.67
MRVL,2025-07-29,169.30
MRVL,2025-07-30,166.45
MRVL,2025-07-31,171.43
MRVL,2025-08-01,171.63
MRVL,2025-08-04,174.04
MRVL,2025-08-05,176.05
MRVL,2025-08-06,179.25
MRVL,2025-08-07,177.13
MRVL,2025-08-08,175.22
MRVL,2025-08-11,176.64
MRVL,2025-08-12,178.88
MRVL,2025-08-13,181.03
MRVL,2025-08-14,182.37
MRVL,2025-08-15,180.76
MRVL,2025-08-18,184.81
MRVL,2025-08-19,186.66
MRVL,2025-08-20,190.69
MRVL,2025-08-21,181.31
MRVL,2025-08-22,185.03
MRVL,2025-08-25,176.29
MRVL,2025-08-26,177.15
MRVL,2025-08-27,174.96
MRVL,2025-08-28,175.50
MRVL,2025-08-29,173.99
MRVL,2025-09-01,173.05
MRVL,2025-09-02,173.83
MRVL,2025-09-03,175.14
MRVL,2025-09-04,172.51
MRVL,2025-09-05,164.04
MRVL,2025-09-08,161.64
MRVL,2025-09-09,163.48
MRVL,2025-09-10,160.88
MRVL,2025-09-11,162.36
MRVL,2025-09-12,161.29
MRVL,2025-09-15,158.41
MRVL,2025-09-16,162.18
MRVL,2025-09-17,167.59
MRVL,2025-09-18,167.37
MRVL,2025-09-19,167.32
MRVL,2025-09-22,170.61
MRVL,2025-09-23,166.26
MRVL,2025-09-24,163.52
MRVL,2025-09-25,167.29
MRVL,2025-09-26,170.38
MRVL,2025-09-29,168.85
MRVL,2025-09-30,166.38
MRVL,2025-10-01,167.65
MRVL,2025-10-02,163.11
MRVL,2025-10-03,161.62
MRVL,2025-10-06,161.00
MRVL,2025-10-07,153.28
MRVL,2025-10-08,155.18
MRVL,2025-10-09,157.64
MRVL,2025-10-10,161.08
MRVL,2025-10-13,156.61
MRVL,2025-10-14,152.75
MRVL,2025-10-15,150.40
MRVL,2025-10-16,146.62
MRVL,2025-10-17,152.69
MRVL,2025-10-20,149.85
MRVL,2025-10-21,149.02
MRVL,2025-10-22,149.74
MRVL,2025-10-23,151.20
MRVL,2025-10-24,155.65
MRVL,2025-10-27,152.41
MRVL,2025-10-28,155.17
MRVL,2025-10-29,155.74
MRVL,2025-10-30,152.24
MRVL,2025-10-31,152.80
MRVL,2025-11-03,148.67
MRVL,2025-11-04,153.55
MRVL,2025-11-05,151.44
MRVL,2025-11-06,154.57
MRVL,2025-11-07,158.67
MRVL,2025-11-10,156.84
MRVL,2025-11-11,154.16
MRVL,2025-11-12,154.67
MRVL,2025-11-13,151.57
MRVL,2025-11-14,154.38
MRVL,2025-11-17,155.03
MRVL,2025-11-18,152.79
MRVL,2025-11-19,150.82
MRVL,2025-11-20,153.10
MRVL,2025-11-21,148.81
MRVL,2025-11-24,153.91
MRVL,2025-11-25,151.62
MRVL,2025-11-26,151.14
MRVL,2025-11-27,148.47
MRVL,2025-11-28,153.37
MRVL,2025-12-01,155.99
MRVL,2025-12-02,160.13
MRVL,2025-12-03,162.33
MRVL,2025-12-04,162.73
MRVL,2025-12-05,168.34
MRVL,2025-12-08,170.68
MRVL,2025-12-09,172.29
MRVL,2025-12-10,174.39
MRVL,2025-12-11,177.06
MRVL,2025-12-12,178.17
MRVL,2025-12-15,177.71
MRVL,2025-12-16,172.20
MRVL,2025-12-17,179.38
MRVL,2025-12-18,174.86
MRVL,2025-12-19,167.49
MRVL,2025-12-22,165.23
MRVL,2025-12-23,171.71
MRVL,2025-12-24,176.01
MRVL,2025-12-25,174.03
MRVL,2025-12-26,175.07
MRVL,2025-12-29,175.11
MRVL,2025-12-30,168.31
MRVL,2025-12-31,167.31
MRVL,2026-01-01,168.40
MRVL,2026-01-02,172.46
MRVL,2026-01-05,168.45
MRVL,2026-01-06,160.99
MRVL,2026-01-07,156.05
MRVL,2026-01-08,157.19
MRVL,2026-01-09,157.56
MRVL,2026-01-12,158.14
MRVL,2026-01-13,158.72
MRVL,2026-01-14,157.67
MRVL,2026-01-15,153.49
MRVL,2026-01-16,154.99
MRVL,2026-01-19,156.30
MRVL,2026-01-20,158.21
MRVL,2026-01-21,162.26
MRVL,2026-01-22,158.37
MRVL,2026-01-23,151.08
MRVL,2026-01-26,145.81
MRVL,2026-01-27,152.14
MRVL,2026-01-28,149.47
MRVL,2026-01-29,150.77
MRVL,2026-01-30,150.84
MRVL,2026-02-02,153.14
MRVL,2026-02-03,163.07
MRVL,2026-02-04,161.51
MRVL,2026-02-05,161.07
MRVL,2026-02-06,159.27
MRVL,2026-02-09,160.16
MRVL,2026-02-10,161.94
MRVL,2026-02-11,158.92
MRVL,2026-02-12,163.22
MRVL,2026-02-13,167.08
MRVL,2026-02-16,168.68
MRVL,2026-02-17,168.43
MRVL,2026-02-18,167.76
MRVL,2026-02-19,162.36
MRVL,2026-02-20,164.61
MRVL,2026-02-23,161.52
MRVL,2026-02-24,160.01
MRVL,2026-02-25,163.32
MRVL,2026-02-26,160.43
MRVL,2026-02-27,158.87
MRVL,2026-03-02,161.71
MRVL,2026-03-03,167.83
MRVL,2026-03-04,165.64
MRVL,2026-03-05,169.41
MRVL,2026-03-06,167.32
MRVL,2026-03-09,168.74
MRVL,2026-03-10,170.49
MRVL,2026-03-11,166.73
MRVL,2026-03-12,170.27
MRVL,2026-03-13,176.52
MRVL,2026-03-16,176.83
MRVL,2026-03-17,177.91
MRVL,2026-03-18,173.87
MRVL,2026-03-19,180.21
MRVL,2026-03-20,180.57
MRVL,2026-03-23,176.09
MRVL,2026-03-24,178.91
MRVL,2026-03-25,173.81
MRVL,2026-03-26,171.55
MRVL,2026-03-27,164.36
MRVL,2026-03-30,169.00
MRVL,2026-03-31,176.59
MRVL,2026-04-01,174.47
MRVL,2026-04-02,172.32
MRVL,2026-04-03,170.45
MRVL,2026-04-06,168.65
MRVL,2026-04-07,170.64
MRVL,2026-04-08,175.74
MRVL,2026-04-09,172.32
MRVL,2026-04-10,173.97
MRVL,2026-04-13,167.82
MRVL,2026-04-14,173.05
MRVL,2026-04-15,172.87
MRVL,2026-04-16,170.58
MRVL,2026-04-17,175.92
MRVL,2026-04-20,175.67
MRVL,2026-04-21,180.61
MRVL,2026-04-22,184.62
MRVL,2026-04-23,190.88
MRVL,2026-04-24,187.96
MRVL,2026-04-27,188.31
MRVL,2026-04-28,189.83
MRVL,2026-04-29,189.23
MRVL,2026-04-30,195.13
MRVL,2026-05-01,192.48
MRVL,2026-05-04,196.48
MRVL,2026-05-05,201.98
MRVL,2026-05-06,194.23
MRVL,2026-05-07,190.61
MRVL,2026-05-08,187.30
MRVL,2026-05-11,185.39
MRVL,2026-05-12,186.97
MRVL,2026-05-13,186.45
MRVL,2026-05-14,186.88
MRVL,2026-05-15,185.30
MRVL,2026-05-18,185.13
MRVL,2026-05-19,187.06
MRVL,2026-05-20,189.98
MRVL,2026-05-21,187.15
MRVL,2026-05-22,186.86
MRVL,2026-05-25,184.14
MRVL,2026-05-26,183.62
MRVL,2026-05-27,178.48
MRVL,2026-05-28,182.02
MRVL,2026-05-29,184.59
MRVL,2026-06-01,184.27
MRVL,2026-06-02,181.88
MRVL,2026-06-03,180.35
MRVL,2026-06-04,178.08
MRVL,2026-06-05,172.71
MRVL,2026-06-08,178.48
MRVL,2026-06-09,190.35
MRVL,2026-06-10,185.81
MRVL,2026-06-11,181.60
MRVL,2026-06-12,183.84
MRVL,2026-06-15,186.19
MRVL,2026-06-16,180.47
MRVL,2026-06-17,173.67
MRVL,2026-06-18,175.67
MRVL,2026-06-19,168.80
MRVL,2026-06-22,173.73
MRVL,2026-06-23,172.13
MRVL,2026-06-24,172.55
MRVL,2026-06-25,172.66
MRVL,2026-06-26,170.86
MRVL,2026-06-29,170.49
MRVL,2026-06-30,169.59
MRVL,2026-07-01,173.94
MRVL,2026-07-02,173.74
MRVL,2026-07-03,173.76
MRVL,2026-07-06,172.04
MRVL,2026-07-07,169.98
MRVL,2026-07-08,167.60
MRVL,2026-07-09,167.76
MRVL,2026-07-10,174.04
MRVL,2026-07-13,178.05
MRVL,2026-07-14,179.02
MRVL,2026-07-15,185.12
MRVL,2026-07-16,189.01
MRVL,2026-07-17,189.93
MRVL,2026-07-20,189.44
MRVL,2026-07-21,185.42
MRVL,2026-07-22,186.47
MRVL,2026-07-23,185.43
MRVL,2026-07-24,179.68
MRVL,2026-07-27,175.20
MRVL,2026-07-28,182.11
MRVL,2026-07-29,183.02
MRVL,2026-07-30,184.97
MRVL,2026-07-31,185.85
MRVL,2026-08-03,184.25
MRVL,2026-08-04,186.09
MRVL,2026-08-05,190.25
MRVL,2026-08-06,189.21
MRVL,2026-08-07,191.29
MRVL,2026-08-10,195.35
MRVL,2026-08-11,193.60
MRVL,2026-08-12,194.40
MRVL,2026-08-13,191.66
MRVL,2026-08-14,194.11
MRVL,2026-08-17,192.82
MRVL,2026-08-18,197.38
MRVL,2026-08-19,194.50
MRVL,2026-08-20,201.21
MRVL,2026-08-21,200.11
MRVL,2026-08-24,196.89
MRVL,2026-08-25,193.47
MRVL,2026-08-26,196.18
MRVL,2026-08-27,192.96
MRVL,2026-08-28,200.06
MRVL,2026-08-31,205.34
MRVL,2026-09-01,207.61
MRVL,2026-09-02,201.86
MRVL,2026-09-03,201.90
MRVL,2026-09-04,199.12
MSFT,2025-06-02,198.08
MSFT,2025-06-03,196.08
MSFT,2025-06-04,199.37
MSFT,2025-06-05,204.60
MSFT,2025-06-06,200.79
MSFT,2025-06-09,199.54
MSFT,2025-06-10,200.73
MSFT,2025-06-11,202.74
MSFT,2025-06-12,198.22
MSFT,2025-06-13,199.19
MSFT,2025-06-16,198.88
MSFT,2025-06-17,202.78
MSFT,2025-06-18,196.43
MSFT,2025-06-19,194.32
MSFT,2025-06-20,192.48
MSFT,2025-06-23,191.38
MSFT,2025-06-24,194.25
MSFT,2025-06-25,191.93
MSFT,2025-06-26,202.55
MSFT,2025-06-27,199.80
MSFT,2025-06-30,203.28
MSFT,2025-07-01,207.54
MSFT,2025-07-02,211.67
MSFT,2025-07-03,210.93
MSFT,2025-07-04,207.55
MSFT,2025-07-07,206.62
MSFT,2025-07-08,209.49
MSFT,2025-07-09,210.12
MSFT,2025-07-10,212.69
MSFT,2025-07-11,215.26
MSFT,2025-07-14,211.58
MSFT,2025-07-15,207.75
MSFT,2025-07-16,213.86
MSFT,2025-07-17,211.90
MSFT,2025-07-18,205.31
MSFT,2025-07-21,213.07
MSFT,2025-07-22,209.64
MSFT,2025-07-23,205.85
MSFT,2025-07-24,209.95
MSFT,2025-07-25,205.32
MSFT,2025-07-28,201.87
MSFT,2025-07-29,206.22
MSFT,2025-07-30,202.96
MSFT,2025-07-31,213.26
MSFT,2025-08-01,213.80
MSFT,2025-08-04,225.40
MSFT,2025-08-05,226.12
MSFT,2025-08-06,226.50
MSFT,2025-08-07,223.73
MSFT,2025-08-08,222.87
MSFT,2025-08-11,220.76
MSFT,2025-08-12,220.79
MSFT,2025-08-13,224.33
MSFT,2025-08-14,218.76
MSFT,2025-08-15,214.87
MSFT,2025-08-18,206.00
MSFT,2025-08-19,212.32
MSFT,2025-08-20,212.12
MSFT,2025-08-21,212.19
MSFT,2025-08-22,212.07
MSFT,2025-08-25,216.45
MSFT,2025-08-26,217.97
MSFT,2025-08-27,221.81
MSFT,2025-08-28,221.19
MSFT,2025-08-29,220.79
MSFT,2025-09-01,220.67
MSFT,2025-09-02,212.58
MSFT,2025-09-03,217.34
MSFT,2025-09-04,210.61
MSFT,2025-09-05,206.54
MSFT,2025-09-08,209.44
MSFT,2025-09-09,209.79
MSFT,2025-09-10,213.32
MSFT,2025-09-11,220.73
MSFT,2025-09-12,229.08
MSFT,2025-09-15,235.55
MSFT,2025-09-16,234.62
MSFT,2025-09-17,244.37
MSFT,2025-09-18,240.22
MSFT,2025-09-19,239.94
MSFT,2025-09-22,244.87
MSFT,2025-09-23,243.97
MSFT,2025-09-24,243.52
MSFT,2025-09-25,241.94
MSFT,2025-09-26,248.69
MSFT,2025-09-29,236.56
MSFT,2025-09-30,242.72
MSFT,2025-10-01,248.01
MSFT,2025-10-02,247.80
MSFT,2025-10-03,250.72
MSFT,2025-10-06,246.01
MSFT,2025-10-07,251.62
MSFT,2025-10-08,267.17
MSFT,2025-10-09,262.41
MSFT,2025-10-10,269.89
MSFT,2025-10-13,269.75
MSFT,2025-10-14,268.08
MSFT,2025-10-15,265.63
MSFT,2025-10-16,264.78
MSFT,2025-10-17,258.30
MSFT,2025-10-20,251.44
MSFT,2025-10-21,259.95
MSFT,2025-10-22,260.01
MSFT,2025-10-23,263.04
MSFT,2025-10-24,264.82
MSFT,2025-10-27,267.50
MSFT,2025-10-28,259.50
MSFT,2025-10-29,254.73
MSFT,2025-10-30,258.10
MSFT,2025-10-31,263.41
MSFT,2025-11-03,257.53
MSFT,2025-11-04,254.71
MSFT,2025-11-05,249.41
MSFT,2025-11-06,252.82
MSFT,2025-11-07,254.71
MSFT,2025-11-10,255.02
MSFT,2025-11-11,251.86
MSFT,2025-11-12,253.74
MSFT,2025-11-13,254.05
MSFT,2025-11-14,250.42
MSFT,2025-11-17,252.23
MSFT,2025-11-18,249.03
MSFT,2025-11-19,253.92
MSFT,2025-11-20,257.25
MSFT,2025-11-21,253.86
MSFT,2025-11-24,256.99
MSFT,2025-11-25,257.49
MSFT,2025-11-26,254.00
MSFT,2025-11-27,249.51
MSFT,2025-11-28,241.36
MSFT,2025-12-01,236.04
MSFT,2025-12-02,237.82
MSFT,2025-12-03,243.70
MSFT,2025-12-04,240.78
MSFT,2025-12-05,241.69
MSFT,2025-12-08,243.50
MSFT,2025-12-09,247.44
MSFT,2025-12-10,249.78
MSFT,2025-12-11,256.06
MSFT,2025-12-12,260.13
MSFT,2025-12-15,256.32
MSFT,2025-12-16,258.51
MSFT,2025-12-17,246.55
MSFT,2025-12-18,245.81
MSFT,2025-12-19,246.05
MSFT,2025-12-22,249.05
MSFT,2025-12-23,247.69
MSFT,2025-12-24,251.96
MSFT,2025-12-25,258.77
MSFT,2025-12-26,254.58
MSFT,2025-12-29,251.96
MSFT,2025-12-30,253.42
MSFT,2025-12-31,256.05
MSFT,2026-01-01,256.94
MSFT,2026-01-02,261.36
MSFT,2026-01-05,255.34
MSFT,2026-01-06,259.45
MSFT,2026-01-07,265.65
MSFT,2026-01-08,271.71
MSFT,2026-01-09,274.18
MSFT,2026-01-12,273.04
MSFT,2026-01-13,275.39
MSFT,2026-01-14,275.13
MSFT,2026-01-15,266.57
MSFT,2026-01-16,263.49
MSFT,2026-01-19,263.44
MSFT,2026-01-20,260.87
MSFT,2026-01-21,256.16
MSFT,2026-01-22,255.12
MSFT,2026-01-23,253.38
MSFT,2026-01-26,253.88
MSFT,2026-01-27,253.78
MSFT,2026-01-28,254.80
MSFT,2026-01-29,260.01
MSFT,2026-01-30,260.88
MSFT,2026-02-02,263.15
MSFT,2026-02-03,256.87
MSFT,2026-02-04,241.88
MSFT,2026-02-05,240.08
MSFT,2026-02-06,243.48
MSFT,2026-02-09,241.97
MSFT,2026-02-10,239.09
MSFT,2026-02-11,233.30
MSFT,2026-02-12,237.60
MSFT,2026-02-13,235.24
MSFT,2026-02-16,236.53
MSFT,2026-02-17,242.02
MSFT,2026-02-18,244.75
MSFT,2026-02-19,255.88
MSFT,2026-02-20,255.35
MSFT,2026-02-23,260.38
MSFT,2026-02-24,264.15
MSFT,2026-02-25,260.84
MSFT,2026-02-26,261.25
MSFT,2026-02-27,258.45
MSFT,2026-03-02,253.30
MSFT,2026-03-03,254.97
MSFT,2026-03-04,251.17
MSFT,2026-03-05,259.76
MSFT,2026-03-06,256.06
MSFT,2026-03-09,253.42
MSFT,2026-03-10,254.03
MSFT,2026-03-11,251.55
MSFT,2026-03-12,251.97
MSFT,2026-03-13,249.05
MSFT,2026-03-16,242.11
MSFT,2026-03-17,230.57
MSFT,2026-03-18,224.76
MSFT,2026-03-19,231.73
MSFT,2026-03-20,233.93
MSFT,2026-03-23,234.79
MSFT,2026-03-24,232.74
MSFT,2026-03-25,232.20
MSFT,2026-03-26,233.73
MSFT,2026-03-27,227.37
MSFT,2026-03-30,223.87
MSFT,2026-03-31,220.02
MSFT,2026-04-01,225.69
MSFT,2026-04-02,221.05
MSFT,2026-04-03,226.36
MSFT,2026-04-06,224.39
MSFT,2026-04-07,236.75
MSFT,2026-04-08,236.52
MSFT,2026-04-09,236.81
MSFT,2026-04-10,243.35
MSFT,2026-04-13,247.75
MSFT,2026-04-14,252.55
MSFT,2026-04-15,247.30
MSFT,2026-04-16,253.06
MSFT,2026-04-17,261.71
MSFT,2026-04-20,261.33
MSFT,2026-04-21,258.96
MSFT,2026-04-22,253.45
MSFT,2026-04-23,258.76
MSFT,2026-04-24,260.43
MSFT,2026-04-27,260.62
MSFT,2026-04-28,254.34
MSFT,2026-04-29,262.73
MSFT,2026-04-30,267.49
MSFT,2026-05-01,267.53
MSFT,2026-05-04,275.59
MSFT,2026-05-05,270.51
MSFT,2026-05-06,275.44
MSFT,2026-05-07,270.10
MSFT,2026-05-08,277.88
MSFT,2026-05-11,276.51
MSFT,2026-05-12,283.44
MSFT,2026-05-13,281.25
MSFT,2026-05-14,283.66
MSFT,2026-05-15,290.30
MSFT,2026-05-18,285.23
MSFT,2026-05-19,285.95
MSFT,2026-05-20,281.33
MSFT,2026-05-21,286.29
MSFT,2026-05-22,283.00
MSFT,2026-05-25,281.06
MSFT,2026-05-26,280.08
MSFT,2026-05-27,286.77
MSFT,2026-05-28,280.97
MSFT,2026-05-29,280.99
MSFT,2026-06-01,279.30
MSFT,2026-06-02,276.40
MSFT,2026-06-03,272.21
MSFT,2026-06-04,271.50
MSFT,2026-06-05,272.72
MSFT,2026-06-08,264.44
MSFT,2026-06-09,265.84
MSFT,2026-06-10,259.70
MSFT,2026-06-11,259.93
MSFT,2026-06-12,271.93
MSFT,2026-06-15,266.83
MSFT,2026-06-16,266.63
MSFT,2026-06-17,265.43
MSFT,2026-06-18,270.80
MSFT,2026-06-19,268.39
MSFT,2026-06-22,258.96
MSFT,2026-06-23,250.77
MSFT,2026-06-24,251.80
MSFT,2026-06-25,253.23
MSFT,2026-06-26,258.78
MSFT,2026-06-29,256.15
MSFT,2026-06-30,259.72
MSFT,2026-07-01,254.34
MSFT,2026-07-02,261.08
MSFT,2026-07-03,260.86
MSFT,2026-07-06,257.48
MSFT,2026-07-07,258.55
MSFT,2026-07-08,267.71
MSFT,2026-07-09,263.33
MSFT,2026-07-10,256.95
MSFT,2026-07-13,251.89
MSFT,2026-07-14,246.22
MSFT,2026-07-15,246.11
MSFT,2026-07-16,247.98
MSFT,2026-07-17,247.31
MSFT,2026-07-20,248.43
MSFT,2026-07-21,254.47
MSFT,2026-07-22,253.15
MSFT,2026-07-23,246.96
MSFT,2026-07-24,235.81
MSFT,2026-07-27,237.09
MSFT,2026-07-28,234.01
MSFT,2026-07-29,232.98
MSFT,2026-07-30,235.02
MSFT,2026-07-31,237.34
MSFT,2026-08-03,230.03
MSFT,2026-08-04,225.77
MSFT,2026-08-05,226.23
MSFT,2026-08-06,225.72
MSFT,2026-08-07,231.03
MSFT,2026-08-10,228.84
MSFT,2026-08-11,219.53
MSFT,2026-08-12,224.79
MSFT,2026-08-13,217.57
MSFT,2026-08-14,213.48
MSFT,2026-08-17,215.27
MSFT,2026-08-18,210.83
MSFT,2026-08-19,221.45
MSFT,2026-08-20,222.63
MSFT,2026-08-21,225.15
MSFT,2026-08-24,223.32
MSFT,2026-08-25,233.35
MSFT,2026-08-26,236.01
MSFT,2026-08-27,232.76
MSFT,2026-08-28,238.74
MSFT,2026-08-31,230.81
MSFT,2026-09-01,228.24
MSFT,2026-09-02,229.69
MSFT,2026-09-03,230.46
MSFT,2026-09-04,226.18
MSTR,2025-06-02,53.79
MSTR,2025-06-03,54.23
MSTR,2025-06-04,53.58
MSTR,2025-06-05,53.15
MSTR,2025-06-06,54.24
MSTR,2025-06-09,54.41
MSTR,2025-06-10,54.33
MSTR,2025-06-11,54.48
MSTR,2025-06-12,53.24
MSTR,2025-06-13,54.58
MSTR,2025-06-16,53.79
MSTR,2025-06-17,55.24
MSTR,2025-06-18,54.77
MSTR,2025-06-19,54.31
MSTR,2025-06-20,55.96
MSTR,2025-06-23,56.21
MSTR,2025-06-24,55.53
MSTR,2025-06-25,54.97
MSTR,2025-06-26,55.68
MSTR,2025-06-27,57.80
MSTR,2025-06-30,58.55
MSTR,2025-07-01,58.13
MSTR,2025-07-02,56.86
MSTR,2025-07-03,56.14
MSTR,2025-07-04,56.04
MSTR,2025-07-07,56.35
MSTR,2025-07-08,55.65
MSTR,2025-07-09,57.12
MSTR,2025-07-10,56.06
MSTR,2025-07-11,55.30
MSTR,2025-07-14,55.89
MSTR,2025-07-15,56.46
MSTR,2025-07-16,56.06
MSTR,2025-07-17,57.18
MSTR,2025-07-18,55.61
MSTR,2025-07-21,57.46
MSTR,2025-07-22,60.01
MSTR,2025-07-23,62.40
MSTR,2025-07-24,62.59
MSTR,2025-07-25,65.10
MSTR,2025-07-28,65.21
MSTR,2025-07-29,66.99
MSTR,2025-07-30,66.77
MSTR,2025-07-31,67.07
MSTR,2025-08-01,67.82
MSTR,2025-08-04,65.50
MSTR,2025-08-05,65.27
MSTR,2025-08-06,67.56
MSTR,2025-08-07,63.65
MSTR,2025-08-08,64.19
MSTR,2025-08-11,65.42
MSTR,2025-08-12,65.89
MSTR,2025-08-13,66.19
MSTR,2025-08-14,68.07
MSTR,2025-08-15,68.57
MSTR,2025-08-18,66.03
MSTR,2025-08-19,64.82
MSTR,2025-08-20,64.49
MSTR,2025-08-21,64.72
MSTR,2025-08-22,64.18
MSTR,2025-08-25,64.09
MSTR,2025-08-26,66.27
MSTR,2025-08-27,62.43
MSTR,2025-08-28,63.91
MSTR,2025-08-29,65.15
MSTR,2025-09-01,65.98
MSTR,2025-09-02,66.05
MSTR,2025-09-03,66.18
MSTR,2025-09-04,66.70
MSTR,2025-09-05,67.07
MSTR,2025-09-08,66.15
MSTR,2025-09-09,67.22
MSTR,2025-09-10,66.16
MSTR,2025-09-11,66.15
MSTR,2025-09-12,65.72
MSTR,2025-09-15,64.26
MSTR,2025-09-16,65.08
MSTR,2025-09-17,65.03
MSTR,2025-09-18,63.56
MSTR,2025-09-19,63.51
MSTR,2025-09-22,61.80
MSTR,2025-09-23,63.62
MSTR,2025-09-24,64.31
MSTR,2025-09-25,66.91
MSTR,2025-09-26,66.20
MSTR,2025-09-29,67.18
MSTR,2025-09-30,65.92
MSTR,2025-10-01,64.85
MSTR,2025-10-02,64.78
MSTR,2025-10-03,65.35
MSTR,2025-10-06,66.60
MSTR,2025-10-07,66.29
MSTR,2025-10-08,67.80
MSTR,2025-10-09,69.15
MSTR,2025-10-10,67.99
MSTR,2025-10-13,67.79
MSTR,2025-10-14,66.60
MSTR,2025-10-15,68.91
MSTR,2025-10-16,68.20
MSTR,2025-10-17,69.45
MSTR,2025-10-20,70.77
MSTR,2025-10-21,70.46
MSTR,2025-10-22,69.82
MSTR,2025-10-23,70.35
MSTR,2025-10-24,69.31
MSTR,2025-10-27,67.61
MSTR,2025-10-28,66.35
MSTR,2025-10-29,66.85
MSTR,2025-10-30,67.15
MSTR,2025-10-31,69.55
MSTR,2025-11-03,67.07
MSTR,2025-11-04,67.79
MSTR,2025-11-05,66.27
MSTR,2025-11-06,67.84
MSTR,2025-11-07,68.83
MSTR,2025-11-10,69.05
MSTR,2025-11-11,71.13
MSTR,2025-11-12,70.65
MSTR,2025-11-13,69.95
MSTR,2025-11-14,68.53
MSTR,2025-11-17,67.68
MSTR,2025-11-18,67.89
MSTR,2025-11-19,68.84
MSTR,2025-11-20,70.64
MSTR,2025-11-21,70.31
MSTR,2025-11-24,69.34
MSTR,2025-11-25,68.93
MSTR,2025-11-26,68.38
MSTR,2025-11-27,67.80
MSTR,2025-11-28,67.30
MSTR,2025-12-01,66.18
MSTR,2025-12-02,66.15
MSTR,2025-12-03,65.53
MSTR,2025-12-04,65.35
MSTR,2025-12-05,63.60
MSTR,2025-12-08,63.82
MSTR,2025-12-09,64.59
MSTR,2025-12-10,65.47
MSTR,2025-12-11,64.80
MSTR,2025-12-12,63.38
MSTR,2025-12-15,61.78
MSTR,2025-12-16,60.38
MSTR,2025-12-17,59.65
MSTR,2025-12-18,59.33
MSTR,2025-12-19,57.28
MSTR,2025-12-22,58.08
MSTR,2025-12-23,56.34
MSTR,2025-12-24,55.62
MSTR,2025-12-25,54.86
MSTR,2025-12-26,55.80
MSTR,2025-12-29,57.87
MSTR,2025-12-30,57.51
MSTR,2025-12-31,57.23
MSTR,2026-01-01,56.83
MSTR,2026-01-02,56.64
MSTR,2026-01-05,56.49
MSTR,2026-01-06,59.29
MSTR,2026-01-07,58.05
MSTR,2026-01-08,57.97
MSTR,2026-01-09,57.10
MSTR,2026-01-12,57.54
MSTR,2026-01-13,56.99
MSTR,2026-01-14,57.68
MSTR,2026-01-15,56.48
MSTR,2026-01-16,58.88
MSTR,2026-01-19,59.17
MSTR,2026-01-20,57.14
MSTR,2026-01-21,57.97
MSTR,2026-01-22,57.47
MSTR,2026-01-23,56.20
MSTR,2026-01-26,56.73
MSTR,2026-01-27,56.18
MSTR,2026-01-28,57.04
MSTR,2026-01-29,56.46
MSTR,2026-01-30,57.51
MSTR,2026-02-02,57.72
MSTR,2026-02-03,58.17
MSTR,2026-02-04,58.39
MSTR,2026-02-05,58.01
MSTR,2026-02-06,57.63
MSTR,2026-02-09,58.19
MSTR,2026-02-10,59.05
MSTR,2026-02-11,58.61
MSTR,2026-02-12,61.24
MSTR,2026-02-13,63.33
MSTR,2026-02-16,61.94
MSTR,2026-02-17,63.32
MSTR,2026-02-18,63.27
MSTR,2026-02-19,63.61
MSTR,2026-02-20,62.66
MSTR,2026-02-23,64.75
MSTR,2026-02-24,63.74
MSTR,2026-02-25,63.68
MSTR,2026-02-26,62.82
MSTR,2026-02-27,65.26
MSTR,2026-03-02,66.92
MSTR,2026-03-03,65.22
MSTR,2026-03-04,64.69
MSTR,2026-03-05,65.20
MSTR,2026-03-06,64.69
MSTR,2026-03-09,64.28
MSTR,2026-03-10,62.96
MSTR,2026-03-11,63.32
MSTR,2026-03-12,62.00
MSTR,2026-03-13,63.06
MSTR,2026-03-16,66.08
MSTR,2026-03-17,65.70
MSTR,2026-03-18,67.88
MSTR,2026-03-19,68.43
MSTR,2026-03-20,67.57
MSTR,2026-03-23,67.16
MSTR,2026-03-24,65.94
MSTR,2026-03-25,66.13
MSTR,2026-03-26,67.09
MSTR,2026-03-27,68.37
MSTR,2026-03-30,68.04
MSTR,2026-03-31,66.49
MSTR,2026-04-01,66.43
MSTR,2026-04-02,68.67
MSTR,2026-04-03,69.10
MSTR,2026-04-06,69.06
MSTR,2026-04-07,66.29
MSTR,2026-04-08,65.77
MSTR,2026-04-09,66.52
MSTR,2026-04-10,65.32
MSTR,2026-04-13,67.10
MSTR,2026-04-14,66.40
MSTR,2026-04-15,65.31
MSTR,2026-04-16,64.61
MSTR,2026-04-17,64.54
MSTR,2026-04-20,65.85
MSTR,2026-04-21,65.17
MSTR,2026-04-22,62.92
MSTR,2026-04-23,62.87
MSTR,2026-04-24,63.56
MSTR,2026-04-27,65.53
MSTR,2026-04-28,64.13
MSTR,2026-04-29,66.04
MSTR,2026-04-30,66.97
MSTR,2026-05-01,67.62
MSTR,2026-05-04,66.64
MSTR,2026-05-05,65.53
MSTR,2026-05-06,64.35
MSTR,2026-05-07,65.57
MSTR,2026-05-08,65.90
MSTR,2026-05-11,67.33
MSTR,2026-05-12,69.79
MSTR,2026-05-13,69.86
MSTR,2026-05-14,69.85
MSTR,2026-05-15,72.53
MSTR,2026-05-18,70.71
MSTR,2026-05-19,70.14
MSTR,2026-05-20,69.68
MSTR,2026-05-21,69.22
MSTR,2026-05-22,69.46
MSTR,2026-05-25,68.37
MSTR,2026-05-26,69.98
MSTR,2026-05-27,68.16
MSTR,2026-05-28,67.11
MSTR,2026-05-29,64.94
MSTR,2026-06-01,63.19
MSTR,2026-06-02,63.97
MSTR,2026-06-03,64.81
MSTR,2026-06-04,64.60
MSTR,2026-06-05,65.72
MSTR,2026-06-08,66.57
MSTR,2026-06-09,65.86
MSTR,2026-06-10,65.86
MSTR,2026-06-11,66.38
MSTR,2026-06-12,69.05
MSTR,2026-06-15,68.49
MSTR,2026-06-16,69.05
MSTR,2026-06-17,69.83
MSTR,2026-06-18,71.55
MSTR,2026-06-19,72.20
MSTR,2026-06-22,73.78
MSTR,2026-06-23,72.28
MSTR,2026-06-24,71.97
MSTR,2026-06-25,69.28
MSTR,2026-06-26,69.26
MSTR,2026-06-29,72.48
MSTR,2026-06-30,72.89
MSTR,2026-07-01,73.06
MSTR,2026-07-02,73.50
MSTR,2026-07-03,73.76
MSTR,2026-07-06,71.91
MSTR,2026-07-07,70.98
MSTR,2026-07-08,70.79
MSTR,2026-07-09,71.07
MSTR,2026-07-10,69.93
MSTR,2026-07-13,69.83
MSTR,2026-07-14,68.88
MSTR,2026-07-15,67.14
MSTR,2026-07-16,66.33
MSTR,2026-07-17,65.33
MSTR,2026-07-20,66.45
MSTR,2026-07-21,68.25
MSTR,2026-07-22,69.08
MSTR,2026-07-23,68.83
MSTR,2026-07-24,68.14
MSTR,2026-07-27,66.08
MSTR,2026-07-28,65.46
MSTR,2026-07-29,67.51
MSTR,2026-07-30,69.09
MSTR,2026-07-31,69.44
MSTR,2026-08-03,69.17
MSTR,2026-08-04,69.22
MSTR,2026-08-05,69.85
MSTR,2026-08-06,69.89
MSTR,2026-08-07,70.53
MSTR,2026-08-10,69.51
MSTR,2026-08-11,69.62
MSTR,2026-08-12,69.19
MSTR,2026-08-13,70.70
MSTR,2026-08-14,69.03
MSTR,2026-08-17,70.83
MSTR,2026-08-18,70.76
MSTR,2026-08-19,70.12
MSTR,2026-08-20,70.20
MSTR,2026-08-21,70.43
MSTR,2026-08-24,70.15
MSTR,2026-08-25,70.79
MSTR,2026-08-26,70.04
MSTR,2026-08-27,67.78
MSTR,2026-08-28,68.75
MSTR,2026-08-31,68.78
MSTR,2026-09-01,71.08
MSTR,2026-09-02,71.67
MSTR,2026-09-03,68.90
MSTR,2026-09-04,70.63
MU,2025-06-02,168.90
MU,2025-06-03,172.52
MU,2025-06-04,168.81
MU,2025-06-05,168.52
MU,2025-06-06,163.20
MU,2025-06-09,165.34
MU,2025-06-10,167.17
MU,2025-06-11,163.84
MU,2025-06-12,165.30
MU,2025-06-13,168.33
MU,2025-06-16,171.00
MU,2025-06-17,168.79
MU,2025-06-18,166.49
MU,2025-06-19,162.87
MU,2025-06-20,158.73
MU,2025-06-23,159.72
MU,2025-06-24,159.85
MU,2025-06-25,163.92
MU,2025-06-26,164.80
MU,2025-06-27,163.79
MU,2025-06-30,159.19
MU,2025-07-01,164.00
MU,2025-07-02,164.53
MU,2025-07-03,164.45
MU,2025-07-04,161.20
MU,2025-07-07,157.93
MU,2025-07-08,159.89
MU,2025-07-09,156.89
MU,2025-07-10,158.68
MU,2025-07-11,160.65
MU,2025-07-14,159.44
MU,2025-07-15,154.43
MU,2025-07-16,155.67
MU,2025-07-17,159.95
MU,2025-07-18,157.36
MU,2025-07-21,153.51
MU,2025-07-22,156.79
MU,2025-07-23,157.25
MU,2025-07-24,155.32
MU,2025-07-25,159.05
MU,2025-07-28,158.19
MU,2025-07-29,159.60
MU,2025-07-30,158.33
MU,2025-07-31,156.05
MU,2025-08-01,156.72
MU,2025-08-04,154.12
MU,2025-08-05,148.75
MU,2025-08-06,147.21
MU,2025-08-07,150.77
MU,2025-08-08,154.01
MU,2025-08-11,160.59
MU,2025-08-12,163.71
MU,2025-08-13,168.90
MU,2025-08-14,169.74
MU,2025-08-15,168.29
MU,2025-08-18,169.84
MU,2025-08-19,166.67
MU,2025-08-20,169.08
MU,2025-08-21,167.59
MU,2025-08-22,168.46
MU,2025-08-25,165.63
MU,2025-08-26,165.23
MU,2025-08-27,168.41
MU,2025-08-28,167.73
MU,2025-08-29,165.50
MU,2025-09-01,166.44
MU,2025-09-02,169.32
MU,2025-09-03,168.73
MU,2025-09-04,164.85
MU,2025-09-05,159.90
MU,2025-09-08,155.69
MU,2025-09-09,158.93
MU,2025-09-10,158.66
MU,2025-09-11,160.15
MU,2025-09-12,163.53
MU,2025-09-15,164.46
MU,2025-09-16,166.01
MU,2025-09-17,164.41
MU,2025-09-18,159.22
MU,2025-09-19,161.19
MU,2025-09-22,160.88
MU,2025-09-23,162.70
MU,2025-09-24,159.30
MU,2025-09-25,158.89
MU,2025-09-26,165.16
MU,2025-09-29,162.50
MU,2025-09-30,162.81
MU,2025-10-01,166.97
MU,2025-10-02,166.21
MU,2025-10-03,166.65
MU,2025-10-06,159.68
MU,2025-10-07,162.11
MU,2025-10-08,160.70
MU,2025-10-09,164.73
MU,2025-10-10,164.44
MU,2025-10-13,163.28
MU,2025-10-14,164.67
MU,2025-10-15,163.94
MU,2025-10-16,162.28
MU,2025-10-17,167.16
MU,2025-10-20,170.38
MU,2025-10-21,170.77
MU,2025-10-22,173.48
MU,2025-10-23,176.28
MU,2025-10-24,178.28
MU,2025-10-27,178.48
MU,2025-10-28,178.73
MU,2025-10-29,180.18
MU,2025-10-30,182.17
MU,2025-10-31,183.45
MU,2025-11-03,181.47
MU,2025-11-04,181.25
MU,2025-11-05,182.87
MU,2025-11-06,179.44
MU,2025-11-07,179.40
MU,2025-11-10,182.06
MU,2025-11-11,182.66
MU,2025-11-12,181.70
MU,2025-11-13,181.61
MU,2025-11-14,179.97
MU,2025-11-17,183.43
MU,2025-11-18,182.14
MU,2025-11-19,176.19
MU,2025-11-20,172.14
MU,2025-11-21,173.15
MU,2025-11-24,173.89
MU,2025-11-25,172.28
MU,2025-11-26,167.97
MU,2025-11-27,167.48
MU,2025-11-28,164.81
MU,2025-12-01,162.69
MU,2025-12-02,162.73
MU,2025-12-03,160.28
MU,2025-12-04,161.28
MU,2025-12-05,158.94
MU,2025-12-08,157.56
MU,2025-12-09,156.86
MU,2025-12-10,161.30
MU,2025-12-11,166.28
MU,2025-12-12,169.33
MU,2025-12-15,166.89
MU,2025-12-16,166.95
MU,2025-12-17,169.93
MU,2025-12-18,172.60
MU,2025-12-19,167.10
MU,2025-12-22,166.96
MU,2025-12-23,164.54
MU,2025-12-24,166.95
MU,2025-12-25,169.04
MU,2025-12-26,167.34
MU,2025-12-29,174.36
MU,2025-12-30,173.48
MU,2025-12-31,181.77
MU,2026-01-01,181.23
MU,2026-01-02,180.92
MU,2026-01-05,187.55
MU,2026-01-06,185.62
MU,2026-01-07,183.99
MU,2026-01-08,189.30
MU,2026-01-09,189.21
MU,2026-01-12,190.98
MU,2026-01-13,186.43
MU,2026-01-14,192.95
MU,2026-01-15,196.64
MU,2026-01-16,198.01
MU,2026-01-19,200.74
MU,2026-01-20,198.77
MU,2026-01-21,197.02
MU,2026-01-22,190.96
MU,2026-01-23,192.36
MU,2026-01-26,197.02
MU,2026-01-27,200.30
MU,2026-01-28,203.90
MU,2026-01-29,206.72
MU,2026-01-30,202.99
MU,2026-02-02,197.99
MU,2026-02-03,200.47
MU,2026-02-04,201.17
MU,2026-02-05,205.04
MU,2026-02-06,204.03
MU,2026-02-09,200.50
MU,2026-02-10,202.26
MU,2026-02-11,200.05
MU,2026-02-12,193.85
MU,2026-02-13,191.54
MU,2026-02-16,188.38
MU,2026-02-17,184.27
MU,2026-02-18,182.39
MU,2026-02-19,185.77
MU,2026-02-20,194.16
MU,2026-02-23,200.73
MU,2026-02-24,199.20
MU,2026-02-25,203.65
MU,2026-02-26,203.43
MU,2026-02-27,205.03
MU,2026-03-02,202.45
MU,2026-03-03,202.15
MU,2026-03-04,195.74
MU,2026-03-05,202.60
MU,2026-03-06,199.71
MU,2026-03-09,202.00
MU,2026-03-10,199.80
MU,2026-03-11,200.85
MU,2026-03-12,196.41
MU,2026-03-13,194.96
MU,2026-03-16,198.41
MU,2026-03-17,200.71
MU,2026-03-18,193.35
MU,2026-03-19,196.57
MU,2026-03-20,191.72
MU,2026-03-23,192.78
MU,2026-03-24,194.75
MU,2026-03-25,192.30
MU,2026-03-26,191.19
MU,2026-03-27,190.27
MU,2026-03-30,191.77
MU,2026-03-31,195.20
MU,2026-04-01,200.32
MU,2026-04-02,201.60
MU,2026-04-03,209.31
MU,2026-04-06,205.43
MU,2026-04-07,212.44
MU,2026-04-08,211.35
MU,2026-04-09,214.50
MU,2026-04-10,213.97
MU,2026-04-13,214.37
MU,2026-04-14,210.51
MU,2026-04-15,212.13
MU,2026-04-16,220.53
MU,2026-04-17,221.22
MU,2026-04-20,221.13
MU,2026-04-21,221.21
MU,2026-04-22,224.29
MU,2026-04-23,223.49
MU,2026-04-24,223.47
MU,2026-04-27,224.45
MU,2026-04-28,230.17
MU,2026-04-29,234.41
MU,2026-04-30,229.57
MU,2026-05-01,226.88
MU,2026-05-04,226.97
MU,2026-05-05,230.69
MU,2026-05-06,235.06
MU,2026-05-07,234.21
MU,2026-05-08,243.96
MU,2026-05-11,243.28
MU,2026-05-12,249.97
MU,2026-05-13,256.81
MU,2026-05-14,264.82
MU,2026-05-15,265.91
MU,2026-05-18,268.91
MU,2026-05-19,261.18
MU,2026-05-20,252.08
MU,2026-05-21,249.23
MU,2026-05-22,252.73
MU,2026-05-25,257.92
MU,2026-05-26,257.40
MU,2026-05-27,262.56
MU,2026-05-28,265.53
MU,2026-05-29,273.30
MU,2026-06-01,264.77
MU,2026-06-02,260.69
MU,2026-06-03,255.80
MU,2026-06-04,250.80
MU,2026-06-05,258.89
MU,2026-06-08,254.42
MU,2026-06-09,250.28
MU,2026-06-10,248.47
MU,2026-06-11,252.76
MU,2026-06-12,250.62
MU,2026-06-15,254.23
MU,2026-06-16,256.97
MU,2026-06-17,253.74
MU,2026-06-18,242.43
MU,2026-06-19,238.07
MU,2026-06-22,232.50
MU,2026-06-23,239.94
MU,2026-06-24,236.74
MU,2026-06-25,231.77
MU,2026-06-26,233.50
MU,2026-06-29,233.74
MU,2026-06-30,229.65
MU,2026-07-01,234.57
MU,2026-07-02,238.72
MU,2026-07-03,240.02
MU,2026-07-06,236.63
MU,2026-07-07,232.58
MU,2026-07-08,223.59
MU,2026-07-09,225.26
MU,2026-07-10,227.01
MU,2026-07-13,222.91
MU,2026-07-14,223.08
MU,2026-07-15,237.41
MU,2026-07-16,232.38
MU,2026-07-17,224.60
MU,2026-07-20,227.27
MU,2026-07-21,225.37
MU,2026-07-22,223.31
MU,2026-07-23,226.03
MU,2026-07-24,225.53
MU,2026-07-27,229.92
MU,2026-07-28,232.24
MU,2026-07-29,237.51
MU,2026-07-30,238.12
MU,2026-07-31,228.04
MU,2026-08-03,233.98
MU,2026-08-04,226.17
MU,2026-08-05,230.71
MU,2026-08-06,231.85
MU,2026-08-07,225.79
MU,2026-08-10,226.08
MU,2026-08-11,229.92
MU,2026-08-12,225.31
MU,2026-08-13,225.54
MU,2026-08-14,222.27
MU,2026-08-17,218.09
MU,2026-08-18,215.44
MU,2026-08-19,220.72
MU,2026-08-20,223.68
MU,2026-08-21,223.61
MU,2026-08-24,223.25
MU,2026-08-25,223.84
MU,2026-08-26,225.09
MU,2026-08-27,225.93
MU,2026-08-28,218.31
MU,2026-08-31,222.18
MU,2026-09-01,218.44
MU,2026-09-02,207.68
MU,2026-09-03,210.54
MU,2026-09-04,205.76
NFLX,2025-06-02,232.70
NFLX,2025-06-03,235.03
NFLX,2025-06-04,233.69
NFLX,2025-06-05,232.41
NFLX,2025-06-06,227.97
NFLX,2025-06-09,226.72
NFLX,2025-06-10,222.02
NFLX,2025-06-11,222.17
NFLX,2025-06-12,227.85
NFLX,2025-06-13,232.19
NFLX,2025-06-16,234.05
NFLX,2025-06-17,227.95
NFLX,2025-06-18,232.47
NFLX,2025-06-19,236.56
NFLX,2025-06-20,246.04
NFLX,2025-06-23,235.48
NFLX,2025-06-24,235.46
NFLX,2025-06-25,233.93
NFLX,2025-06-26,238.84
NFLX,2025-06-27,233.87
NFLX,2025-06-30,232.03
NFLX,2025-07-01,242.23
NFLX,2025-07-02,246.87
NFLX,2025-07-03,237.46
NFLX,2025-07-04,237.47
NFLX,2025-07-07,243.61
NFLX,2025-07-08,240.56
NFLX,2025-07-09,243.24
NFLX,2025-07-10,243.62
NFLX,2025-07-11,236.80
NFLX,2025-07-14,233.80
NFLX,2025-07-15,238.80
NFLX,2025-07-16,244.27
NFLX,2025-07-17,241.43
NFLX,2025-07-18,246.67
NFLX,2025-07-21,243.28
NFLX,2025-07-22,244.37
NFLX,2025-07-23,244.22
NFLX,2025-07-24,238.13
NFLX,2025-07-25,239.54
NFLX,2025-07-28,237.62
NFLX,2025-07-29,225.15
NFLX,2025-07-30,221.39
NFLX,2025-07-31,217.77
NFLX,2025-08-01,214.11
NFLX,2025-08-04,210.08
NFLX,2025-08-05,207.16
NFLX,2025-08-06,197.44
NFLX,2025-08-07,200.82
NFLX,2025-08-08,201.05
NFLX,2025-08-11,201.98
NFLX,2025-08-12,200.91
NFLX,2025-08-13,201.08
NFLX,2025-08-14,200.03
NFLX,2025-08-15,195.66
NFLX,2025-08-18,189.95
NFLX,2025-08-19,190.16
NFLX,2025-08-20,193.80
NFLX,2025-08-21,194.62
NFLX,2025-08-22,200.56
NFLX,2025-08-25,195.10
NFLX,2025-08-26,194.07
NFLX,2025-08-27,191.64
NFLX,2025-08-28,196.09
NFLX,2025-08-29,202.56
NFLX,2025-09-01,200.49
NFLX,2025-09-02,203.30
NFLX,2025-09-03,202.31
NFLX,2025-09-04,198.25
NFLX,2025-09-05,197.78
NFLX,2025-09-08,193.66
NFLX,2025-09-09,199.34
NFLX,2025-09-10,201.57
NFLX,2025-09-11,206.09
NFLX,2025-09-12,207.46
NFLX,2025-09-15,197.78
NFLX,2025-09-16,200.82
NFLX,2025-09-17,201.12
NFLX,2025-09-18,191.61
NFLX,2025-09-19,191.93
NFLX,2025-09-22,195.67
NFLX,2025-09-23,202.01
NFLX,2025-09-24,197.87
NFLX,2025-09-25,200.79
NFLX,2025-09-26,202.03
NFLX,2025-09-29,201.31
NFLX,2025-09-30,200.11
NFLX,2025-10-01,202.08
NFLX,2025-10-02,204.29
NFLX,2025-10-03,206.81
NFLX,2025-10-06,205.07
NFLX,2025-10-07,199.84
NFLX,2025-10-08,204.95
NFLX,2025-10-09,209.97
NFLX,2025-10-10,207.56
NFLX,2025-10-13,207.37
NFLX,2025-10-14,210.59
NFLX,2025-10-15,203.45
NFLX,2025-10-16,205.37
NFLX,2025-10-17,214.81
NFLX,2025-10-20,215.88
NFLX,2025-10-21,212.90
NFLX,2025-10-22,221.38
NFLX,2025-10-23,221.35
NFLX,2025-10-24,222.18
NFLX,2025-10-27,220.31
NFLX,2025-10-28,221.01
NFLX,2025-10-29,213.35
NFLX,2025-10-30,207.88
NFLX,2025-10-31,201.95
NFLX,2025-11-03,205.46
NFLX,2025-11-04,205.03
NFLX,2025-11-05,209.60
NFLX,2025-11-06,201.36
NFLX,2025-11-07,198.90
NFLX,2025-11-10,204.39
NFLX,2025-11-11,201.12
NFLX,2025-11-12,193.88
NFLX,2025-11-13,190.96
NFLX,2025-11-14,189.64
NFLX,2025-11-17,189.52
NFLX,2025-11-18,194.19
NFLX,2025-11-19,199.19
NFLX,2025-11-20,205.04
NFLX,2025-11-21,207.31
NFLX,2025-11-24,205.25
NFLX,2025-11-25,203.17
NFLX,2025-11-26,197.35
NFLX,2025-11-27,202.21
NFLX,2025-11-28,207.00
NFLX,2025-12-01,207.28
NFLX,2025-12-02,203.67
NFLX,2025-12-03,206.30
NFLX,2025-12-04,208.16
NFLX,2025-12-05,208.71
NFLX,2025-12-08,204.00
NFLX,2025-12-09,204.88
NFLX,2025-12-10,202.58
NFLX,2025-12-11,205.45
NFLX,2025-12-12,207.73
NFLX,2025-12-15,209.45
NFLX,2025-12-16,207.66
NFLX,2025-12-17,213.80
NFLX,2025-12-18,216.90
NFLX,2025-12-19,222.23
NFLX,2025-12-22,225.72
NFLX,2025-12-23,228.58
NFLX,2025-12-24,230.21
NFLX,2025-12-25,225.29
NFLX,2025-12-26,217.36
NFLX,2025-12-29,213.27
NFLX,2025-12-30,215.71
NFLX,2025-12-31,219.49
NFLX,2026-01-01,220.18
NFLX,2026-01-02,220.48
NFLX,2026-01-05,228.17
NFLX,2026-01-06,226.30
NFLX,2026-01-07,218.48
NFLX,2026-01-08,211.76
NFLX,2026-01-09,210.37
NFLX,2026-01-12,213.19
NFLX,2026-01-13,216.12
NFLX,2026-01-14,215.10
NFLX,2026-01-15,218.39
NFLX,2026-01-16,218.10
NFLX,2026-01-19,214.99
NFLX,2026-01-20,213.31
NFLX,2026-01-21,216.33
NFLX,2026-01-22,220.30
NFLX,2026-01-23,215.47
NFLX,2026-01-26,211.21
NFLX,2026-01-27,211.63
NFLX,2026-01-28,220.38
NFLX,2026-01-29,215.36
NFLX,2026-01-30,209.98
NFLX,2026-02-02,211.59
NFLX,2026-02-03,213.62
NFLX,2026-02-04,211.04
NFLX,2026-02-05,210.85
NFLX,2026-02-06,212.73
NFLX,2026-02-09,205.38
NFLX,2026-02-10,205.21
NFLX,2026-02-11,207.55
NFLX,2026-02-12,211.15
NFLX,2026-02-13,215.90
NFLX,2026-02-16,215.52
NFLX,2026-02-17,209.35
NFLX,2026-02-18,214.66
NFLX,2026-02-19,217.82
NFLX,2026-02-20,215.09
NFLX,2026-02-23,219.37
NFLX,2026-02-24,223.66
NFLX,2026-02-25,222.96
NFLX,2026-02-26,212.79
NFLX,2026-02-27,210.76
NFLX,2026-03-02,207.62
NFLX,2026-03-03,204.14
NFLX,2026-03-04,203.74
NFLX,2026-03-05,199.35
NFLX,2026-03-06,200.76
NFLX,2026-03-09,208.12
NFLX,2026-03-10,203.30
NFLX,2026-03-11,207.37
NFLX,2026-03-12,205.17
NFLX,2026-03-13,207.28
NFLX,2026-03-16,206.70
NFLX,2026-03-17,211.82
NFLX,2026-03-18,208.86
NFLX,2026-03-19,211.78
NFLX,2026-03-20,208.56
NFLX,2026-03-23,209.41
NFLX,2026-03-24,209.28
NFLX,2026-03-25,213.66
NFLX,2026-03-26,207.12
NFLX,2026-03-27,201.57
NFLX,2026-03-30,206.87
NFLX,2026-03-31,208.36
NFLX,2026-04-01,215.06
NFLX,2026-04-02,210.64
NFLX,2026-04-03,211.41
NFLX,2026-04-06,213.83
NFLX,2026-04-07,220.99
NFLX,2026-04-08,220.68
NFLX,2026-04-09,218.70
NFLX,2026-04-10,221.68
NFLX,2026-04-13,221.16
NFLX,2026-04-14,217.84
NFLX,2026-04-15,220.94
NFLX,2026-04-16,212.61
NFLX,2026-04-17,208.40
NFLX,2026-04-20,213.88
NFLX,2026-04-21,211.75
NFLX,2026-04-22,210.32
NFLX,2026-04-23,211.74
NFLX,2026-04-24,216.31
NFLX,2026-04-27,218.42
NFLX,2026-04-28,214.22
NFLX,2026-04-29,211.80
NFLX,2026-04-30,216.07
NFLX,2026-05-01,215.50
NFLX,2026-05-04,212.76
NFLX,2026-05-05,216.24
NFLX,2026-05-06,220.99
NFLX,2026-05-07,230.12
NFLX,2026-05-08,225.19
NFLX,2026-05-11,222.06
NFLX,2026-05-12,218.96
NFLX,2026-05-13,220.37
NFLX,2026-05-14,218.23
NFLX,2026-05-15,222.81
NFLX,2026-05-18,211.02
NFLX,2026-05-19,214.83
NFLX,2026-05-20,212.05
NFLX,2026-05-21,210.85
NFLX,2026-05-22,213.11
NFLX,2026-05-25,213.86
NFLX,2026-05-26,209.55
NFLX,2026-05-27,215.50
NFLX,2026-05-28,217.85
NFLX,2026-05-29,215.71
NFLX,2026-06-01,216.51
NFLX,2026-06-02,211.84
NFLX,2026-06-03,206.67
NFLX,2026-06-04,205.40
NFLX,2026-06-05,206.79
NFLX,2026-06-08,207.11
NFLX,2026-06-09,203.90
NFLX,2026-06-10,198.40
NFLX,2026-06-11,191.83
NFLX,2026-06-12,197.63
NFLX,2026-06-15,198.98
NFLX,2026-06-16,195.85
NFLX,2026-06-17,200.31
NFLX,2026-06-18,202.31
NFLX,2026-06-19,200.60
NFLX,2026-06-22,198.17
NFLX,2026-06-23,202.50
NFLX,2026-06-24,203.69
NFLX,2026-06-25,210.12
NFLX,2026-06-26,211.50
NFLX,2026-06-29,209.01
NFLX,2026-06-30,206.53
NFLX,2026-07-01,203.61
NFLX,2026-07-02,204.53
NFLX,2026-07-03,205.46
NFLX,2026-07-06,207.77
NFLX,2026-07-07,209.53
NFLX,2026-07-08,205.23
NFLX,2026-07-09,204.33
NFLX,2026-07-10,200.56
NFLX,2026-07-13,202.37
NFLX,2026-07-14,197.19
NFLX,2026-07-15,194.88
NFLX,2026-07-16,191.60
NFLX,2026-07-17,189.22
NFLX,2026-07-20,188.22
NFLX,2026-07-21,193.69
NFLX,2026-07-22,192.67
NFLX,2026-07-23,187.21
NFLX,2026-07-24,186.05
NFLX,2026-07-27,188.69
NFLX,2026-07-28,190.63
NFLX,2026-07-29,191.44
NFLX,2026-07-30,198.68
NFLX,2026-07-31,202.90
NFLX,2026-08-03,203.18
NFLX,2026-08-04,207.92
NFLX,2026-08-05,202.50
NFLX,2026-08-06,201.75
NFLX,2026-08-07,198.32
NFLX,2026-08-10,198.93
NFLX,2026-08-11,205.03
NFLX,2026-08-12,202.97
NFLX,2026-08-13,209.10
NFLX,2026-08-14,204.86
NFLX,2026-08-17,210.39
NFLX,2026-08-18,203.37
NFLX,2026-08-19,199.98
NFLX,2026-08-20,203.79
NFLX,2026-08-21,203.35
NFLX,2026-08-24,203.85
NFLX,2026-08-25,203.72
NFLX,2026-08-26,204.36
NFLX,2026-08-27,203.58
NFLX,2026-08-28,199.63
NFLX,2026-08-31,198.44
NFLX,2026-09-01,198.79
NFLX,2026-09-02,195.29
NFLX,2026-09-03,196.98
NFLX,2026-09-04,203.57
NVDA,2025-06-02,222.62
NVDA,2025-06-03,222.82
NVDA,2025-06-04,223.35
NVDA,2025-06-05,220.35
NVDA,2025-06-06,220.32
NVDA,2025-06-09,220.46
NVDA,2025-06-10,220.20
NVDA,2025-06-11,226.82
NVDA,2025-06-12,227.51
NVDA,2025-06-13,221.18
NVDA,2025-06-16,214.56
NVDA,2025-06-17,217.10
NVDA,2025-06-18,215.77
NVDA,2025-06-19,213.32
NVDA,2025-06-20,207.81
NVDA,2025-06-23,206.69
NVDA,2025-06-24,206.43
NVDA,2025-06-25,203.82
NVDA,2025-06-26,202.53
NVDA,2025-06-27,206.08
NVDA,2025-06-30,209.32
NVDA,2025-07-01,211.63
NVDA,2025-07-02,211.02
NVDA,2025-07-03,205.63
NVDA,2025-07-04,208.84
NVDA,2025-07-07,214.94
NVDA,2025-07-08,220.38
NVDA,2025-07-09,225.41
NVDA,2025-07-10,226.75
NVDA,2025-07-11,228.50
NVDA,2025-07-14,228.55
NVDA,2025-07-15,234.17
NVDA,2025-07-16,233.06
NVDA,2025-07-17,242.78
NVDA,2025-07-18,246.57
NVDA,2025-07-21,245.18
NVDA,2025-07-22,245.30
NVDA,2025-07-23,237.86
NVDA,2025-07-24,234.59
NVDA,2025-07-25,233.36
NVDA,2025-07-28,244.59
NVDA,2025-07-29,240.89
NVDA,2025-07-30,245.31
NVDA,2025-07-31,245.80
NVDA,2025-08-01,244.51
NVDA,2025-08-04,247.57
NVDA,2025-08-05,238.11
NVDA,2025-08-06,242.55
NVDA,2025-08-07,251.79
NVDA,2025-08-08,253.35
NVDA,2025-08-11,253.18
NVDA,2025-08-12,254.08
NVDA,2025-08-13,257.49
NVDA,2025-08-14,255.20
NVDA,2025-08-15,255.93
NVDA,2025-08-18,258.53
NVDA,2025-08-19,256.91
NVDA,2025-08-20,258.96
NVDA,2025-08-21,260.77
NVDA,2025-08-22,264.48
NVDA,2025-08-25,259.55
NVDA,2025-08-26,257.01
NVDA,2025-08-27,255.02
NVDA,2025-08-28,261.01
NVDA,2025-08-29,262.41
NVDA,2025-09-01,254.21
NVDA,2025-09-02,248.04
NVDA,2025-09-03,257.40
NVDA,2025-09-04,259.22
NVDA,2025-09-05,252.92
NVDA,2025-09-08,248.58
NVDA,2025-09-09,249.38
NVDA,2025-09-10,256.42
NVDA,2025-09-11,264.52
NVDA,2025-09-12,262.78
NVDA,2025-09-15,261.41
NVDA,2025-09-16,271.28
NVDA,2025-09-17,266.31
NVDA,2025-09-18,274.53
NVDA,2025-09-19,276.46
NVDA,2025-09-22,277.11
NVDA,2025-09-23,284.09
NVDA,2025-09-24,286.90
NVDA,2025-09-25,282.44
NVDA,2025-09-26,274.23
NVDA,2025-09-29,274.45
NVDA,2025-09-30,277.32
NVDA,2025-10-01,284.74
NVDA,2025-10-02,270.44
NVDA,2025-10-03,277.54
NVDA,2025-10-06,281.02
NVDA,2025-10-07,289.35
NVDA,2025-10-08,293.98
NVDA,2025-10-09,295.33
NVDA,2025-10-10,297.96
NVDA,2025-10-13,300.39
NVDA,2025-10-14,296.88
NVDA,2025-10-15,296.38
NVDA,2025-10-16,297.27
NVDA,2025-10-17,294.85
NVDA,2025-10-20,286.61
NVDA,2025-10-21,278.81
NVDA,2025-10-22,281.68
NVDA,2025-10-23,284.64
NVDA,2025-10-24,285.39
NVDA,2025-10-27,279.13
NVDA,2025-10-28,283.88
NVDA,2025-10-29,281.90
NVDA,2025-10-30,270.68
NVDA,2025-10-31,278.96
NVDA,2025-11-03,271.02
NVDA,2025-11-04,282.88
NVDA,2025-11-05,285.96
NVDA,2025-11-06,283.68
NVDA,2025-11-07,270.88
NVDA,2025-11-10,267.35
NVDA,2025-11-11,275.18
NVDA,2025-11-12,282.51
NVDA,2025-11-13,284.08
NVDA,2025-11-14,274.88
NVDA,2025-11-17,272.99
NVDA,2025-11-18,271.64
NVDA,2025-11-19,274.22
NVDA,2025-11-20,273.70
NVDA,2025-11-21,275.68
NVDA,2025-11-24,267.17
NVDA,2025-11-25,263.97
NVDA,2025-11-26,271.42
NVDA,2025-11-27,263.90
NVDA,2025-11-28,268.72
NVDA,2025-12-01,280.90
NVDA,2025-12-02,284.57
NVDA,2025-12-03,277.04
NVDA,2025-12-04,283.81
NVDA,2025-12-05,273.73
NVDA,2025-12-08,275.65
NVDA,2025-12-09,273.61
NVDA,2025-12-10,280.26
NVDA,2025-12-11,286.82
NVDA,2025-12-12,288.01
NVDA,2025-12-15,298.18
NVDA,2025-12-16,303.97
NVDA,2025-12-17,301.30
NVDA,2025-12-18,295.77
NVDA,2025-12-19,310.06
NVDA,2025-12-22,307.80
NVDA,2025-12-23,310.41
NVDA,2025-12-24,309.88
NVDA,2025-12-25,307.19
NVDA,2025-12-26,297.85
NVDA,2025-12-29,297.17
NVDA,2025-12-30,296.66
NVDA,2025-12-31,302.47
NVDA,2026-01-01,299.63
NVDA,2026-01-02,290.68
NVDA,2026-01-05,284.83
NVDA,2026-01-06,284.76
NVDA,2026-01-07,286.27
NVDA,2026-01-08,290.45
NVDA,2026-01-09,288.46
NVDA,2026-01-12,291.63
NVDA,2026-01-13,292.58
NVDA,2026-01-14,302.33
NVDA,2026-01-15,302.16
NVDA,2026-01-16,303.16
NVDA,2026-01-19,306.62
NVDA,2026-01-20,314.03
NVDA,2026-01-21,308.62
NVDA,2026-01-22,305.94
NVDA,2026-01-23,304.48
NVDA,2026-01-26,292.03
NVDA,2026-01-27,299.50
NVDA,2026-01-28,305.90
NVDA,2026-01-29,306.18
NVDA,2026-01-30,326.36
NVDA,2026-02-02,334.52
NVDA,2026-02-03,347.83
NVDA,2026-02-04,358.52
NVDA,2026-02-05,365.01
NVDA,2026-02-06,355.25
NVDA,2026-02-09,366.00
NVDA,2026-02-10,369.15
NVDA,2026-02-11,360.76
NVDA,2026-02-12,361.31
NVDA,2026-02-13,366.79
NVDA,2026-02-16,373.93
NVDA,2026-02-17,375.40
NVDA,2026-02-18,371.81
NVDA,2026-02-19,377.53
NVDA,2026-02-20,372.18
NVDA,2026-02-23,371.82
NVDA,2026-02-24,377.47
NVDA,2026-02-25,367.11
NVDA,2026-02-26,369.95
NVDA,2026-02-27,356.06
NVDA,2026-03-02,349.88
NVDA,2026-03-03,341.69
NVDA,2026-03-04,341.28
NVDA,2026-03-05,346.19
NVDA,2026-03-06,346.03
NVDA,2026-03-09,352.35
NVDA,2026-03-10,353.18
NVDA,2026-03-11,351.95
NVDA,2026-03-12,355.47
NVDA,2026-03-13,354.01
NVDA,2026-03-16,355.11
NVDA,2026-03-17,362.48
NVDA,2026-03-18,358.68
NVDA,2026-03-19,366.89
NVDA,2026-03-20,359.25
NVDA,2026-03-23,357.90
NVDA,2026-03-24,346.11
NVDA,2026-03-25,342.72
NVDA,2026-03-26,353.39
NVDA,2026-03-27,356.02
NVDA,2026-03-30,364.92
NVDA,2026-03-31,354.68
NVDA,2026-04-01,347.95
NVDA,2026-04-02,351.28
NVDA,2026-04-03,357.07
NVDA,2026-04-06,363.06
NVDA,2026-04-07,351.53
NVDA,2026-04-08,355.20
NVDA,2026-04-09,354.89
NVDA,2026-04-10,355.90
NVDA,2026-04-13,359.35
NVDA,2026-04-14,357.58
NVDA,2026-04-15,346.09
NVDA,2026-04-16,339.08
NVDA,2026-04-17,329.79
NVDA,2026-04-20,321.52
NVDA,2026-04-21,320.86
NVDA,2026-04-22,329.18
NVDA,2026-04-23,324.82
NVDA,2026-04-24,320.16
NVDA,2026-04-27,313.23
NVDA,2026-04-28,302.86
NVDA,2026-04-29,303.41
NVDA,2026-04-30,300.70
NVDA,2026-05-01,299.46
NVDA,2026-05-04,294.01
NVDA,2026-05-05,296.92
NVDA,2026-05-06,290.13
NVDA,2026-05-07,293.35
NVDA,2026-05-08,289.73
NVDA,2026-05-11,294.28
NVDA,2026-05-12,289.35
NVDA,2026-05-13,291.97
NVDA,2026-05-14,294.62
NVDA,2026-05-15,294.32
NVDA,2026-05-18,303.83
NVDA,2026-05-19,305.01
NVDA,2026-05-20,299.90
NVDA,2026-05-21,304.06
NVDA,2026-05-22,299.34
NVDA,2026-05-25,296.37
NVDA,2026-05-26,296.59
NVDA,2026-05-27,297.78
NVDA,2026-05-28,307.81
NVDA,2026-05-29,297.60
NVDA,2026-06-01,296.26
NVDA,2026-06-02,302.87
NVDA,2026-06-03,302.08
NVDA,2026-06-04,304.11
NVDA,2026-06-05,313.30
NVDA,2026-06-08,306.02
NVDA,2026-06-09,306.43
NVDA,2026-06-10,311.28
NVDA,2026-06-11,307.89
NVDA,2026-06-12,297.63
NVDA,2026-06-15,291.99
NVDA,2026-06-16,293.24
NVDA,2026-06-17,294.47
NVDA,2026-06-18,305.10
NVDA,2026-06-19,313.14
NVDA,2026-06-22,303.94
NVDA,2026-06-23,310.24
NVDA,2026-06-24,315.88
NVDA,2026-06-25,326.01
NVDA,2026-06-26,325.22
NVDA,2026-06-29,321.86
NVDA,2026-06-30,322.93
NVDA,2026-07-01,332.83
NVDA,2026-07-02,337.00
NVDA,2026-07-03,348.32
NVDA,2026-07-06,353.79
NVDA,2026-07-07,349.92
NVDA,2026-07-08,343.25
NVDA,2026-07-09,355.81
NVDA,2026-07-10,345.59
NVDA,2026-07-13,343.41
NVDA,2026-07-14,341.47
NVDA,2026-07-15,335.59
NVDA,2026-07-16,332.05
NVDA,2026-07-17,332.26
NVDA,2026-07-20,347.70
NVDA,2026-07-21,347.44
NVDA,2026-07-22,344.10
NVDA,2026-07-23,345.10
NVDA,2026-07-24,351.55
NVDA,2026-07-27,346.14
NVDA,2026-07-28,343.60
NVDA,2026-07-29,332.08
NVDA,2026-07-30,336.75
NVDA,2026-07-31,341.39
NVDA,2026-08-03,351.47
NVDA,2026-08-04,343.45
NVDA,2026-08-05,358.07
NVDA,2026-08-06,364.34
NVDA,2026-08-07,362.59
NVDA,2026-08-10,360.01
NVDA,2026-08-11,358.03
NVDA,2026-08-12,349.75
NVDA,2026-08-13,355.14
NVDA,2026-08-14,351.12
NVDA,2026-08-17,346.39
NVDA,2026-08-18,350.05
NVDA,2026-08-19,350.99
NVDA,2026-08-20,347.18
NVDA,2026-08-21,345.77
NVDA,2026-08-24,342.64
NVDA,2026-08-25,351.74
NVDA,2026-08-26,358.79
NVDA,2026-08-27,353.92
NVDA,2026-08-28,353.83
NVDA,2026-08-31,363.40
NVDA,2026-09-01,361.55
NVDA,2026-09-02,374.19
NVDA,2026-09-03,377.63
NVDA,2026-09-04,385.18
PLTR,2025-06-02,181.26
PLTR,2025-06-03,183.43
PLTR,2025-06-04,185.28
PLTR,2025-06-05,187.30
PLTR,2025-06-06,185.57
PLTR,2025-06-09,188.93
PLTR,2025-06-10,189.30
PLTR,2025-06-11,185.59
PLTR,2025-06-12,182.03
PLTR,2025-06-13,182.72
PLTR,2025-06-16,184.05
PLTR,2025-06-17,176.31
PLTR,2025-06-18,169.34
PLTR,2025-06-19,172.90
PLTR,2025-06-20,172.98
PLTR,2025-06-23,182.65
PLTR,2025-06-24,177.32
PLTR,2025-06-25,176.59
PLTR,2025-06-26,174.64
PLTR,2025-06-27,176.65
PLTR,2025-06-30,181.63
PLTR,2025-07-01,187.43
PLTR,2025-07-02,183.87
PLTR,2025-07-03,188.40
PLTR,2025-07-04,184.06
PLTR,2025-07-07,185.28
PLTR,2025-07-08,186.03
PLTR,2025-07-09,188.40
PLTR,2025-07-10,185.59
PLTR,2025-07-11,190.52
PLTR,2025-07-14,190.40
PLTR,2025-07-15,190.46
PLTR,2025-07-16,189.61
PLTR,2025-07-17,185.82
PLTR,2025-07-18,188.56
PLTR,2025-07-21,189.92
PLTR,2025-07-22,191.74
PLTR,2025-07-23,198.80
PLTR,2025-07-24,195.57
PLTR,2025-07-25,194.63
PLTR,2025-07-28,194.80
PLTR,2025-07-29,198.16
PLTR,2025-07-30,197.61
PLTR,2025-07-31,201.33
PLTR,2025-08-01,203.26
PLTR,2025-08-04,196.47
PLTR,2025-08-05,193.99
PLTR,2025-08-06,186.48
PLTR,2025-08-07,185.57
PLTR,2025-08-08,184.19
PLTR,2025-08-11,186.44
PLTR,2025-08-12,187.19
PLTR,2025-08-13,187.08
PLTR,2025-08-14,191.79
PLTR,2025-08-15,194.15
PLTR,2025-08-18,189.65
PLTR,2025-08-19,187.23
PLTR,2025-08-20,188.55
PLTR,2025-08-21,194.95
PLTR,2025-08-22,194.34
PLTR,2025-08-25,193.82
PLTR,2025-08-26,194.96
PLTR,2025-08-27,198.07
PLTR,2025-08-28,197.86
PLTR,2025-08-29,199.14
PLTR,2025-09-01,197.65
PLTR,2025-09-02,195.66
PLTR,2025-09-03,192.78
PLTR,2025-09-04,195.40
PLTR,2025-09-05,193.42
PLTR,2025-09-08,195.63
PLTR,2025-09-09,197.31
PLTR,2025-09-10,201.20
PLTR,2025-09-11,190.85
PLTR,2025-09-12,187.39
PLTR,2025-09-15,183.08
PLTR,2025-09-16,182.62
PLTR,2025-09-17,185.60
PLTR,2025-09-18,194.91
PLTR,2025-09-19,200.89
PLTR,2025-09-22,206.36
PLTR,2025-09-23,208.03
PLTR,2025-09-24,206.61
PLTR,2025-09-25,208.90
PLTR,2025-09-26,200.16
PLTR,2025-09-29,203.92
PLTR,2025-09-30,204.09
PLTR,2025-10-01,206.68
PLTR,2025-10-02,202.67
PLTR,2025-10-03,198.50
PLTR,2025-10-06,196.14
PLTR,2025-10-07,196.11
PLTR,2025-10-08,197.59
PLTR,2025-10-09,196.36
PLTR,2025-10-10,197.84
PLTR,2025-10-13,200.59
PLTR,2025-10-14,196.18
PLTR,2025-10-15,195.93
PLTR,2025-10-16,190.10
PLTR,2025-10-17,188.21
PLTR,2025-10-20,191.67
PLTR,2025-10-21,189.14
PLTR,2025-10-22,196.15
PLTR,2025-10-23,198.22
PLTR,2025-10-24,201.80
PLTR,2025-10-27,202.35
PLTR,2025-10-28,205.91
PLTR,2025-10-29,210.42
PLTR,2025-10-30,211.01
PLTR,2025-10-31,208.98
PLTR,2025-11-03,206.88
PLTR,2025-11-04,214.79
PLTR,2025-11-05,214.17
PLTR,2025-11-06,212.41
PLTR,2025-11-07,209.62
PLTR,2025-11-10,202.90
PLTR,2025-11-11,201.06
PLTR,2025-11-12,202.47
PLTR,2025-11-13,200.69
PLTR,2025-11-14,197.87
PLTR,2025-11-17,199.59
PLTR,2025-11-18,201.51
PLTR,2025-11-19,199.93
PLTR,2025-11-20,201.27
PLTR,2025-11-21,197.58
PLTR,2025-11-24,201.02
PLTR,2025-11-25,197.29
PLTR,2025-11-26,196.13
PLTR,2025-11-27,196.79
PLTR,2025-11-28,195.32
PLTR,2025-12-01,191.09
PLTR,2025-12-02,199.02
PLTR,2025-12-03,205.05
PLTR,2025-12-04,198.24
PLTR,2025-12-05,198.85
PLTR,2025-12-08,194.08
PLTR,2025-12-09,195.40
PLTR,2025-12-10,190.58
PLTR,2025-12-11,192.88
PLTR,2025-12-12,195.00
PLTR,2025-12-15,201.65
PLTR,2025-12-16,206.52
PLTR,2025-12-17,204.81
PLTR,2025-12-18,208.72
PLTR,2025-12-19,206.99
PLTR,2025-12-22,206.68
PLTR,2025-12-23,204.81
PLTR,2025-12-24,197.93
PLTR,2025-12-25,200.40
PLTR,2025-12-26,192.61
PLTR,2025-12-29,191.86
PLTR,2025-12-30,193.95
PLTR,2025-12-31,194.52
PLTR,2026-01-01,188.69
PLTR,2026-01-02,186.43
PLTR,2026-01-05,189.02
PLTR,2026-01-06,193.22
PLTR,2026-01-07,199.35
PLTR,2026-01-08,192.42
PLTR,2026-01-09,194.27
PLTR,2026-01-12,192.58
PLTR,2026-01-13,195.58
PLTR,2026-01-14,189.27
PLTR,2026-01-15,188.88
PLTR,2026-01-16,191.62
PLTR,2026-01-19,189.34
PLTR,2026-01-20,188.14
PLTR,2026-01-21,184.68
PLTR,2026-01-22,188.83
PLTR,2026-01-23,184.08
PLTR,2026-01-26,180.92
PLTR,2026-01-27,179.88
PLTR,2026-01-28,178.89
PLTR,2026-01-29,186.37
PLTR,2026-01-30,187.50
PLTR,2026-02-02,184.59
PLTR,2026-02-03,186.81
PLTR,2026-02-04,188.19
PLTR,2026-02-05,189.36
PLTR,2026-02-06,189.25
PLTR,2026-02-09,191.09
PLTR,2026-02-10,186.86
PLTR,2026-02-11,182.60
PLTR,2026-02-12,181.22
PLTR,2026-02-13,177.43
PLTR,2026-02-16,179.97
PLTR,2026-02-17,186.93
PLTR,2026-02-18,191.55
PLTR,2026-02-19,193.36
PLTR,2026-02-20,194.76
PLTR,2026-02-23,192.29
PLTR,2026-02-24,187.56
PLTR,2026-02-25,189.70
PLTR,2026-02-26,184.37
PLTR,2026-02-27,185.58
PLTR,2026-03-02,185.20
PLTR,2026-03-03,188.05
PLTR,2026-03-04,188.36
PLTR,2026-03-05,188.88
PLTR,2026-03-06,186.88
PLTR,2026-03-09,180.72
PLTR,2026-03-10,179.63
PLTR,2026-03-11,182.20
PLTR,2026-03-12,186.03
PLTR,2026-03-13,191.17
PLTR,2026-03-16,187.60
PLTR,2026-03-17,184.30
PLTR,2026-03-18,186.94
PLTR,2026-03-19,185.41
PLTR,2026-03-20,194.83
PLTR,2026-03-23,196.16
PLTR,2026-03-24,190.49
PLTR,2026-03-25,188.56
PLTR,2026-03-26,194.46
PLTR,2026-03-27,187.66
PLTR,2026-03-30,188.35
PLTR,2026-03-31,183.37
PLTR,2026-04-01,189.22
PLTR,2026-04-02,187.69
PLTR,2026-04-03,184.06
PLTR,2026-04-06,178.04
PLTR,2026-04-07,175.69
PLTR,2026-04-08,167.04
PLTR,2026-04-09,165.61
PLTR,2026-04-10,172.78
PLTR,2026-04-13,173.23
PLTR,2026-04-14,172.45
PLTR,2026-04-15,168.68
PLTR,2026-04-16,169.92
PLTR,2026-04-17,168.47
PLTR,2026-04-20,165.80
PLTR,2026-04-21,170.38
PLTR,2026-04-22,171.97
PLTR,2026-04-23,169.11
PLTR,2026-04-24,174.11
PLTR,2026-04-27,174.05
PLTR,2026-04-28,175.88
PLTR,2026-04-29,176.51
PLTR,2026-04-30,180.70
PLTR,2026-05-01,182.99
PLTR,2026-05-04,181.87
PLTR,2026-05-05,184.55
PLTR,2026-05-06,183.26
PLTR,2026-05-07,183.87
PLTR,2026-05-08,189.89
PLTR,2026-05-11,186.10
PLTR,2026-05-12,182.46
PLTR,2026-05-13,181.16
PLTR,2026-05-14,179.52
PLTR,2026-05-15,184.20
PLTR,2026-05-18,178.59
PLTR,2026-05-19,186.70
PLTR,2026-05-20,192.62
PLTR,2026-05-21,191.06
PLTR,2026-05-22,191.89
PLTR,2026-05-25,190.67
PLTR,2026-05-26,193.31
PLTR,2026-05-27,195.94
PLTR,2026-05-28,198.95
PLTR,2026-05-29,202.06
PLTR,2026-06-01,209.84
PLTR,2026-06-02,209.28
PLTR,2026-06-03,212.29
PLTR,2026-06-04,211.67
PLTR,2026-06-05,211.98
PLTR,2026-06-08,213.03
PLTR,2026-06-09,212.96
PLTR,2026-06-10,214.55
PLTR,2026-06-11,211.12
PLTR,2026-06-12,210.64
PLTR,2026-06-15,208.29
PLTR,2026-06-16,203.69
PLTR,2026-06-17,201.02
PLTR,2026-06-18,199.21
PLTR,2026-06-19,198.76
PLTR,2026-06-22,192.85
PLTR,2026-06-23,192.02
PLTR,2026-06-24,187.92
PLTR,2026-06-25,185.05
PLTR,2026-06-26,185.86
PLTR,2026-06-29,190.02
PLTR,2026-06-30,191.21
PLTR,2026-07-01,189.51
PLTR,2026-07-02,188.02
PLTR,2026-07-03,193.08
PLTR,2026-07-06,187.10
PLTR,2026-07-07,191.40
PLTR,2026-07-08,185.93
PLTR,2026-07-09,183.75
PLTR,2026-07-10,184.04
PLTR,2026-07-13,183.37
PLTR,2026-07-14,189.45
PLTR,2026-07-15,191.41
PLTR,2026-07-16,191.36
PLTR,2026-07-17,195.06
PLTR,2026-07-20,195.34
PLTR,2026-07-21,192.40
PLTR,2026-07-22,196.74
PLTR,2026-07-23,202.65
PLTR,2026-07-24,207.86
PLTR,2026-07-27,203.22
PLTR,2026-07-28,210.93
PLTR,2026-07-29,209.35
PLTR,2026-07-30,212.64
PLTR,2026-07-31,217.75
PLTR,2026-08-03,228.00
PLTR,2026-08-04,220.95
PLTR,2026-08-05,216.70
PLTR,2026-08-06,221.85
PLTR,2026-08-07,224.15
PLTR,2026-08-10,222.93
PLTR,2026-08-11,210.35
PLTR,2026-08-12,212.31
PLTR,2026-08-13,211.69
PLTR,2026-08-14,201.01
PLTR,2026-08-17,211.65
PLTR,2026-08-18,201.44
PLTR,2026-08-19,199.38
PLTR,2026-08-20,199.50
PLTR,2026-08-21,200.54
PLTR,2026-08-24,203.64
PLTR,2026-08-25,202.73
PLTR,2026-08-26,199.31
PLTR,2026-08-27,198.04
PLTR,2026-08-28,190.02
PLTR,2026-08-31,186.01
PLTR,2026-09-01,193.33
PLTR,2026-09-02,190.87
PLTR,2026-09-03,190.70
PLTR,2026-09-04,197.90
PYPL,2025-06-02,15.43
PYPL,2025-06-03,15.35
PYPL,2025-06-04,15.08
PYPL,2025-06-05,15.37
PYPL,2025-06-06,15.42
PYPL,2025-06-09,15.90
PYPL,2025-06-10,15.82
PYPL,2025-06-11,15.71
PYPL,2025-06-12,15.81
PYPL,2025-06-13,15.76
PYPL,2025-06-16,15.66
PYPL,2025-06-17,15.39
PYPL,2025-06-18,15.47
PYPL,2025-06-19,15.57
PYPL,2025-06-20,16.13
PYPL,2025-06-23,16.12
PYPL,2025-06-24,15.57
PYPL,2025-06-25,15.71
PYPL,2025-06-26,16.42
PYPL,2025-06-27,16.28
PYPL,2025-06-30,16.02
PYPL,2025-07-01,15.97
PYPL,2025-07-02,15.08
PYPL,2025-07-03,14.98
PYPL,2025-07-04,14.93
PYPL,2025-07-07,14.49
PYPL,2025-07-08,14.65
PYPL,2025-07-09,14.40
PYPL,2025-07-10,13.88
PYPL,2025-07-11,13.69
PYPL,2025-07-14,13.86
PYPL,2025-07-15,14.38
PYPL,2025-07-16,14.74
PYPL,2025-07-17,14.80
PYPL,2025-07-18,14.65
PYPL,2025-07-21,14.58
PYPL,2025-07-22,14.85
PYPL,2025-07-23,14.70
PYPL,2025-07-24,14.83
PYPL,2025-07-25,15.11
PYPL,2025-07-28,14.84
PYPL,2025-07-29,14.67
PYPL,2025-07-30,14.80
PYPL,2025-07-31,14.81
PYPL,2025-08-01,14.77
PYPL,2025-08-04,14.62
PYPL,2025-08-05,14.60
PYPL,2025-08-06,15.13
PYPL,2025-08-07,15.54
PYPL,2025-08-08,15.05
PYPL,2025-08-11,15.07
PYPL,2025-08-12,15.10
PYPL,2025-08-13,15.11
PYPL,2025-08-14,14.70
PYPL,2025-08-15,14.66
PYPL,2025-08-18,14.71
PYPL,2025-08-19,14.51
PYPL,2025-08-20,14.60
PYPL,2025-08-21,13.91
PYPL,2025-08-22,13.50
PYPL,2025-08-25,13.53
PYPL,2025-08-26,13.63
PYPL,2025-08-27,13.59
PYPL,2025-08-28,13.47
PYPL,2025-08-29,13.52
PYPL,2025-09-01,13.81
PYPL,2025-09-02,14.05
PYPL,2025-09-03,14.03
PYPL,2025-09-04,13.90
PYPL,2025-09-05,14.19
PYPL,2025-09-08,14.35
PYPL,2025-09-09,14.60
PYPL,2025-09-10,14.52
PYPL,2025-09-11,14.28
PYPL,2025-09-12,14.33
PYPL,2025-09-15,14.16
PYPL,2025-09-16,14.48
PYPL,2025-09-17,14.72
PYPL,2025-09-18,14.09
PYPL,2025-09-19,14.28
PYPL,2025-09-22,14.65
PYPL,2025-09-23,14.95
PYPL,2025-09-24,14.81
PYPL,2025-09-25,14.56
PYPL,2025-09-26,14.84
PYPL,2025-09-29,15.14
PYPL,2025-09-30,15.16
PYPL,2025-10-01,14.82
PYPL,2025-10-02,14.38
PYPL,2025-10-03,14.45
PYPL,2025-10-06,14.22
PYPL,2025-10-07,14.03
PYPL,2025-10-08,14.16
PYPL,2025-10-09,14.45
PYPL,2025-10-10,13.86
PYPL,2025-10-13,13.68
PYPL,2025-10-14,14.03
PYPL,2025-10-15,14.02
PYPL,2025-10-16,13.93
PYPL,2025-10-17,14.11
PYPL,2025-10-20,13.79
PYPL,2025-10-21,13.46
PYPL,2025-10-22,13.47
PYPL,2025-10-23,13.88
PYPL,2025-10-24,14.16
PYPL,2025-10-27,14.16
PYPL,2025-10-28,14.44
PYPL,2025-10-29,14.33
PYPL,2025-10-30,14.00
PYPL,2025-10-31,13.54
PYPL,2025-11-03,13.62
PYPL,2025-11-04,13.86
PYPL,2025-11-05,13.96
PYPL,2025-11-06,13.95
PYPL,2025-11-07,13.84
PYPL,2025-11-10,14.14
PYPL,2025-11-11,14.13
PYPL,2025-11-12,13.73
PYPL,2025-11-13,14.10
PYPL,2025-11-14,13.92
PYPL,2025-11-17,14.03
PYPL,2025-11-18,14.03
PYPL,2025-11-19,14.33
PYPL,2025-11-20,14.40
PYPL,2025-11-21,14.75
PYPL,2025-11-24,14.81
PYPL,2025-11-25,14.68
PYPL,2025-11-26,14.53
PYPL,2025-11-27,14.72
PYPL,2025-11-28,14.48
PYPL,2025-12-01,14.75
PYPL,2025-12-02,14.68
PYPL,2025-12-03,14.41
PYPL,2025-12-04,14.17
PYPL,2025-12-05,14.13
PYPL,2025-12-08,14.62
PYPL,2025-12-09,14.84
PYPL,2025-12-10,14.85
PYPL,2025-12-11,14.59
PYPL,2025-12-12,15.13
PYPL,2025-12-15,15.05
PYPL,2025-12-16,15.05
PYPL,2025-12-17,14.93
PYPL,2025-12-18,15.32
PYPL,2025-12-19,15.38
PYPL,2025-12-22,15.24
PYPL,2025-12-23,15.30
PYPL,2025-12-24,15.00
PYPL,2025-12-25,14.69
PYPL,2025-12-26,14.65
PYPL,2025-12-29,13.82
PYPL,2025-12-30,14.14
PYPL,2025-12-31,14.69
PYPL,2026-01-01,14.37
PYPL,2026-01-02,14.34
PYPL,2026-01-05,13.89
PYPL,2026-01-06,13.94
PYPL,2026-01-07,14.00
PYPL,2026-01-08,14.21
PYPL,2026-01-09,13.84
PYPL,2026-01-12,13.68
PYPL,2026-01-13,13.50
PYPL,2026-01-14,13.44
PYPL,2026-01-15,14.04
PYPL,2026-01-16,13.99
PYPL,2026-01-19,13.98
PYPL,2026-01-20,13.84
PYPL,2026-01-21,14.06
PYPL,2026-01-22,14.77
PYPL,2026-01-23,15.11
PYPL,2026-01-26,15.56
PYPL,2026-01-27,15.24
PYPL,2026-01-28,15.55
PYPL,2026-01-29,15.56
PYPL,2026-01-30,15.95
PYPL,2026-02-02,16.28
PYPL,2026-02-03,16.49
PYPL,2026-02-04,15.95
PYPL,2026-02-05,16.00
PYPL,2026-02-06,15.84
PYPL,2026-02-09,15.98
PYPL,2026-02-10,16.00
PYPL,2026-02-11,16.33
PYPL,2026-02-12,15.81
PYPL,2026-02-13,15.59
PYPL,2026-02-16,15.56
PYPL,2026-02-17,15.66
PYPL,2026-02-18,15.54
PYPL,2026-02-19,15.53
PYPL,2026-02-20,15.55
PYPL,2026-02-23,15.88
PYPL,2026-02-24,15.84
PYPL,2026-02-25,15.92
PYPL,2026-02-26,15.35
PYPL,2026-02-27,14.56
PYPL,2026-03-02,14.15
PYPL,2026-03-03,14.25
PYPL,2026-03-04,13.61
PYPL,2026-03-05,13.72
PYPL,2026-03-06,13.69
PYPL,2026-03-09,13.69
PYPL,2026-03-10,13.50
PYPL,2026-03-11,13.39
PYPL,2026-03-12,13.61
PYPL,2026-03-13,13.71
PYPL,2026-03-16,13.70
PYPL,2026-03-17,13.57
PYPL,2026-03-18,13.63
PYPL,2026-03-19,13.95
PYPL,2026-03-20,13.94
PYPL,2026-03-23,13.84
PYPL,2026-03-24,13.53
PYPL,2026-03-25,13.55
PYPL,2026-03-26,13.31
PYPL,2026-03-27,12.94
PYPL,2026-03-30,13.16
PYPL,2026-03-31,13.00
PYPL,2026-04-01,12.48
PYPL,2026-04-02,12.30
PYPL,2026-04-03,12.75
PYPL,2026-04-06,12.73
PYPL,2026-04-07,12.40
PYPL,2026-04-08,12.13
PYPL,2026-04-09,12.30
PYPL,2026-04-10,12.40
PYPL,2026-04-13,12.45
PYPL,2026-04-14,12.41
PYPL,2026-04-15,12.53
PYPL,2026-04-16,12.91
PYPL,2026-04-17,13.03
PYPL,2026-04-20,12.99
PYPL,2026-04-21,12.64
PYPL,2026-04-22,12.75
PYPL,2026-04-23,13.14
PYPL,2026-04-24,13.31
PYPL,2026-04-27,12.98
PYPL,2026-04-28,13.03
PYPL,2026-04-29,13.37
PYPL,2026-04-30,13.20
PYPL,2026-05-01,13.33
PYPL,2026-05-04,13.65
PYPL,2026-05-05,14.09
PYPL,2026-05-06,13.65
PYPL,2026-05-07,13.18
PYPL,2026-05-08,13.28
PYPL,2026-05-11,13.46
PYPL,2026-05-12,13.37
PYPL,2026-05-13,13.37
PYPL,2026-05-14,13.26
PYPL,2026-05-15,13.58
PYPL,2026-05-18,12.99
PYPL,2026-05-19,13.05
PYPL,2026-05-20,12.72
PYPL,2026-05-21,12.56
PYPL,2026-05-22,12.18
PYPL,2026-05-25,11.96
PYPL,2026-05-26,11.96
PYPL,2026-05-27,11.97
PYPL,2026-05-28,12.39
PYPL,2026-05-29,12.34
PYPL,2026-06-01,12.42
PYPL,2026-06-02,12.51
PYPL,2026-06-03,12.57
PYPL,2026-06-04,12.94
PYPL,2026-06-05,12.97
PYPL,2026-06-08,13.01
PYPL,2026-06-09,12.99
PYPL,2026-06-10,12.99
PYPL,2026-06-11,12.98
PYPL,2026-06-12,13.23
PYPL,2026-06-15,13.24
PYPL,2026-06-16,13.26
PYPL,2026-06-17,13.25
PYPL,2026-06-18,13.44
PYPL,2026-06-19,13.32
PYPL,2026-06-22,13.57
PYPL,2026-06-23,13.42
PYPL,2026-06-24,13.60
PYPL,2026-06-25,14.12
PYPL,2026-06-26,14.18
PYPL,2026-06-29,14.16
PYPL,2026-06-30,13.83
PYPL,2026-07-01,14.04
PYPL,2026-07-02,14.04
PYPL,2026-07-03,14.29
PYPL,2026-07-06,14.11
PYPL,2026-07-07,14.26
PYPL,2026-07-08,14.76
PYPL,2026-07-09,14.88
PYPL,2026-07-10,14.79
PYPL,2026-07-13,14.41
PYPL,2026-07-14,14.41
PYPL,2026-07-15,14.60
PYPL,2026-07-16,14.77
PYPL,2026-07-17,14.45
PYPL,2026-07-20,14.16
PYPL,2026-07-21,13.89
PYPL,2026-07-22,13.61
PYPL,2026-07-23,13.54
PYPL,2026-07-24,13.61
PYPL,2026-07-27,14.13
PYPL,2026-07-28,14.18
PYPL,2026-07-29,14.59
PYPL,2026-07-30,14.12
PYPL,2026-07-31,14.55
PYPL,2026-08-03,14.78
PYPL,2026-08-04,14.91
PYPL,2026-08-05,15.15
PYPL,2026-08-06,15.34
PYPL,2026-08-07,15.92
PYPL,2026-08-10,16.17
PYPL,2026-08-11,15.62
PYPL,2026-08-12,15.08
PYPL,2026-08-13,15.56
PYPL,2026-08-14,15.54
PYPL,2026-08-17,15.94
PYPL,2026-08-18,15.84
PYPL,2026-08-19,15.64
PYPL,2026-08-20,15.53
PYPL,2026-08-21,15.63
PYPL,2026-08-24,15.69
PYPL,2026-08-25,15.50
PYPL,2026-08-26,15.66
PYPL,2026-08-27,15.86
PYPL,2026-08-28,15.57
PYPL,2026-08-31,15.23
PYPL,2026-09-01,14.64
PYPL,2026-09-02,14.55
PYPL,2026-09-03,14.56
PYPL,2026-09-04,14.36
QQQ,2025-06-02,217.68
QQQ,2025-06-03,220.09
QQQ,2025-06-04,223.67
QQQ,2025-06-05,225.55
QQQ,2025-06-06,230.49
QQQ,2025-06-09,226.04
QQQ,2025-06-10,228.70
QQQ,2025-06-11,230.34
QQQ,2025-06-12,225.55
QQQ,2025-06-13,222.49
QQQ,2025-06-16,224.40
QQQ,2025-06-17,224.68
QQQ,2025-06-18,219.06
QQQ,2025-06-19,216.63
QQQ,2025-06-20,223.11
QQQ,2025-06-23,226.78
QQQ,2025-06-24,227.11
QQQ,2025-06-25,233.11
QQQ,2025-06-26,228.89
QQQ,2025-06-27,228.07
QQQ,2025-06-30,232.34
QQQ,2025-07-01,230.76
QQQ,2025-07-02,225.61
QQQ,2025-07-03,228.18
QQQ,2025-07-04,235.36
QQQ,2025-07-07,223.52
QQQ,2025-07-08,224.15
QQQ,2025-07-09,218.57
QQQ,2025-07-10,217.24
QQQ,2025-07-11,211.14
QQQ,2025-07-14,221.95
QQQ,2025-07-15,218.92
QQQ,2025-07-16,219.07
QQQ,2025-07-17,215.97
QQQ,2025-07-18,211.71
QQQ,2025-07-21,209.76
QQQ,2025-07-22,210.58
QQQ,2025-07-23,217.84
QQQ,2025-07-24,219.03
QQQ,2025-07-25,225.76
QQQ,2025-07-28,220.96
QQQ,2025-07-29,221.23
QQQ,2025-07-30,219.28
QQQ,2025-07-31,212.45
QQQ,2025-08-01,228.06
QQQ,2025-08-04,226.92
QQQ,2025-08-05,227.98
QQQ,2025-08-06,224.54
QQQ,2025-08-07,221.94
QQQ,2025-08-08,217.36
QQQ,2025-08-11,221.72
QQQ,2025-08-12,219.91
QQQ,2025-08-13,219.24
QQQ,2025-08-14,219.98
QQQ,2025-08-15,214.60
QQQ,2025-08-18,215.55
QQQ,2025-08-19,214.78
QQQ,2025-08-20,216.63
QQQ,2025-08-21,214.94
QQQ,2025-08-22,215.06
QQQ,2025-08-25,217.22
QQQ,2025-08-26,221.32
QQQ,2025-08-27,218.27
QQQ,2025-08-28,222.42
QQQ,2025-08-29,218.04
QQQ,2025-09-01,217.18
QQQ,2025-09-02,217.70
QQQ,2025-09-03,218.28
QQQ,2025-09-04,207.47
QQQ,2025-09-05,203.42
QQQ,2025-09-08,202.64
QQQ,2025-09-09,206.30
QQQ,2025-09-10,203.39
QQQ,2025-09-11,209.42
QQQ,2025-09-12,201.92
QQQ,2025-09-15,202.18
QQQ,2025-09-16,204.30
QQQ,2025-09-17,204.33
QQQ,2025-09-18,205.36
QQQ,2025-09-19,209.11
QQQ,2025-09-22,205.74
QQQ,2025-09-23,208.10
QQQ,2025-09-24,212.43
QQQ,2025-09-25,211.41
QQQ,2025-09-26,201.69
QQQ,2025-09-29,196.91
QQQ,2025-09-30,193.55
QQQ,2025-10-01,189.46
QQQ,2025-10-02,191.04
QQQ,2025-10-03,187.96
QQQ,2025-10-06,197.13
QQQ,2025-10-07,199.32
QQQ,2025-10-08,194.13
QQQ,2025-10-09,193.00
QQQ,2025-10-10,198.79
QQQ,2025-10-13,201.42
QQQ,2025-10-14,197.33
QQQ,2025-10-15,201.33
QQQ,2025-10-16,199.40
QQQ,2025-10-17,208.08
QQQ,2025-10-20,205.77
QQQ,2025-10-21,208.16
QQQ,2025-10-22,210.44
QQQ,2025-10-23,208.55
QQQ,2025-10-24,207.88
QQQ,2025-10-27,212.60
QQQ,2025-10-28,214.65
QQQ,2025-10-29,214.35
QQQ,2025-10-30,216.19
QQQ,2025-10-31,223.62
QQQ,2025-11-03,227.69
QQQ,2025-11-04,229.79
QQQ,2025-11-05,231.24
QQQ,2025-11-06,224.05
QQQ,2025-11-07,224.60
QQQ,2025-11-10,222.40
QQQ,2025-11-11,225.57
QQQ,2025-11-12,222.82
QQQ,2025-11-13,224.76
QQQ,2025-11-14,220.04
QQQ,2025-11-17,223.89
QQQ,2025-11-18,220.63
QQQ,2025-11-19,220.46
QQQ,2025-11-20,222.93
QQQ,2025-11-21,221.46
QQQ,2025-11-24,221.45
QQQ,2025-11-25,226.05
QQQ,2025-11-26,233.91
QQQ,2025-11-27,225.52
QQQ,2025-11-28,221.45
QQQ,2025-12-01,224.36
QQQ,2025-12-02,228.49
QQQ,2025-12-03,226.30
QQQ,2025-12-04,226.68
QQQ,2025-12-05,225.77
QQQ,2025-12-08,235.89
QQQ,2025-12-09,234.91
QQQ,2025-12-10,229.34
QQQ,2025-12-11,222.25
QQQ,2025-12-12,216.60
QQQ,2025-12-15,222.14
QQQ,2025-12-16,220.39
QQQ,2025-12-17,228.84
QQQ,2025-12-18,231.68
QQQ,2025-12-19,233.38
QQQ,2025-12-22,236.31
QQQ,2025-12-23,239.96
QQQ,2025-12-24,244.27
QQQ,2025-12-25,239.51
QQQ,2025-12-26,236.83
QQQ,2025-12-29,234.22
QQQ,2025-12-30,234.65
QQQ,2025-12-31,233.45
QQQ,2026-01-01,227.72
QQQ,2026-01-02,224.55
QQQ,2026-01-05,232.44
QQQ,2026-01-06,242.14
QQQ,2026-01-07,238.00
QQQ,2026-01-08,239.74
QQQ,2026-01-09,239.52
QQQ,2026-01-12,235.47
QQQ,2026-01-13,238.74
QQQ,2026-01-14,238.36
QQQ,2026-01-15,246.18
QQQ,2026-01-16,248.35
QQQ,2026-01-19,246.78
QQQ,2026-01-20,233.82
QQQ,2026-01-21,233.30
QQQ,2026-01-22,237.17
QQQ,2026-01-23,233.78
QQQ,2026-01-26,237.82
QQQ,2026-01-27,240.98
QQQ,2026-01-28,232.52
QQQ,2026-01-29,231.58
QQQ,2026-01-30,233.00
QQQ,2026-02-02,236.43
QQQ,2026-02-03,237.10
QQQ,2026-02-04,236.99
QQQ,2026-02-05,235.32
QQQ,2026-02-06,233.92
QQQ,2026-02-09,233.89
QQQ,2026-02-10,228.93
QQQ,2026-02-11,231.79
QQQ,2026-02-12,230.26
QQQ,2026-02-13,232.59
QQQ,2026-02-16,230.22
QQQ,2026-02-17,232.04
QQQ,2026-02-18,232.58
QQQ,2026-02-19,236.63
QQQ,2026-02-20,238.74
QQQ,2026-02-23,243.10
QQQ,2026-02-24,242.25
QQQ,2026-02-25,241.94
QQQ,2026-02-26,240.64
QQQ,2026-02-27,234.63
QQQ,2026-03-02,234.00
QQQ,2026-03-03,238.99
QQQ,2026-03-04,242.58
QQQ,2026-03-05,238.45
QQQ,2026-03-06,239.82
QQQ,2026-03-09,243.33
QQQ,2026-03-10,236.75
QQQ,2026-03-11,238.34
QQQ,2026-03-12,239.84
QQQ,2026-03-13,243.34
QQQ,2026-03-16,244.53
QQQ,2026-03-17,236.07
QQQ,2026-03-18,226.63
QQQ,2026-03-19,235.48
QQQ,2026-03-20,233.59
QQQ,2026-03-23,239.42
QQQ,2026-03-24,245.35
QQQ,2026-03-25,245.73
QQQ,2026-03-26,240.14
QQQ,2026-03-27,246.58
QQQ,2026-03-30,246.35
QQQ,2026-03-31,248.83
QQQ,2026-04-01,251.13
QQQ,2026-04-02,255.81
QQQ,2026-04-03,260.87
QQQ,2026-04-06,253.50
QQQ,2026-04-07,246.41
QQQ,2026-04-08,247.05
QQQ,2026-04-09,247.04
QQQ,2026-04-10,250.79
QQQ,2026-04-13,250.07
QQQ,2026-04-14,249.13
QQQ,2026-04-15,259.04
QQQ,2026-04-16,266.03
QQQ,2026-04-17,272.05
QQQ,2026-04-20,277.57
QQQ,2026-04-21,273.21
QQQ,2026-04-22,272.69
QQQ,2026-04-23,272.27
QQQ,2026-04-24,266.32
QQQ,2026-04-27,261.71
QQQ,2026-04-28,262.49
QQQ,2026-04-29,256.16
QQQ,2026-04-30,258.85
QQQ,2026-05-01,261.21
QQQ,2026-05-04,259.94
QQQ,2026-05-05,258.16
QQQ,2026-05-06,261.18
QQQ,2026-05-07,263.60
QQQ,2026-05-08,265.45
QQQ,2026-05-11,259.00
QQQ,2026-05-12,250.64
QQQ,2026-05-13,260.71
QQQ,2026-05-14,257.29
QQQ,2026-05-15,255.39
QQQ,2026-05-18,246.13
QQQ,2026-05-19,242.21
QQQ,2026-05-20,238.66
QQQ,2026-05-21,242.36
QQQ,2026-05-22,229.66
QQQ,2026-05-25,223.28
QQQ,2026-05-26,221.41
QQQ,2026-05-27,219.23
QQQ,2026-05-28,215.83
QQQ,2026-05-29,213.91
QQQ,2026-06-01,207.21
QQQ,2026-06-02,208.26
QQQ,2026-06-03,213.13
QQQ,2026-06-04,213.73
QQQ,2026-06-05,211.43
QQQ,2026-06-08,216.64
QQQ,2026-06-09,218.69
QQQ,2026-06-10,214.22
QQQ,2026-06-11,211.75
QQQ,2026-06-12,209.16
QQQ,2026-06-15,208.93
QQQ,2026-06-16,213.88
QQQ,2026-06-17,210.86
QQQ,2026-06-18,210.21
QQQ,2026-06-19,210.64
QQQ,2026-06-22,205.66
QQQ,2026-06-23,203.68
QQQ,2026-06-24,206.10
QQQ,2026-06-25,210.67
QQQ,2026-06-26,202.86
QQQ,2026-06-29,205.66
QQQ,2026-06-30,204.44
QQQ,2026-07-01,209.61
QQQ,2026-07-02,212.13
QQQ,2026-07-03,220.35
QQQ,2026-07-06,221.65
QQQ,2026-07-07,219.87
QQQ,2026-07-08,216.23
QQQ,2026-07-09,210.07
QQQ,2026-07-10,212.32
QQQ,2026-07-13,214.45
QQQ,2026-07-14,217.86
QQQ,2026-07-15,219.32
QQQ,2026-07-16,212.83
QQQ,2026-07-17,211.08
QQQ,2026-07-20,210.03
QQQ,2026-07-21,210.65
QQQ,2026-07-22,213.79
QQQ,2026-07-23,219.74
QQQ,2026-07-24,220.93
QQQ,2026-07-27,211.88
QQQ,2026-07-28,207.59
QQQ,2026-07-29,198.79
QQQ,2026-07-30,195.77
QQQ,2026-07-31,191.09
QQQ,2026-08-03,191.95
QQQ,2026-08-04,191.07
QQQ,2026-08-05,195.22
QQQ,2026-08-06,199.35
QQQ,2026-08-07,197.53
QQQ,2026-08-10,201.18
QQQ,2026-08-11,201.19
QQQ,2026-08-12,202.96
QQQ,2026-08-13,208.29
QQQ,2026-08-14,203.53
QQQ,2026-08-17,203.22
QQQ,2026-08-18,209.36
QQQ,2026-08-19,206.18
QQQ,2026-08-20,207.02
QQQ,2026-08-21,207.52
QQQ,2026-08-24,205.77
QQQ,2026-08-25,200.45
QQQ,2026-08-26,197.69
QQQ,2026-08-27,193.84
QQQ,2026-08-28,197.95
QQQ,2026-08-31,198.88
QQQ,2026-09-01,201.60
QQQ,2026-09-02,196.86
QQQ,2026-09-03,198.77
QQQ,2026-09-04,199.29
RIVN,2025-06-02,368.55
RIVN,2025-06-03,378.56
RIVN,2025-06-04,392.15
RIVN,2025-06-05,385.10
RIVN,2025-06-06,376.66
RIVN,2025-06-09,365.94
RIVN,2025-06-10,372.99
RIVN,2025-06-11,377.44
RIVN,2025-06-12,380.09
RIVN,2025-06-13,373.73
RIVN,2025-06-16,383.09
RIVN,2025-06-17,395.25
RIVN,2025-06-18,395.07
RIVN,2025-06-19,394.25
RIVN,2025-06-20,403.62
RIVN,2025-06-23,407.73
RIVN,2025-06-24,418.67
RIVN,2025-06-25,415.46
RIVN,2025-06-26,418.36
RIVN,2025-06-27,415.70
RIVN,2025-06-30,411.13
RIVN,2025-07-01,408.84
RIVN,2025-07-02,406.65
RIVN,2025-07-03,410.78
RIVN,2025-07-04,408.42
RIVN,2025-07-07,409.09
RIVN,2025-07-08,402.66
RIVN,2025-07-09,393.10
RIVN,2025-07-10,404.30
RIVN,2025-07-11,396.61
RIVN,2025-07-14,410.94
RIVN,2025-07-15,418.61
RIVN,2025-07-16,399.79
RIVN,2025-07-17,394.89
RIVN,2025-07-18,391.75
RIVN,2025-07-21,392.01
RIVN,2025-07-22,390.73
RIVN,2025-07-23,386.21
RIVN,2025-07-24,395.87
RIVN,2025-07-25,394.99
RIVN,2025-07-28,402.61
RIVN,2025-07-29,397.31
RIVN,2025-07-30,392.00
RIVN,2025-07-31,402.34
RIVN,2025-08-01,400.21
RIVN,2025-08-04,391.71
RIVN,2025-08-05,390.50
RIVN,2025-08-06,398.65
RIVN,2025-08-07,397.49
RIVN,2025-08-08,392.00
RIVN,2025-08-11,397.04
RIVN,2025-08-12,404.78
RIVN,2025-08-13,403.24
RIVN,2025-08-14,400.84
RIVN,2025-08-15,398.06
RIVN,2025-08-18,419.21
RIVN,2025-08-19,417.77
RIVN,2025-08-20,432.16
RIVN,2025-08-21,431.01
RIVN,2025-08-22,434.55
RIVN,2025-08-25,417.19
RIVN,2025-08-26,418.75
RIVN,2025-08-27,419.30
RIVN,2025-08-28,416.81
RIVN,2025-08-29,413.57
RIVN,2025-09-01,402.64
RIVN,2025-09-02,390.91
RIVN,2025-09-03,392.29
RIVN,2025-09-04,387.45
RIVN,2025-09-05,386.88
RIVN,2025-09-08,385.61
RIVN,2025-09-09,381.89
RIVN,2025-09-10,376.51
RIVN,2025-09-11,390.28
RIVN,2025-09-12,381.89
RIVN,2025-09-15,378.19
RIVN,2025-09-16,376.09
RIVN,2025-09-17,367.70
RIVN,2025-09-18,360.84
RIVN,2025-09-19,367.03
RIVN,2025-09-22,373.88
RIVN,2025-09-23,374.95
RIVN,2025-09-24,399.07
RIVN,2025-09-25,405.64
RIVN,2025-09-26,415.64
RIVN,2025-09-29,409.12
RIVN,2025-09-30,417.99
RIVN,2025-10-01,431.87
RIVN,2025-10-02,428.77
RIVN,2025-10-03,444.05
RIVN,2025-10-06,437.11
RIVN,2025-10-07,427.54
RIVN,2025-10-08,427.28
RIVN,2025-10-09,420.66
RIVN,2025-10-10,426.08
RIVN,2025-10-13,416.99
RIVN,2025-10-14,417.80
RIVN,2025-10-15,401.93
RIVN,2025-10-16,401.80
RIVN,2025-10-17,410.16
RIVN,2025-10-20,408.15
RIVN,2025-10-21,410.75
RIVN,2025-10-22,419.72
RIVN,2025-10-23,410.83
RIVN,2025-10-24,400.64
RIVN,2025-10-27,401.39
RIVN,2025-10-28,403.71
RIVN,2025-10-29,401.71
RIVN,2025-10-30,394.14
RIVN,2025-10-31,403.59
RIVN,2025-11-03,394.45
RIVN,2025-11-04,392.55
RIVN,2025-11-05,392.34
RIVN,2025-11-06,398.01
RIVN,2025-11-07,394.62
RIVN,2025-11-10,388.40
RIVN,2025-11-11,403.96
RIVN,2025-11-12,397.40
RIVN,2025-11-13,403.78
RIVN,2025-11-14,402.68
RIVN,2025-11-17,399.02
RIVN,2025-11-18,398.78
RIVN,2025-11-19,396.89
RIVN,2025-11-20,399.41
RIVN,2025-11-21,379.47
RIVN,2025-11-24,379.38
RIVN,2025-11-25,380.04
RIVN,2025-11-26,372.93
RIVN,2025-11-27,370.19
RIVN,2025-11-28,387.20
RIVN,2025-12-01,401.44
RIVN,2025-12-02,406.58
RIVN,2025-12-03,408.58
RIVN,2025-12-04,406.25
RIVN,2025-12-05,417.52
RIVN,2025-12-08,413.98
RIVN,2025-12-09,407.41
RIVN,2025-12-10,413.02
RIVN,2025-12-11,405.28
RIVN,2025-12-12,399.13
RIVN,2025-12-15,410.67
RIVN,2025-12-16,397.90
RIVN,2025-12-17,397.51
RIVN,2025-12-18,398.55
RIVN,2025-12-19,400.71
RIVN,2025-12-22,389.42
RIVN,2025-12-23,387.80
RIVN,2025-12-24,385.38
RIVN,2025-12-25,400.13
RIVN,2025-12-26,408.09
RIVN,2025-12-29,402.13
RIVN,2025-12-30,409.10
RIVN,2025-12-31,414.52
RIVN,2026-01-01,413.72
RIVN,2026-01-02,411.87
RIVN,2026-01-05,409.77
RIVN,2026-01-06,397.43
RIVN,2026-01-07,392.65
RIVN,2026-01-08,400.03
RIVN,2026-01-09,411.42
RIVN,2026-01-12,426.62
RIVN,2026-01-13,423.60
RIVN,2026-01-14,428.90
RIVN,2026-01-15,408.86
RIVN,2026-01-16,406.83
RIVN,2026-01-19,396.91
RIVN,2026-01-20,403.49
RIVN,2026-01-21,390.54
RIVN,2026-01-22,382.64
RIVN,2026-01-23,374.49
RIVN,2026-01-26,377.54
RIVN,2026-01-27,383.82
RIVN,2026-01-28,376.98
RIVN,2026-01-29,390.35
RIVN,2026-01-30,391.72
RIVN,2026-02-02,385.46
RIVN,2026-02-03,388.24
RIVN,2026-02-04,388.24
RIVN,2026-02-05,394.74
RIVN,2026-02-06,397.50
RIVN,2026-02-09,414.82
RIVN,2026-02-10,424.39
RIVN,2026-02-11,419.19
RIVN,2026-02-12,425.75
RIVN,2026-02-13,432.29
RIVN,2026-02-16,423.97
RIVN,2026-02-17,417.84
RIVN,2026-02-18,411.37
RIVN,2026-02-19,391.47
RIVN,2026-02-20,396.44
RIVN,2026-02-23,394.88
RIVN,2026-02-24,404.48
RIVN,2026-02-25,400.17
RIVN,2026-02-26,400.86
RIVN,2026-02-27,406.74
RIVN,2026-03-02,414.53
RIVN,2026-03-03,417.30
RIVN,2026-03-04,408.94
RIVN,2026-03-05,426.86
RIVN,2026-03-06,434.21
RIVN,2026-03-09,446.03
RIVN,2026-03-10,460.24
RIVN,2026-03-11,473.15
RIVN,2026-03-12,477.11
RIVN,2026-03-13,481.73
RIVN,2026-03-16,487.80
RIVN,2026-03-17,473.50
RIVN,2026-03-18,481.14
RIVN,2026-03-19,472.07
RIVN,2026-03-20,476.08
RIVN,2026-03-23,466.76
RIVN,2026-03-24,473.39
RIVN,2026-03-25,469.02
RIVN,2026-03-26,491.91
RIVN,2026-03-27,493.96
RIVN,2026-03-30,498.99
RIVN,2026-03-31,490.26
RIVN,2026-04-01,487.64
RIVN,2026-04-02,487.27
RIVN,2026-04-03,484.67
RIVN,2026-04-06,480.69
RIVN,2026-04-07,472.61
RIVN,2026-04-08,479.90
RIVN,2026-04-09,476.44
RIVN,2026-04-10,468.96
RIVN,2026-04-13,472.44
RIVN,2026-04-14,465.05
RIVN,2026-04-15,463.59
RIVN,2026-04-16,459.09
RIVN,2026-04-17,450.93
RIVN,2026-04-20,449.10
RIVN,2026-04-21,442.01
RIVN,2026-04-22,431.26
RIVN,2026-04-23,434.34
RIVN,2026-04-24,431.96
RIVN,2026-04-27,419.76
RIVN,2026-04-28,416.66
RIVN,2026-04-29,418.28
RIVN,2026-04-30,421.98
RIVN,2026-05-01,425.17
RIVN,2026-05-04,427.46
RIVN,2026-05-05,432.55
RIVN,2026-05-06,428.51
RIVN,2026-05-07,421.96
RIVN,2026-05-08,427.23
RIVN,2026-05-11,423.93
RIVN,2026-05-12,424.18
RIVN,2026-05-13,429.68
RIVN,2026-05-14,437.80
RIVN,2026-05-15,448.36
RIVN,2026-05-18,442.46
RIVN,2026-05-19,439.39
RIVN,2026-05-20,444.38
RIVN,2026-05-21,432.10
RIVN,2026-05-22,421.56
RIVN,2026-05-25,426.66
RIVN,2026-05-26,421.68
RIVN,2026-05-27,414.21
RIVN,2026-05-28,420.93
RIVN,2026-05-29,425.40
RIVN,2026-06-01,433.27
RIVN,2026-06-02,430.60
RIVN,2026-06-03,428.32
RIVN,2026-06-04,425.61
RIVN,2026-06-05,428.27
RIVN,2026-06-08,411.46
RIVN,2026-06-09,406.02
RIVN,2026-06-10,411.72
RIVN,2026-06-11,405.57
RIVN,2026-06-12,405.17
RIVN,2026-06-15,406.33
RIVN,2026-06-16,410.57
RIVN,2026-06-17,406.89
RIVN,2026-06-18,398.04
RIVN,2026-06-19,417.77
RIVN,2026-06-22,412.06
RIVN,2026-06-23,426.11
RIVN,2026-06-24,411.65
RIVN,2026-06-25,412.72
RIVN,2026-06-26,411.26
RIVN,2026-06-29,426.78
RIVN,2026-06-30,443.83
RIVN,2026-07-01,452.56
RIVN,2026-07-02,443.75
RIVN,2026-07-03,436.92
RIVN,2026-07-06,430.65
RIVN,2026-07-07,426.45
RIVN,2026-07-08,428.74
RIVN,2026-07-09,422.28
RIVN,2026-07-10,420.38
RIVN,2026-07-13,432.73
RIVN,2026-07-14,444.97
RIVN,2026-07-15,428.86
RIVN,2026-07-16,421.04
RIVN,2026-07-17,418.14
RIVN,2026-07-20,428.79
RIVN,2026-07-21,426.19
RIVN,2026-07-22,442.14
RIVN,2026-07-23,445.50
RIVN,2026-07-24,458.06
RIVN,2026-07-27,450.52
RIVN,2026-07-28,447.93
RIVN,2026-07-29,457.11
RIVN,2026-07-30,462.32
RIVN,2026-07-31,445.54
RIVN,2026-08-03,443.29
RIVN,2026-08-04,445.05
RIVN,2026-08-05,450.61
RIVN,2026-08-06,445.18
RIVN,2026-08-07,460.37
RIVN,2026-08-10,461.94
RIVN,2026-08-11,475.08
RIVN,2026-08-12,479.05
RIVN,2026-08-13,479.97
RIVN,2026-08-14,477.18
RIVN,2026-08-17,466.49
RIVN,2026-08-18,474.63
RIVN,2026-08-19,481.74
RIVN,2026-08-20,490.80
RIVN,2026-08-21,487.35
RIVN,2026-08-24,477.94
RIVN,2026-08-25,474.56
RIVN,2026-08-26,471.86
RIVN,2026-08-27,471.88
RIVN,2026-08-28,481.22
RIVN,2026-08-31,472.84
RIVN,2026-09-01,468.52
RIVN,2026-09-02,474.92
RIVN,2026-09-03,483.57
RIVN,2026-09-04,353.62
SHOP,2025-06-02,330.85
SHOP,2025-06-03,325.80
SHOP,2025-06-04,326.34
SHOP,2025-06-05,327.97
SHOP,2025-06-06,327.63
SHOP,2025-06-09,323.76
SHOP,2025-06-10,322.67
SHOP,2025-06-11,322.21
SHOP,2025-06-12,326.05
SHOP,2025-06-13,326.60
SHOP,2025-06-16,321.50
SHOP,2025-06-17,314.24
SHOP,2025-06-18,323.47
SHOP,2025-06-19,322.96
SHOP,2025-06-20,321.93
SHOP,2025-06-23,321.81
SHOP,2025-06-24,329.02
SHOP,2025-06-25,327.05
SHOP,2025-06-26,328.27
SHOP,2025-06-27,326.79
SHOP,2025-06-30,330.60
SHOP,2025-07-01,324.15
SHOP,2025-07-02,325.54
SHOP,2025-07-03,332.06
SHOP,2025-07-04,339.88
SHOP,2025-07-07,343.97
SHOP,2025-07-08,346.06
SHOP,2025-07-09,356.64
SHOP,2025-07-10,361.69
SHOP,2025-07-11,371.53
SHOP,2025-07-14,362.88
SHOP,2025-07-15,355.20
SHOP,2025-07-16,360.88
SHOP,2025-07-17,359.05
SHOP,2025-07-18,356.11
SHOP,2025-07-21,349.59
SHOP,2025-07-22,359.88
SHOP,2025-07-23,351.59
SHOP,2025-07-24,352.42
SHOP,2025-07-25,342.94
SHOP,2025-07-28,341.87
SHOP,2025-07-29,356.78
SHOP,2025-07-30,373.93
SHOP,2025-07-31,370.39
SHOP,2025-08-01,363.16
SHOP,2025-08-04,374.66
SHOP,2025-08-05,368.48
SHOP,2025-08-06,355.78
SHOP,2025-08-07,358.32
SHOP,2025-08-08,350.87
SHOP,2025-08-11,341.00
SHOP,2025-08-12,348.46
SHOP,2025-08-13,343.58
SHOP,2025-08-14,336.53
SHOP,2025-08-15,337.75
SHOP,2025-08-18,336.54
SHOP,2025-08-19,344.06
SHOP,2025-08-20,344.72
SHOP,2025-08-21,355.59
SHOP,2025-08-22,363.46
SHOP,2025-08-25,376.26
SHOP,2025-08-26,384.47
SHOP,2025-08-27,385.13
SHOP,2025-08-28,389.23
SHOP,2025-08-29,389.53
SHOP,2025-09-01,377.83
SHOP,2025-09-02,369.25
SHOP,2025-09-03,374.57
SHOP,2025-09-04,357.35
SHOP,2025-09-05,351.67
SHOP,2025-09-08,342.94
SHOP,2025-09-09,342.55
SHOP,2025-09-10,335.71
SHOP,2025-09-11,337.37
SHOP,2025-09-12,336.18
SHOP,2025-09-15,333.15
SHOP,2025-09-16,327.74
SHOP,2025-09-17,313.68
SHOP,2025-09-18,314.24
SHOP,2025-09-19,306.42
SHOP,2025-09-22,304.75
SHOP,2025-09-23,306.97
SHOP,2025-09-24,313.38
SHOP,2025-09-25,317.67
SHOP,2025-09-26,326.98
SHOP,2025-09-29,318.03
SHOP,2025-09-30,322.35
SHOP,2025-10-01,332.16
SHOP,2025-10-02,334.85
SHOP,2025-10-03,327.70
SHOP,2025-10-06,330.36
SHOP,2025-10-07,327.08
SHOP,2025-10-08,323.07
SHOP,2025-10-09,329.76
SHOP,2025-10-10,328.73
SHOP,2025-10-13,321.65
SHOP,2025-10-14,317.51
SHOP,2025-10-15,329.60
SHOP,2025-10-16,324.27
SHOP,2025-10-17,328.53
SHOP,2025-10-20,329.80
SHOP,2025-10-21,337.29
SHOP,2025-10-22,335.57
SHOP,2025-10-23,329.47
SHOP,2025-10-24,325.45
SHOP,2025-10-27,319.01
SHOP,2025-10-28,335.32
SHOP,2025-10-29,336.62
SHOP,2025-10-30,334.63
SHOP,2025-10-31,342.82
SHOP,2025-11-03,347.35
SHOP,2025-11-04,346.16
SHOP,2025-11-05,350.50
SHOP,2025-11-06,352.38
SHOP,2025-11-07,360.27
SHOP,2025-11-10,371.82
SHOP,2025-11-11,369.68
SHOP,2025-11-12,369.46
SHOP,2025-11-13,368.29
SHOP,2025-11-14,377.04
SHOP,2025-11-17,380.01
SHOP,2025-11-18,385.81
SHOP,2025-11-19,392.74
SHOP,2025-11-20,387.96
SHOP,2025-11-21,389.08
SHOP,2025-11-24,399.54
SHOP,2025-11-25,406.91
SHOP,2025-11-26,413.35
SHOP,2025-11-27,411.24
SHOP,2025-11-28,408.42
SHOP,2025-12-01,401.74
SHOP,2025-12-02,399.69
SHOP,2025-12-03,399.34
SHOP,2025-12-04,388.32
SHOP,2025-12-05,397.29
SHOP,2025-12-08,391.46
SHOP,2025-12-09,393.53
SHOP,2025-12-10,398.15
SHOP,2025-12-11,394.01
SHOP,2025-12-12,380.27
SHOP,2025-12-15,387.58
SHOP,2025-12-16,390.69
SHOP,2025-12-17,388.91
SHOP,2025-12-18,397.48
SHOP,2025-12-19,404.58
SHOP,2025-12-22,397.16
SHOP,2025-12-23,396.69
SHOP,2025-12-24,383.22
SHOP,2025-12-25,381.40
SHOP,2025-12-26,391.85
SHOP,2025-12-29,385.58
SHOP,2025-12-30,391.78
SHOP,2025-12-31,380.40
SHOP,2026-01-01,378.27
SHOP,2026-01-02,385.37
SHOP,2026-01-05,398.22
SHOP,2026-01-06,401.90
SHOP,2026-01-07,407.83
SHOP,2026-01-08,421.67
SHOP,2026-01-09,401.82
SHOP,2026-01-12,388.58
SHOP,2026-01-13,402.83
SHOP,2026-01-14,422.38
SHOP,2026-01-15,427.31
SHOP,2026-01-16,428.02
SHOP,2026-01-19,430.22
SHOP,2026-01-20,430.63
SHOP,2026-01-21,425.56
SHOP,2026-01-22,425.60
SHOP,2026-01-23,424.61
SHOP,2026-01-26,430.32
SHOP,2026-01-27,436.03
SHOP,2026-01-28,444.54
SHOP,2026-01-29,449.64
SHOP,2026-01-30,441.30
SHOP,2026-02-02,453.23
SHOP,2026-02-03,429.78
SHOP,2026-02-04,430.80
SHOP,2026-02-05,433.75
SHOP,2026-02-06,429.35
SHOP,2026-02-09,445.19
SHOP,2026-02-10,435.84
SHOP,2026-02-11,426.07
SHOP,2026-02-12,421.96
SHOP,2026-02-13,425.56
SHOP,2026-02-16,432.14
SHOP,2026-02-17,433.23
SHOP,2026-02-18,438.88
SHOP,2026-02-19,433.04
SHOP,2026-02-20,428.03
SHOP,2026-02-23,429.29
SHOP,2026-02-24,418.17
SHOP,2026-02-25,419.87
SHOP,2026-02-26,416.71
SHOP,2026-02-27,422.42
SHOP,2026-03-02,414.20
SHOP,2026-03-03,410.10
SHOP,2026-03-04,405.65
SHOP,2026-03-05,402.92
SHOP,2026-03-06,395.19
SHOP,2026-03-09,393.34
SHOP,2026-03-10,383.11
SHOP,2026-03-11,387.26
SHOP,2026-03-12,392.33
SHOP,2026-03-13,392.37
SHOP,2026-03-16,390.98
SHOP,2026-03-17,384.36
SHOP,2026-03-18,377.27
SHOP,2026-03-19,375.81
SHOP,2026-03-20,369.28
SHOP,2026-03-23,360.98
SHOP,2026-03-24,362.19
SHOP,2026-03-25,362.19
SHOP,2026-03-26,359.39
SHOP,2026-03-27,353.85
SHOP,2026-03-30,353.52
SHOP,2026-03-31,348.90
SHOP,2026-04-01,346.04
SHOP,2026-04-02,347.42
SHOP,2026-04-03,352.30
SHOP,2026-04-06,357.60
SHOP,2026-04-07,353.45
SHOP,2026-04-08,361.88
SHOP,2026-04-09,353.83
SHOP,2026-04-10,352.78
SHOP,2026-04-13,361.70
SHOP,2026-04-14,378.51
SHOP,2026-04-15,379.50
SHOP,2026-04-16,376.99
SHOP,2026-04-17,374.31
SHOP,2026-04-20,365.64
SHOP,2026-04-21,364.65
SHOP,2026-04-22,361.79
SHOP,2026-04-23,356.55
SHOP,2026-04-24,364.97
SHOP,2026-04-27,359.52
SHOP,2026-04-28,371.47
SHOP,2026-04-29,377.54
SHOP,2026-04-30,382.38
SHOP,2026-05-01,378.08
SHOP,2026-05-04,374.49
SHOP,2026-05-05,360.09
SHOP,2026-05-06,362.14
SHOP,2026-05-07,360.29
SHOP,2026-05-08,363.13
SHOP,2026-05-11,358.46
SHOP,2026-05-12,361.98
SHOP,2026-05-13,351.55
SHOP,2026-05-14,336.77
SHOP,2026-05-15,339.90
SHOP,2026-05-18,347.10
SHOP,2026-05-19,326.03
SHOP,2026-05-20,334.27
SHOP,2026-05-21,332.05
SHOP,2026-05-22,331.14
SHOP,2026-05-25,321.33
SHOP,2026-05-26,315.23
SHOP,2026-05-27,319.59
SHOP,2026-05-28,315.16
SHOP,2026-05-29,314.96
SHOP,2026-06-01,314.13
SHOP,2026-06-02,326.24
SHOP,2026-06-03,331.99
SHOP,2026-06-04,323.56
SHOP,2026-06-05,320.66
SHOP,2026-06-08,313.58
SHOP,2026-06-09,305.27
SHOP,2026-06-10,301.27
SHOP,2026-06-11,307.81
SHOP,2026-06-12,308.13
SHOP,2026-06-15,312.26
SHOP,2026-06-16,311.47
SHOP,2026-06-17,309.04
SHOP,2026-06-18,309.56
SHOP,2026-06-19,309.21
SHOP,2026-06-22,320.75
SHOP,2026-06-23,332.02
SHOP,2026-06-24,334.46
SHOP,2026-06-25,338.48
SHOP,2026-06-26,325.49
SHOP,2026-06-29,324.83
SHOP,2026-06-30,339.88
SHOP,2026-07-01,334.75
SHOP,2026-07-02,340.05
SHOP,2026-07-03,348.19
SHOP,2026-07-06,345.55
SHOP,2026-07-07,344.16
SHOP,2026-07-08,341.16
SHOP,2026-07-09,346.53
SHOP,2026-07-10,346.71
SHOP,2026-07-13,356.90
SHOP,2026-07-14,365.12
SHOP,2026-07-15,365.18
SHOP,2026-07-16,383.56
SHOP,2026-07-17,381.40
SHOP,2026-07-20,376.94
SHOP,2026-07-21,375.35
SHOP,2026-07-22,369.00
SHOP,2026-07-23,366.13
SHOP,2026-07-24,365.66
SHOP,2026-07-27,372.08
SHOP,2026-07-28,360.74
SHOP,2026-07-29,351.10
SHOP,2026-07-30,345.89
SHOP,2026-07-31,343.97
SHOP,2026-08-03,347.02
SHOP,2026-08-04,341.86
SHOP,2026-08-05,351.87
SHOP,2026-08-06,348.40
SHOP,2026-08-07,346.97
SHOP,2026-08-10,347.45
SHOP,2026-08-11,355.34
SHOP,2026-08-12,357.51
SHOP,2026-08-13,357.72
SHOP,2026-08-14,354.09
SHOP,2026-08-17,355.29
SHOP,2026-08-18,358.17
SHOP,2026-08-19,355.77
SHOP,2026-08-20,355.73
SHOP,2026-08-21,343.09
SHOP,2026-08-24,339.68
SHOP,2026-08-25,347.48
SHOP,2026-08-26,357.12
SHOP,2026-08-27,356.65
SHOP,2026-08-28,341.89
SHOP,2026-08-31,354.06
SHOP,2026-09-01,353.01
SHOP,2026-09-02,370.60
SHOP,2026-09-03,367.77
SHOP,2026-09-04,374.94
SMCI,2025-06-02,134.76
SMCI,2025-06-03,132.04
SMCI,2025-06-04,135.42
SMCI,2025-06-05,142.98
SMCI,2025-06-06,142.46
SMCI,2025-06-09,139.18
SMCI,2025-06-10,140.01
SMCI,2025-06-11,138.98
SMCI,2025-06-12,135.05
SMCI,2025-06-13,132.36
SMCI,2025-06-16,133.07
SMCI,2025-06-17,129.20
SMCI,2025-06-18,131.97
SMCI,2025-06-19,133.17
SMCI,2025-06-20,132.80
SMCI,2025-06-23,136.46
SMCI,2025-06-24,134.11
SMCI,2025-06-25,135.94
SMCI,2025-06-26,132.48
SMCI,2025-06-27,131.69
SMCI,2025-06-30,133.40
SMCI,2025-07-01,132.07
SMCI,2025-07-02,131.86
SMCI,2025-07-03,133.57
SMCI,2025-07-04,137.57
SMCI,2025-07-07,141.10
SMCI,2025-07-08,142.44
SMCI,2025-07-09,141.78
SMCI,2025-07-10,137.91
SMCI,2025-07-11,142.56
SMCI,2025-07-14,147.80
SMCI,2025-07-15,141.68
SMCI,2025-07-16,144.14
SMCI,2025-07-17,144.08
SMCI,2025-07-18,146.13
SMCI,2025-07-21,147.08
SMCI,2025-07-22,146.62
SMCI,2025-07-23,146.67
SMCI,2025-07-24,146.65
SMCI,2025-07-25,150.03
SMCI,2025-07-28,149.36
SMCI,2025-07-29,147.84
SMCI,2025-07-30,149.79
SMCI,2025-07-31,151.73
SMCI,2025-08-01,153.09
SMCI,2025-08-04,153.99
SMCI,2025-08-05,158.45
SMCI,2025-08-06,161.95
SMCI,2025-08-07,162.70
SMCI,2025-08-08,162.10
SMCI,2025-08-11,164.26
SMCI,2025-08-12,158.36
SMCI,2025-08-13,156.86
SMCI,2025-08-14,154.77
SMCI,2025-08-15,155.37
SMCI,2025-08-18,154.27
SMCI,2025-08-19,161.68
SMCI,2025-08-20,164.06
SMCI,2025-08-21,165.43
SMCI,2025-08-22,172.73
SMCI,2025-08-25,172.82
SMCI,2025-08-26,171.82
SMCI,2025-08-27,175.99
SMCI,2025-08-28,178.89
SMCI,2025-08-29,182.18
SMCI,2025-09-01,186.54
SMCI,2025-09-02,185.34
SMCI,2025-09-03,183.04
SMCI,2025-09-04,180.61
SMCI,2025-09-05,181.04
SMCI,2025-09-08,184.64
SMCI,2025-09-09,180.94
SMCI,2025-09-10,179.18
SMCI,2025-09-11,174.59
SMCI,2025-09-12,181.41
SMCI,2025-09-15,184.31
SMCI,2025-09-16,185.19
SMCI,2025-09-17,180.88
SMCI,2025-09-18,177.40
SMCI,2025-09-19,175.24
SMCI,2025-09-22,175.46
SMCI,2025-09-23,171.20
SMCI,2025-09-24,170.55
SMCI,2025-09-25,174.66
SMCI,2025-09-26,174.81
SMCI,2025-09-29,175.21
SMCI,2025-09-30,168.25
SMCI,2025-10-01,167.43
SMCI,2025-10-02,167.06
SMCI,2025-10-03,164.87
SMCI,2025-10-06,160.58
SMCI,2025-10-07,160.42
SMCI,2025-10-08,157.35
SMCI,2025-10-09,155.74
SMCI,2025-10-10,151.05
SMCI,2025-10-13,150.84
SMCI,2025-10-14,153.56
SMCI,2025-10-15,151.11
SMCI,2025-10-16,152.14
SMCI,2025-10-17,147.71
SMCI,2025-10-20,149.44
SMCI,2025-10-21,151.07
SMCI,2025-10-22,150.03
SMCI,2025-10-23,152.67
SMCI,2025-10-24,150.19
SMCI,2025-10-27,150.38
SMCI,2025-10-28,155.34
SMCI,2025-10-29,155.33
SMCI,2025-10-30,152.06
SMCI,2025-10-31,155.53
SMCI,2025-11-03,157.23
SMCI,2025-11-04,156.44
SMCI,2025-11-05,151.06
SMCI,2025-11-06,145.58
SMCI,2025-11-07,141.41
SMCI,2025-11-10,145.55
SMCI,2025-11-11,146.46
SMCI,2025-11-12,144.09
SMCI,2025-11-13,147.36
SMCI,2025-11-14,151.62
SMCI,2025-11-17,149.25
SMCI,2025-11-18,150.71
SMCI,2025-11-19,146.03
SMCI,2025-11-20,147.15
SMCI,2025-11-21,152.37
SMCI,2025-11-24,148.23
SMCI,2025-11-25,148.48
SMCI,2025-11-26,146.70
SMCI,2025-11-27,146.52
SMCI,2025-11-28,146.83
SMCI,2025-12-01,147.70
SMCI,2025-12-02,150.32
SMCI,2025-12-03,151.89
SMCI,2025-12-04,155.05
SMCI,2025-12-05,158.16
SMCI,2025-12-08,161.61
SMCI,2025-12-09,159.61
SMCI,2025-12-10,160.94
SMCI,2025-12-11,159.88
SMCI,2025-12-12,157.32
SMCI,2025-12-15,163.32
SMCI,2025-12-16,164.31
SMCI,2025-12-17,164.55
SMCI,2025-12-18,157.86
SMCI,2025-12-19,157.25
SMCI,2025-12-22,159.68
SMCI,2025-12-23,159.14
SMCI,2025-12-24,157.51
SMCI,2025-12-25,162.06
SMCI,2025-12-26,161.14
SMCI,2025-12-29,160.20
SMCI,2025-12-30,159.95
SMCI,2025-12-31,159.31
SMCI,2026-01-01,162.64
SMCI,2026-01-02,164.51
SMCI,2026-01-05,164.35
SMCI,2026-01-06,163.31
SMCI,2026-01-07,162.65
SMCI,2026-01-08,168.02
SMCI,2026-01-09,167.08
SMCI,2026-01-12,169.27
SMCI,2026-01-13,164.13
SMCI,2026-01-14,165.24
SMCI,2026-01-15,167.52
SMCI,2026-01-16,171.70
SMCI,2026-01-19,172.83
SMCI,2026-01-20,174.84
SMCI,2026-01-21,176.01
SMCI,2026-01-22,179.71
SMCI,2026-01-23,186.96
SMCI,2026-01-26,187.79
SMCI,2026-01-27,184.87
SMCI,2026-01-28,187.09
SMCI,2026-01-29,186.76
SMCI,2026-01-30,189.15
SMCI,2026-02-02,192.09
SMCI,2026-02-03,192.76
SMCI,2026-02-04,191.18
SMCI,2026-02-05,192.41
SMCI,2026-02-06,187.81
SMCI,2026-02-09,188.90
SMCI,2026-02-10,185.71
SMCI,2026-02-11,187.41
SMCI,2026-02-12,187.93
SMCI,2026-02-13,187.25
SMCI,2026-02-16,182.94
SMCI,2026-02-17,183.22
SMCI,2026-02-18,180.86
SMCI,2026-02-19,180.47
SMCI,2026-02-20,182.98
SMCI,2026-02-23,186.43
SMCI,2026-02-24,181.81
SMCI,2026-02-25,185.18
SMCI,2026-02-26,190.17
SMCI,2026-02-27,194.38
SMCI,2026-03-02,195.51
SMCI,2026-03-03,195.28
SMCI,2026-03-04,201.99
SMCI,2026-03-05,200.87
SMCI,2026-03-06,194.97
SMCI,2026-03-09,195.42
SMCI,2026-03-10,196.59
SMCI,2026-03-11,192.80
SMCI,2026-03-12,188.30
SMCI,2026-03-13,195.55
SMCI,2026-03-16,196.06
SMCI,2026-03-17,199.10
SMCI,2026-03-18,196.91
SMCI,2026-03-19,191.31
SMCI,2026-03-20,190.72
SMCI,2026-03-23,195.73
SMCI,2026-03-24,193.26
SMCI,2026-03-25,186.75
SMCI,2026-03-26,186.19
SMCI,2026-03-27,185.30
SMCI,2026-03-30,185.43
SMCI,2026-03-31,181.84
SMCI,2026-04-01,180.81
SMCI,2026-04-02,179.03
SMCI,2026-04-03,182.18
SMCI,2026-04-06,182.82
SMCI,2026-04-07,186.00
SMCI,2026-04-08,185.93
SMCI,2026-04-09,178.26
SMCI,2026-04-10,171.69
SMCI,2026-04-13,173.55
SMCI,2026-04-14,176.56
SMCI,2026-04-15,179.65
SMCI,2026-04-16,179.50
SMCI,2026-04-17,173.31
SMCI,2026-04-20,171.78
SMCI,2026-04-21,173.21
SMCI,2026-04-22,177.88
SMCI,2026-04-23,176.75
SMCI,2026-04-24,174.96
SMCI,2026-04-27,172.38
SMCI,2026-04-28,175.84
SMCI,2026-04-29,178.89
SMCI,2026-04-30,172.75
SMCI,2026-05-01,176.91
SMCI,2026-05-04,173.90
SMCI,2026-05-05,168.97
SMCI,2026-05-06,163.92
SMCI,2026-05-07,161.66
SMCI,2026-05-08,168.92
SMCI,2026-05-11,177.41
SMCI,2026-05-12,173.30
SMCI,2026-05-13,171.09
SMCI,2026-05-14,171.71
SMCI,2026-05-15,173.17
SMCI,2026-05-18,171.69
SMCI,2026-05-19,166.44
SMCI,2026-05-20,165.23
SMCI,2026-05-21,163.10
SMCI,2026-05-22,157.60
SMCI,2026-05-25,158.11
SMCI,2026-05-26,153.77
SMCI,2026-05-27,148.62
SMCI,2026-05-28,153.02
SMCI,2026-05-29,155.89
SMCI,2026-06-01,160.30
SMCI,2026-06-02,160.74
SMCI,2026-06-03,159.57
SMCI,2026-06-04,159.36
SMCI,2026-06-05,155.29
SMCI,2026-06-08,157.60
SMCI,2026-06-09,158.51
SMCI,2026-06-10,157.63
SMCI,2026-06-11,152.08
SMCI,2026-06-12,151.81
SMCI,2026-06-15,156.63
SMCI,2026-06-16,161.13
SMCI,2026-06-17,163.92
SMCI,2026-06-18,162.86
SMCI,2026-06-19,163.39
SMCI,2026-06-22,165.22
SMCI,2026-06-23,165.94
SMCI,2026-06-24,169.40
SMCI,2026-06-25,167.34
SMCI,2026-06-26,159.82
SMCI,2026-06-29,152.50
SMCI,2026-06-30,149.85
SMCI,2026-07-01,145.98
SMCI,2026-07-02,147.93
SMCI,2026-07-03,151.06
SMCI,2026-07-06,151.13
SMCI,2026-07-07,152.78
SMCI,2026-07-08,153.07
SMCI,2026-07-09,153.67
SMCI,2026-07-10,152.32
SMCI,2026-07-13,151.23
SMCI,2026-07-14,154.80
SMCI,2026-07-15,154.10
SMCI,2026-07-16,154.04
SMCI,2026-07-17,157.66
SMCI,2026-07-20,160.75
SMCI,2026-07-21,159.64
SMCI,2026-07-22,160.49
SMCI,2026-07-23,157.48
SMCI,2026-07-24,157.95
SMCI,2026-07-27,159.00
SMCI,2026-07-28,159.06
SMCI,2026-07-29,159.65
SMCI,2026-07-30,160.85
SMCI,2026-07-31,153.16
SMCI,2026-08-03,150.75
SMCI,2026-08-04,151.06
SMCI,2026-08-05,149.67
SMCI,2026-08-06,147.00
SMCI,2026-08-07,146.37
SMCI,2026-08-10,150.97
SMCI,2026-08-11,150.35
SMCI,2026-08-12,148.57
SMCI,2026-08-13,147.24
SMCI,2026-08-14,143.97
SMCI,2026-08-17,145.39
SMCI,2026-08-18,142.74
SMCI,2026-08-19,145.33
SMCI,2026-08-20,147.95
SMCI,2026-08-21,149.67
SMCI,2026-08-24,152.74
SMCI,2026-08-25,152.54
SMCI,2026-08-26,147.50
SMCI,2026-08-27,147.37
SMCI,2026-08-28,149.26
SMCI,2026-08-31,144.81
SMCI,2026-09-01,141.51
SMCI,2026-09-02,144.60
SMCI,2026-09-03,145.90
SMCI,2026-09-04,156.70
SNAP,2025-06-02,14.37
SNAP,2025-06-03,14.61
SNAP,2025-06-04,14.60
SNAP,2025-06-05,14.54
SNAP,2025-06-06,14.63
SNAP,2025-06-09,14.54
SNAP,2025-06-10,15.21
SNAP,2025-06-11,14.98
SNAP,2025-06-12,14.55
SNAP,2025-06-13,14.18
SNAP,2025-06-16,14.46
SNAP,2025-06-17,14.34
SNAP,2025-06-18,14.39
SNAP,2025-06-19,14.33
SNAP,2025-06-20,14.40
SNAP,2025-06-23,13.99
SNAP,2025-06-24,14.02
SNAP,2025-06-25,13.86
SNAP,2025-06-26,14.15
SNAP,2025-06-27,14.32
SNAP,2025-06-30,13.97
SNAP,2025-07-01,13.71
SNAP,2025-07-02,13.86
SNAP,2025-07-03,14.18
SNAP,2025-07-04,14.39
SNAP,2025-07-07,14.34
SNAP,2025-07-08,14.65
SNAP,2025-07-09,13.97
SNAP,2025-07-10,13.83
SNAP,2025-07-11,13.56
SNAP,2025-07-14,13.30
SNAP,2025-07-15,13.44
SNAP,2025-07-16,13.51
SNAP,2025-07-17,13.59
SNAP,2025-07-18,13.55
SNAP,2025-07-21,13.71
SNAP,2025-07-22,13.92
SNAP,2025-07-23,13.76
SNAP,2025-07-24,14.01
SNAP,2025-07-25,13.76
SNAP,2025-07-28,14.22
SNAP,2025-07-29,13.86
SNAP,2025-07-30,13.78
SNAP,2025-07-31,13.49
SNAP,2025-08-01,13.50
SNAP,2025-08-04,13.85
SNAP,2025-08-05,13.65
SNAP,2025-08-06,14.12
SNAP,2025-08-07,14.50
SNAP,2025-08-08,14.61
SNAP,2025-08-11,14.45
SNAP,2025-08-12,14.70
SNAP,2025-08-13,13.89
SNAP,2025-08-14,13.68
SNAP,2025-08-15,13.94
SNAP,2025-08-18,13.92
SNAP,2025-08-19,14.59
SNAP,2025-08-20,14.40
SNAP,2025-08-21,14.03
SNAP,2025-08-22,13.97
SNAP,2025-08-25,14.12
SNAP,2025-08-26,14.59
SNAP,2025-08-27,14.10
SNAP,2025-08-28,14.14
SNAP,2025-08-29,14.48
SNAP,2025-09-01,14.29
SNAP,2025-09-02,14.17
SNAP,2025-09-03,13.83
SNAP,2025-09-04,14.03
SNAP,2025-09-05,14.26
SNAP,2025-09-08,14.42
SNAP,2025-09-09,14.49
SNAP,2025-09-10,14.77
SNAP,2025-09-11,14.73
SNAP,2025-09-12,14.94
SNAP,2025-09-15,15.18
SNAP,2025-09-16,15.56
SNAP,2025-09-17,15.71
SNAP,2025-09-18,15.74
SNAP,2025-09-19,15.96
SNAP,2025-09-22,15.48
SNAP,2025-09-23,14.94
SNAP,2025-09-24,15.41
SNAP,2025-09-25,15.45
SNAP,2025-09-26,15.14
SNAP,2025-09-29,14.96
SNAP,2025-09-30,14.92
SNAP,2025-10-01,14.94
SNAP,2025-10-02,14.72
SNAP,2025-10-03,15.00
SNAP,2025-10-06,14.51
SNAP,2025-10-07,15.31
SNAP,2025-10-08,14.99
SNAP,2025-10-09,15.47
SNAP,2025-10-10,15.67
SNAP,2025-10-13,15.15
SNAP,2025-10-14,14.79
SNAP,2025-10-15,14.81
SNAP,2025-10-16,14.89
SNAP,2025-10-17,14.76
SNAP,2025-10-20,14.77
SNAP,2025-10-21,14.81
SNAP,2025-10-22,14.49
SNAP,2025-10-23,14.50
SNAP,2025-10-24,15.14
SNAP,2025-10-27,14.95
SNAP,2025-10-28,14.65
SNAP,2025-10-29,14.84
SNAP,2025-10-30,15.23
SNAP,2025-10-31,15.54
SNAP,2025-11-03,15.35
SNAP,2025-11-04,15.33
SNAP,2025-11-05,15.39
SNAP,2025-11-06,15.32
SNAP,2025-11-07,15.44
SNAP,2025-11-10,15.77
SNAP,2025-11-11,15.94
SNAP,2025-11-12,15.93
SNAP,2025-11-13,15.87
SNAP,2025-11-14,16.43
SNAP,2025-11-17,16.04
SNAP,2025-11-18,16.67
SNAP,2025-11-19,16.91
SNAP,2025-11-20,16.93
SNAP,2025-11-21,16.69
SNAP,2025-11-24,17.29
SNAP,2025-11-25,17.70
SNAP,2025-11-26,18.02
SNAP,2025-11-27,18.75
SNAP,2025-11-28,18.09
SNAP,2025-12-01,18.12
SNAP,2025-12-02,18.01
SNAP,2025-12-03,17.76
SNAP,2025-12-04,17.78
SNAP,2025-12-05,17.97
SNAP,2025-12-08,18.15
SNAP,2025-12-09,18.10
SNAP,2025-12-10,17.63
SNAP,2025-12-11,17.82
SNAP,2025-12-12,18.03
SNAP,2025-12-15,18.78
SNAP,2025-12-16,19.13
SNAP,2025-12-17,19.13
SNAP,2025-12-18,18.70
SNAP,2025-12-19,19.70
SNAP,2025-12-22,19.43
SNAP,2025-12-23,19.51
SNAP,2025-12-24,19.79
SNAP,2025-12-25,19.99
SNAP,2025-12-26,20.51
SNAP,2025-12-29,20.10
SNAP,2025-12-30,19.82
SNAP,2025-12-31,19.89
SNAP,2026-01-01,19.41
SNAP,2026-01-02,19.18
SNAP,2026-01-05,19.70
SNAP,2026-01-06,19.81
SNAP,2026-01-07,19.77
SNAP,2026-01-08,19.55
SNAP,2026-01-09,19.56
SNAP,2026-01-12,19.55
SNAP,2026-01-13,19.13
SNAP,2026-01-14,19.43
SNAP,2026-01-15,18.94
SNAP,2026-01-16,19.42
SNAP,2026-01-19,19.29
SNAP,2026-01-20,18.42
SNAP,2026-01-21,17.85
SNAP,2026-01-22,17.96
SNAP,2026-01-23,17.65
SNAP,2026-01-26,18.28
SNAP,2026-01-27,18.77
SNAP,2026-01-28,19.55
SNAP,2026-01-29,19.90
SNAP,2026-01-30,20.43
SNAP,2026-02-02,20.18
SNAP,2026-02-03,20.70
SNAP,2026-02-04,20.52
SNAP,2026-02-05,20.50
SNAP,2026-02-06,19.94
SNAP,2026-02-09,19.97
SNAP,2026-02-10,20.12
SNAP,2026-02-11,20.10
SNAP,2026-02-12,19.66
SNAP,2026-02-13,20.01
SNAP,2026-02-16,20.37
SNAP,2026-02-17,20.34
SNAP,2026-02-18,20.65
SNAP,2026-02-19,21.05
SNAP,2026-02-20,20.64
SNAP,2026-02-23,20.63
SNAP,2026-02-24,19.86
SNAP,2026-02-25,19.46
SNAP,2026-02-26,19.62
SNAP,2026-02-27,19.28
SNAP,2026-03-02,19.43
SNAP,2026-03-03,19.57
SNAP,2026-03-04,18.77
SNAP,2026-03-05,18.59
SNAP,2026-03-06,19.14
SNAP,2026-03-09,19.15
SNAP,2026-03-10,19.19
SNAP,2026-03-11,18.93
SNAP,2026-03-12,18.32
SNAP,2026-03-13,17.75
SNAP,2026-03-16,18.76
SNAP,2026-03-17,18.69
SNAP,2026-03-18,18.36
SNAP,2026-03-19,18.41
SNAP,2026-03-20,17.70
SNAP,2026-03-23,18.19
SNAP,2026-03-24,18.80
SNAP,2026-03-25,18.52
SNAP,2026-03-26,18.64
SNAP,2026-03-27,18.31
SNAP,2026-03-30,18.62
SNAP,2026-03-31,18.31
SNAP,2026-04-01,18.25
SNAP,2026-04-02,18.73
SNAP,2026-04-03,18.92
SNAP,2026-04-06,18.80
SNAP,2026-04-07,18.23
SNAP,2026-04-08,17.65
SNAP,2026-04-09,18.07
SNAP,2026-04-10,18.26
SNAP,2026-04-13,18.28
SNAP,2026-04-14,18.73
SNAP,2026-04-15,18.79
SNAP,2026-04-16,18.52
SNAP,2026-04-17,18.47
SNAP,2026-04-20,18.44
SNAP,2026-04-21,18.43
SNAP,2026-04-22,19.35
SNAP,2026-04-23,19.57
SNAP,2026-04-24,19.68
SNAP,2026-04-27,19.58
SNAP,2026-04-28,19.31
SNAP,2026-04-29,18.93
SNAP,2026-04-30,18.22
SNAP,2026-05-01,18.05
SNAP,2026-05-04,17.50
SNAP,2026-05-05,16.86
SNAP,2026-05-06,16.54
SNAP,2026-05-07,15.87
SNAP,2026-05-08,16.31
SNAP,2026-05-11,16.71
SNAP,2026-05-12,16.39
SNAP,2026-05-13,17.05
SNAP,2026-05-14,17.28
SNAP,2026-05-15,16.41
SNAP,2026-05-18,16.41
SNAP,2026-05-19,16.09
SNAP,2026-05-20,15.53
SNAP,2026-05-21,15.44
SNAP,2026-05-22,15.80
SNAP,2026-05-25,15.94
SNAP,2026-05-26,15.47
SNAP,2026-05-27,15.27
SNAP,2026-05-28,15.04
SNAP,2026-05-29,15.38
SNAP,2026-06-01,15.35
SNAP,2026-06-02,15.05
SNAP,2026-06-03,14.77
SNAP,2026-06-04,14.19
SNAP,2026-06-05,13.95
SNAP,2026-06-08,14.20
SNAP,2026-06-09,13.66
SNAP,2026-06-10,13.71
SNAP,2026-06-11,13.68
SNAP,2026-06-12,13.90
SNAP,2026-06-15,13.58
SNAP,2026-06-16,13.82
SNAP,2026-06-17,14.25
SNAP,2026-06-18,14.90
SNAP,2026-06-19,14.42
SNAP,2026-06-22,14.41
SNAP,2026-06-23,14.35
SNAP,2026-06-24,14.38
SNAP,2026-06-25,14.09
SNAP,2026-06-26,14.33
SNAP,2026-06-29,15.01
SNAP,2026-06-30,15.46
SNAP,2026-07-01,15.16
SNAP,2026-07-02,14.98
SNAP,2026-07-03,15.20
SNAP,2026-07-06,15.24
SNAP,2026-07-07,15.01
SNAP,2026-07-08,15.38
SNAP,2026-07-09,15.54
SNAP,2026-07-10,15.85
SNAP,2026-07-13,15.80
SNAP,2026-07-14,16.20
SNAP,2026-07-15,16.05
SNAP,2026-07-16,15.69
SNAP,2026-07-17,15.68
SNAP,2026-07-20,15.24
SNAP,2026-07-21,15.63
SNAP,2026-07-22,15.85
SNAP,2026-07-23,15.32
SNAP,2026-07-24,15.37
SNAP,2026-07-27,15.63
SNAP,2026-07-28,15.51
SNAP,2026-07-29,15.64
SNAP,2026-07-30,15.46
SNAP,2026-07-31,15.44
SNAP,2026-08-03,15.41
SNAP,2026-08-04,15.56
SNAP,2026-08-05,15.25
SNAP,2026-08-06,14.91
SNAP,2026-08-07,15.00
SNAP,2026-08-10,14.85
SNAP,2026-08-11,15.00
SNAP,2026-08-12,14.85
SNAP,2026-08-13,14.46
SNAP,2026-08-14,14.67
SNAP,2026-08-17,14.75
SNAP,2026-08-18,14.96
SNAP,2026-08-19,14.86
SNAP,2026-08-20,14.75
SNAP,2026-08-21,15.12
SNAP,2026-08-24,14.61
SNAP,2026-08-25,15.11
SNAP,2026-08-26,15.27
SNAP,2026-08-27,15.25
SNAP,2026-08-28,15.27
SNAP,2026-08-31,15.46
SNAP,2026-09-01,15.22
SNAP,2026-09-02,15.30
SNAP,2026-09-03,15.01
SNAP,2026-09-04,14.45
SOFI,2025-06-02,36.45
SOFI,2025-06-03,36.84
SOFI,2025-06-04,37.35
SOFI,2025-06-05,37.93
SOFI,2025-06-06,37.11
SOFI,2025-06-09,38.01
SOFI,2025-06-10,40.04
SOFI,2025-06-11,39.57
SOFI,2025-06-12,38.56
SOFI,2025-06-13,39.08
SOFI,2025-06-16,39.79
SOFI,2025-06-17,40.58
SOFI,2025-06-18,41.82
SOFI,2025-06-19,40.64
SOFI,2025-06-20,40.94
SOFI,2025-06-23,41.30
SOFI,2025-06-24,42.33
SOFI,2025-06-25,41.56
SOFI,2025-06-26,41.57
SOFI,2025-06-27,41.24
SOFI,2025-06-30,41.10
SOFI,2025-07-01,40.96
SOFI,2025-07-02,40.83
SOFI,2025-07-03,39.36
SOFI,2025-07-04,39.32
SOFI,2025-07-07,39.36
SOFI,2025-07-08,39.04
SOFI,2025-07-09,36.25
SOFI,2025-07-10,35.73
SOFI,2025-07-11,35.25
SOFI,2025-07-14,34.63
SOFI,2025-07-15,35.73
SOFI,2025-07-16,36.38
SOFI,2025-07-17,36.23
SOFI,2025-07-18,36.66
SOFI,2025-07-21,39.07
SOFI,2025-07-22,38.30
SOFI,2025-07-23,38.65
SOFI,2025-07-24,38.17
SOFI,2025-07-25,39.29
SOFI,2025-07-28,40.16
SOFI,2025-07-29,40.04
SOFI,2025-07-30,40.52
SOFI,2025-07-31,39.86
SOFI,2025-08-01,38.58
SOFI,2025-08-04,39.22
SOFI,2025-08-05,40.50
SOFI,2025-08-06,40.24
SOFI,2025-08-07,39.80
SOFI,2025-08-08,38.35
SOFI,2025-08-11,40.00
SOFI,2025-08-12,39.02
SOFI,2025-08-13,38.25
SOFI,2025-08-14,38.08
SOFI,2025-08-15,39.00
SOFI,2025-08-18,39.03
SOFI,2025-08-19,39.00
SOFI,2025-08-20,39.00
SOFI,2025-08-21,39.66
SOFI,2025-08-22,39.61
SOFI,2025-08-25,39.73
SOFI,2025-08-26,39.65
SOFI,2025-08-27,38.76
SOFI,2025-08-28,39.79
SOFI,2025-08-29,39.22
SOFI,2025-09-01,38.17
SOFI,2025-09-02,37.82
SOFI,2025-09-03,37.83
SOFI,2025-09-04,38.44
SOFI,2025-09-05,37.29
SOFI,2025-09-08,36.33
SOFI,2025-09-09,36.45
SOFI,2025-09-10,36.72
SOFI,2025-09-11,35.89
SOFI,2025-09-12,35.06
SOFI,2025-09-15,35.17
SOFI,2025-09-16,35.06
SOFI,2025-09-17,33.91
SOFI,2025-09-18,33.30
SOFI,2025-09-19,34.28
SOFI,2025-09-22,33.54
SOFI,2025-09-23,34.24
SOFI,2025-09-24,33.17
SOFI,2025-09-25,34.15
SOFI,2025-09-26,35.24
SOFI,2025-09-29,34.77
SOFI,2025-09-30,34.29
SOFI,2025-10-01,34.71
SOFI,2025-10-02,33.83
SOFI,2025-10-03,34.19
SOFI,2025-10-06,35.02
SOFI,2025-10-07,35.19
SOFI,2025-10-08,35.41
SOFI,2025-10-09,35.28
SOFI,2025-10-10,35.99
SOFI,2025-10-13,35.38
SOFI,2025-10-14,36.50
SOFI,2025-10-15,36.47
SOFI,2025-10-16,36.22
SOFI,2025-10-17,35.02
SOFI,2025-10-20,34.70
SOFI,2025-10-21,34.85
SOFI,2025-10-22,35.71
SOFI,2025-10-23,34.54
SOFI,2025-10-24,34.44
SOFI,2025-10-27,33.95
SOFI,2025-10-28,33.12
SOFI,2025-10-29,33.11
SOFI,2025-10-30,32.60
SOFI,2025-10-31,33.15
SOFI,2025-11-03,31.35
SOFI,2025-11-04,31.80
SOFI,2025-11-05,30.57
SOFI,2025-11-06,29.36
SOFI,2025-11-07,29.66
SOFI,2025-11-10,29.45
SOFI,2025-11-11,29.51
SOFI,2025-11-12,28.93
SOFI,2025-11-13,28.31
SOFI,2025-11-14,27.88
SOFI,2025-11-17,27.84
SOFI,2025-11-18,27.36
SOFI,2025-11-19,27.12
SOFI,2025-11-20,26.64
SOFI,2025-11-21,26.76
SOFI,2025-11-24,26.14
SOFI,2025-11-25,25.03
SOFI,2025-11-26,23.70
SOFI,2025-11-27,23.69
SOFI,2025-11-28,23.72
SOFI,2025-12-01,24.17
SOFI,2025-12-02,23.81
SOFI,2025-12-03,23.25
SOFI,2025-12-04,22.55
SOFI,2025-12-05,22.88
SOFI,2025-12-08,22.59
SOFI,2025-12-09,23.03
SOFI,2025-12-10,22.98
SOFI,2025-12-11,22.85
SOFI,2025-12-12,21.98
SOFI,2025-12-15,21.68
SOFI,2025-12-16,22.01
SOFI,2025-12-17,21.74
SOFI,2025-12-18,22.02
SOFI,2025-12-19,21.29
SOFI,2025-12-22,21.71
SOFI,2025-12-23,22.92
SOFI,2025-12-24,23.43
SOFI,2025-12-25,23.57
SOFI,2025-12-26,22.98
SOFI,2025-12-29,22.72
SOFI,2025-12-30,22.42
SOFI,2025-12-31,22.49
SOFI,2026-01-01,21.57
SOFI,2026-01-02,21.19
SOFI,2026-01-05,21.52
SOFI,2026-01-06,21.58
SOFI,2026-01-07,21.89
SOFI,2026-01-08,22.26
SOFI,2026-01-09,21.74
SOFI,2026-01-12,21.14
SOFI,2026-01-13,21.33
SOFI,2026-01-14,21.34
SOFI,2026-01-15,21.36
SOFI,2026-01-16,21.01
SOFI,2026-01-19,21.43
SOFI,2026-01-20,21.63
SOFI,2026-01-21,22.12
SOFI,2026-01-22,21.96
SOFI,2026-01-23,22.25
SOFI,2026-01-26,22.22
SOFI,2026-01-27,21.79
SOFI,2026-01-28,21.75
SOFI,2026-01-29,21.02
SOFI,2026-01-30,20.93
SOFI,2026-02-02,21.00
SOFI,2026-02-03,21.29
SOFI,2026-02-04,20.83
SOFI,2026-02-05,20.27
SOFI,2026-02-06,19.96
SOFI,2026-02-09,19.12
SOFI,2026-02-10,18.87
SOFI,2026-02-11,19.85
SOFI,2026-02-12,19.90
SOFI,2026-02-13,19.59
SOFI,2026-02-16,19.32
SOFI,2026-02-17,19.99
SOFI,2026-02-18,19.52
SOFI,2026-02-19,19.47
SOFI,2026-02-20,19.43
SOFI,2026-02-23,19.14
SOFI,2026-02-24,18.85
SOFI,2026-02-25,18.21
SOFI,2026-02-26,17.90
SOFI,2026-02-27,18.36
SOFI,2026-03-02,18.87
SOFI,2026-03-03,18.76
SOFI,2026-03-04,19.02
SOFI,2026-03-05,19.18
SOFI,2026-03-06,19.22
SOFI,2026-03-09,19.16
SOFI,2026-03-10,19.62
SOFI,2026-03-11,19.84
SOFI,2026-03-12,19.74
SOFI,2026-03-13,19.64
SOFI,2026-03-16,20.00
SOFI,2026-03-17,19.76
SOFI,2026-03-18,19.46
SOFI,2026-03-19,19.35
SOFI,2026-03-20,19.15
SOFI,2026-03-23,19.63
SOFI,2026-03-24,19.76
SOFI,2026-03-25,19.72
SOFI,2026-03-26,19.50
SOFI,2026-03-27,20.05
SOFI,2026-03-30,20.22
SOFI,2026-03-31,21.06
SOFI,2026-04-01,21.43
SOFI,2026-04-02,21.33
SOFI,2026-04-03,21.09
SOFI,2026-04-06,20.96
SOFI,2026-04-07,21.03
SOFI,2026-04-08,21.36
SOFI,2026-04-09,21.56
SOFI,2026-04-10,22.23
SOFI,2026-04-13,21.54
SOFI,2026-04-14,21.55
SOFI,2026-04-15,20.92
SOFI,2026-04-16,20.48
SOFI,2026-04-17,20.23
SOFI,2026-04-20,19.96
SOFI,2026-04-21,19.56
SOFI,2026-04-22,18.96
SOFI,2026-04-23,19.38
SOFI,2026-04-24,19.25
SOFI,2026-04-27,19.62
SOFI,2026-04-28,19.18
SOFI,2026-04-29,18.28
SOFI,2026-04-30,18.05
SOFI,2026-05-01,18.36
SOFI,2026-05-04,18.15
SOFI,2026-05-05,18.29
SOFI,2026-05-06,17.89
SOFI,2026-05-07,18.38
SOFI,2026-05-08,18.53
SOFI,2026-05-11,18.92
SOFI,2026-05-12,18.80
SOFI,2026-05-13,19.28
SOFI,2026-05-14,19.30
SOFI,2026-05-15,19.10
SOFI,2026-05-18,18.85
SOFI,2026-05-19,18.87
SOFI,2026-05-20,18.51
SOFI,2026-05-21,18.06
SOFI,2026-05-22,18.10
SOFI,2026-05-25,18.36
SOFI,2026-05-26,18.24
SOFI,2026-05-27,18.54
SOFI,2026-05-28,19.13
SOFI,2026-05-29,18.63
SOFI,2026-06-01,18.72
SOFI,2026-06-02,18.35
SOFI,2026-06-03,18.11
SOFI,2026-06-04,18.17
SOFI,2026-06-05,17.30
SOFI,2026-06-08,17.50
SOFI,2026-06-09,17.79
SOFI,2026-06-10,17.97
SOFI,2026-06-11,18.20
SOFI,2026-06-12,18.86
SOFI,2026-06-15,18.71
SOFI,2026-06-16,19.11
SOFI,2026-06-17,19.66
SOFI,2026-06-18,19.85
SOFI,2026-06-19,19.13
SOFI,2026-06-22,19.06
SOFI,2026-06-23,18.94
SOFI,2026-06-24,18.32
SOFI,2026-06-25,18.29
SOFI,2026-06-26,18.56
SOFI,2026-06-29,18.46
SOFI,2026-06-30,18.38
SOFI,2026-07-01,18.92
SOFI,2026-07-02,18.68
SOFI,2026-07-03,18.32
SOFI,2026-07-06,18.33
SOFI,2026-07-07,18.73
SOFI,2026-07-08,18.95
SOFI,2026-07-09,18.97
SOFI,2026-07-10,18.77
SOFI,2026-07-13,19.23
SOFI,2026-07-14,19.56
SOFI,2026-07-15,18.88
SOFI,2026-07-16,18.99
SOFI,2026-07-17,18.07
SOFI,2026-07-20,18.61
SOFI,2026-07-21,18.83
SOFI,2026-07-22,18.58
SOFI,2026-07-23,18.09
SOFI,2026-07-24,17.98
SOFI,2026-07-27,17.34
SOFI,2026-07-28,17.53
SOFI,2026-07-29,17.34
SOFI,2026-07-30,16.72
SOFI,2026-07-31,16.71
SOFI,2026-08-03,17.10
SOFI,2026-08-04,16.66
SOFI,2026-08-05,16.53
SOFI,2026-08-06,17.13
SOFI,2026-08-07,17.18
SOFI,2026-08-10,16.99
SOFI,2026-08-11,17.04
SOFI,2026-08-12,17.30
SOFI,2026-08-13,16.95
SOFI,2026-08-14,16.91
SOFI,2026-08-17,16.35
SOFI,2026-08-18,15.82
SOFI,2026-08-19,15.33
SOFI,2026-08-20,15.58
SOFI,2026-08-21,15.67
SOFI,2026-08-24,15.90
SOFI,2026-08-25,16.28
SOFI,2026-08-26,16.29
SOFI,2026-08-27,16.36
SOFI,2026-08-28,16.48
SOFI,2026-08-31,16.63
SOFI,2026-09-01,16.27
SOFI,2026-09-02,16.17
SOFI,2026-09-03,16.12
SOFI,2026-09-04,16.12
SOXL,2025-06-02,216.28
SOXL,2025-06-03,217.07
SOXL,2025-06-04,219.61
SOXL,2025-06-05,223.20
SOXL,2025-06-06,225.66
SOXL,2025-06-09,230.01
SOXL,2025-06-10,233.86
SOXL,2025-06-11,240.36
SOXL,2025-06-12,243.36
SOXL,2025-06-13,240.31
SOXL,2025-06-16,251.50
SOXL,2025-06-17,257.16
SOXL,2025-06-18,263.57
SOXL,2025-06-19,267.39
SOXL,2025-06-20,267.62
SOXL,2025-06-23,261.45
SOXL,2025-06-24,263.71
SOXL,2025-06-25,261.81
SOXL,2025-06-26,259.68
SOXL,2025-06-27,248.53
SOXL,2025-06-30,256.22
SOXL,2025-07-01,250.19
SOXL,2025-07-02,244.64
SOXL,2025-07-03,246.90
SOXL,2025-07-04,249.68
SOXL,2025-07-07,245.68
SOXL,2025-07-08,245.62
SOXL,2025-07-09,246.84
SOXL,2025-07-10,247.58
SOXL,2025-07-11,250.17
SOXL,2025-07-14,254.04
SOXL,2025-07-15,252.14
SOXL,2025-07-16,243.91
SOXL,2025-07-17,254.46
SOXL,2025-07-18,252.47
SOXL,2025-07-21,247.43
SOXL,2025-07-22,251.12
SOXL,2025-07-23,254.04
SOXL,2025-07-24,250.87
SOXL,2025-07-25,262.67
SOXL,2025-07-28,250.25
SOXL,2025-07-29,256.65
SOXL,2025-07-30,256.42
SOXL,2025-07-31,257.98
SOXL,2025-08-01,259.60
SOXL,2025-08-04,258.36
SOXL,2025-08-05,259.98
SOXL,2025-08-06,253.16
SOXL,2025-08-07,251.11
SOXL,2025-08-08,260.39
SOXL,2025-08-11,246.90
SOXL,2025-08-12,252.97
SOXL,2025-08-13,241.60
SOXL,2025-08-14,237.44
SOXL,2025-08-15,241.60
SOXL,2025-08-18,239.59
SOXL,2025-08-19,236.79
SOXL,2025-08-20,229.64
SOXL,2025-08-21,229.05
SOXL,2025-08-22,228.21
SOXL,2025-08-25,225.26
SOXL,2025-08-26,218.17
SOXL,2025-08-27,218.83
SOXL,2025-08-28,220.65
SOXL,2025-08-29,225.67
SOXL,2025-09-01,227.97
SOXL,2025-09-02,234.90
SOXL,2025-09-03,240.52
SOXL,2025-09-04,226.86
SOXL,2025-09-05,234.41
SOXL,2025-09-08,233.89
SOXL,2025-09-09,228.95
SOXL,2025-09-10,230.91
SOXL,2025-09-11,235.33
SOXL,2025-09-12,227.99
SOXL,2025-09-15,222.32
SOXL,2025-09-16,225.36
SOXL,2025-09-17,222.83
SOXL,2025-09-18,229.33
SOXL,2025-09-19,230.30
SOXL,2025-09-22,227.73
SOXL,2025-09-23,221.63
SOXL,2025-09-24,224.27
SOXL,2025-09-25,216.50
SOXL,2025-09-26,210.81
SOXL,2025-09-29,205.24
SOXL,2025-09-30,212.23
SOXL,2025-10-01,219.47
SOXL,2025-10-02,218.47
SOXL,2025-10-03,216.76
SOXL,2025-10-06,219.79
SOXL,2025-10-07,225.25
SOXL,2025-10-08,221.57
SOXL,2025-10-09,231.34
SOXL,2025-10-10,230.35
SOXL,2025-10-13,235.55
SOXL,2025-10-14,224.36
SOXL,2025-10-15,224.09
SOXL,2025-10-16,220.93
SOXL,2025-10-17,229.71
SOXL,2025-10-20,228.69
SOXL,2025-10-21,222.82
SOXL,2025-10-22,231.51
SOXL,2025-10-23,228.30
SOXL,2025-10-24,228.26
SOXL,2025-10-27,222.51
SOXL,2025-10-28,225.51
SOXL,2025-10-29,226.35
SOXL,2025-10-30,225.01
SOXL,2025-10-31,223.17
SOXL,2025-11-03,220.59
SOXL,2025-11-04,217.37
SOXL,2025-11-05,211.21
SOXL,2025-11-06,216.29
SOXL,2025-11-07,220.15
SOXL,2025-11-10,213.97
SOXL,2025-11-11,208.94
SOXL,2025-11-12,210.63
SOXL,2025-11-13,220.18
SOXL,2025-11-14,219.25
SOXL,2025-11-17,217.84
SOXL,2025-11-18,216.72
SOXL,2025-11-19,217.77
SOXL,2025-11-20,216.98
SOXL,2025-11-21,221.68
SOXL,2025-11-24,226.02
SOXL,2025-11-25,228.50
SOXL,2025-11-26,235.70
SOXL,2025-11-27,234.58
SOXL,2025-11-28,231.96
SOXL,2025-12-01,245.80
SOXL,2025-12-02,236.24
SOXL,2025-12-03,228.81
SOXL,2025-12-04,217.96
SOXL,2025-12-05,219.50
SOXL,2025-12-08,214.77
SOXL,2025-12-09,219.32
SOXL,2025-12-10,210.06
SOXL,2025-12-11,209.45
SOXL,2025-12-12,207.78
SOXL,2025-12-15,203.25
SOXL,2025-12-16,207.79
SOXL,2025-12-17,206.10
SOXL,2025-12-18,207.93
SOXL,2025-12-19,205.71
SOXL,2025-12-22,206.30
SOXL,2025-12-23,204.42
SOXL,2025-12-24,204.70
SOXL,2025-12-25,204.27
SOXL,2025-12-26,201.45
SOXL,2025-12-29,203.20
SOXL,2025-12-30,202.42
SOXL,2025-12-31,198.45
SOXL,2026-01-01,194.25
SOXL,2026-01-02,195.95
SOXL,2026-01-05,201.15
SOXL,2026-01-06,195.84
SOXL,2026-01-07,194.17
SOXL,2026-01-08,195.90
SOXL,2026-01-09,199.98
SOXL,2026-01-12,202.81
SOXL,2026-01-13,197.97
SOXL,2026-01-14,198.09
SOXL,2026-01-15,201.64
SOXL,2026-01-16,202.59
SOXL,2026-01-19,201.65
SOXL,2026-01-20,196.83
SOXL,2026-01-21,197.46
SOXL,2026-01-22,197.18
SOXL,2026-01-23,197.29
SOXL,2026-01-26,203.22
SOXL,2026-01-27,208.04
SOXL,2026-01-28,204.70
SOXL,2026-01-29,205.63
SOXL,2026-01-30,204.32
SOXL,2026-02-02,204.70
SOXL,2026-02-03,211.39
SOXL,2026-02-04,215.25
SOXL,2026-02-05,215.41
SOXL,2026-02-06,212.54
SOXL,2026-02-09,211.82
SOXL,2026-02-10,213.34
SOXL,2026-02-11,211.18
SOXL,2026-02-12,215.82
SOXL,2026-02-13,215.89
SOXL,2026-02-16,210.74
SOXL,2026-02-17,219.38
SOXL,2026-02-18,206.58
SOXL,2026-02-19,205.44
SOXL,2026-02-20,204.92
SOXL,2026-02-23,208.96
SOXL,2026-02-24,213.61
SOXL,2026-02-25,219.84
SOXL,2026-02-26,226.70
SOXL,2026-02-27,228.12
SOXL,2026-03-02,228.62
SOXL,2026-03-03,233.27
SOXL,2026-03-04,233.12
SOXL,2026-03-05,227.19
SOXL,2026-03-06,225.09
SOXL,2026-03-09,228.06
SOXL,2026-03-10,230.84
SOXL,2026-03-11,225.68
SOXL,2026-03-12,231.08
SOXL,2026-03-13,232.49
SOXL,2026-03-16,225.46
SOXL,2026-03-17,227.55
SOXL,2026-03-18,232.12
SOXL,2026-03-19,234.58
SOXL,2026-03-20,233.09
SOXL,2026-03-23,229.31
SOXL,2026-03-24,234.45
SOXL,2026-03-25,235.49
SOXL,2026-03-26,235.43
SOXL,2026-03-27,233.52
SOXL,2026-03-30,228.65
SOXL,2026-03-31,220.01
SOXL,2026-04-01,218.47
SOXL,2026-04-02,223.31
SOXL,2026-04-03,226.70
SOXL,2026-04-06,223.58
SOXL,2026-04-07,230.40
SOXL,2026-04-08,229.32
SOXL,2026-04-09,224.67
SOXL,2026-04-10,229.06
SOXL,2026-04-13,235.40
SOXL,2026-04-14,233.53
SOXL,2026-04-15,227.78
SOXL,2026-04-16,227.46
SOXL,2026-04-17,216.34
SOXL,2026-04-20,216.55
SOXL,2026-04-21,223.15
SOXL,2026-04-22,224.36
SOXL,2026-04-23,221.03
SOXL,2026-04-24,224.15
SOXL,2026-04-27,221.91
SOXL,2026-04-28,227.53
SOXL,2026-04-29,225.87
SOXL,2026-04-30,235.09
SOXL,2026-05-01,233.41
SOXL,2026-05-04,234.28
SOXL,2026-05-05,229.84
SOXL,2026-05-06,223.91
SOXL,2026-05-07,225.44
SOXL,2026-05-08,227.00
SOXL,2026-05-11,222.55
SOXL,2026-05-12,225.03
SOXL,2026-05-13,223.14
SOXL,2026-05-14,220.65
SOXL,2026-05-15,220.30
SOXL,2026-05-18,222.02
SOXL,2026-05-19,225.24
SOXL,2026-05-20,230.81
SOXL,2026-05-21,232.55
SOXL,2026-05-22,229.13
SOXL,2026-05-25,225.95
SOXL,2026-05-26,227.61
SOXL,2026-05-27,222.12
SOXL,2026-05-28,221.34
SOXL,2026-05-29,219.61
SOXL,2026-06-01,219.15
SOXL,2026-06-02,219.93
SOXL,2026-06-03,224.50
SOXL,2026-06-04,231.86
SOXL,2026-06-05,235.95
SOXL,2026-06-08,240.71
SOXL,2026-06-09,235.51
SOXL,2026-06-10,240.39
SOXL,2026-06-11,246.62
SOXL,2026-06-12,239.89
SOXL,2026-06-15,252.03
SOXL,2026-06-16,249.14
SOXL,2026-06-17,237.20
SOXL,2026-06-18,245.58
SOXL,2026-06-19,245.87
SOXL,2026-06-22,241.89
SOXL,2026-06-23,239.08
SOXL,2026-06-24,244.19
SOXL,2026-06-25,245.43
SOXL,2026-06-26,243.55
SOXL,2026-06-29,249.16
SOXL,2026-06-30,244.44
SOXL,2026-07-01,240.25
SOXL,2026-07-02,237.52
SOXL,2026-07-03,233.93
SOXL,2026-07-06,237.14
SOXL,2026-07-07,236.02
SOXL,2026-07-08,231.01
SOXL,2026-07-09,228.86
SOXL,2026-07-10,219.72
SOXL,2026-07-13,220.43
SOXL,2026-07-14,220.85
SOXL,2026-07-15,223.53
SOXL,2026-07-16,222.45
SOXL,2026-07-17,224.21
SOXL,2026-07-20,219.99
SOXL,2026-07-21,220.07
SOXL,2026-07-22,220.74
SOXL,2026-07-23,215.33
SOXL,2026-07-24,217.84
SOXL,2026-07-27,218.44
SOXL,2026-07-28,218.64
SOXL,2026-07-29,216.52
SOXL,2026-07-30,225.19
SOXL,2026-07-31,225.17
SOXL,2026-08-03,221.68
SOXL,2026-08-04,217.88
SOXL,2026-08-05,220.44
SOXL,2026-08-06,219.49
SOXL,2026-08-07,216.00
SOXL,2026-08-10,212.84
SOXL,2026-08-11,216.80
SOXL,2026-08-12,217.15
SOXL,2026-08-13,221.71
SOXL,2026-08-14,221.61
SOXL,2026-08-17,216.34
SOXL,2026-08-18,220.08
SOXL,2026-08-19,221.47
SOXL,2026-08-20,218.54
SOXL,2026-08-21,217.16
SOXL,2026-08-24,212.91
SOXL,2026-08-25,216.42
SOXL,2026-08-26,214.59
SOXL,2026-08-27,216.62
SOXL,2026-08-28,217.73
SOXL,2026-08-31,216.58
SOXL,2026-09-01,218.16
SOXL,2026-09-02,217.06
SOXL,2026-09-03,211.90
SOXL,2026-09-04,199.40
SPY,2025-06-02,170.77
SPY,2025-06-03,168.83
SPY,2025-06-04,170.99
SPY,2025-06-05,171.89
SPY,2025-06-06,175.30
SPY,2025-06-09,172.08
SPY,2025-06-10,172.23
SPY,2025-06-11,168.87
SPY,2025-06-12,166.62
SPY,2025-06-13,171.24
SPY,2025-06-16,164.41
SPY,2025-06-17,161.45
SPY,2025-06-18,163.08
SPY,2025-06-19,165.67
SPY,2025-06-20,163.13
SPY,2025-06-23,156.55
SPY,2025-06-24,151.22
SPY,2025-06-25,152.38
SPY,2025-06-26,155.79
SPY,2025-06-27,158.68
SPY,2025-06-30,156.40
SPY,2025-07-01,160.68
SPY,2025-07-02,160.13
SPY,2025-07-03,162.16
SPY,2025-07-04,161.59
SPY,2025-07-07,166.80
SPY,2025-07-08,165.13
SPY,2025-07-09,158.09
SPY,2025-07-10,157.15
SPY,2025-07-11,157.80
SPY,2025-07-14,158.73
SPY,2025-07-15,156.51
SPY,2025-07-16,155.84
SPY,2025-07-17,152.35
SPY,2025-07-18,151.69
SPY,2025-07-21,152.01
SPY,2025-07-22,152.79
SPY,2025-07-23,157.87
SPY,2025-07-24,151.61
SPY,2025-07-25,153.23
SPY,2025-07-28,154.60
SPY,2025-07-29,151.08
SPY,2025-07-30,151.35
SPY,2025-07-31,151.38
SPY,2025-08-01,148.39
SPY,2025-08-04,150.58
SPY,2025-08-05,156.38
SPY,2025-08-06,158.54
SPY,2025-08-07,161.06
SPY,2025-08-08,164.55
SPY,2025-08-11,164.18
SPY,2025-08-12,167.43
SPY,2025-08-13,164.78
SPY,2025-08-14,165.43
SPY,2025-08-15,167.82
SPY,2025-08-18,172.26
SPY,2025-08-19,171.32
SPY,2025-08-20,170.38
SPY,2025-08-21,172.04
SPY,2025-08-22,171.82
SPY,2025-08-25,172.35
SPY,2025-08-26,175.17
SPY,2025-08-27,172.56
SPY,2025-08-28,175.63
SPY,2025-08-29,177.02
SPY,2025-09-01,176.15
SPY,2025-09-02,171.81
SPY,2025-09-03,169.71
SPY,2025-09-04,169.62
SPY,2025-09-05,172.85
SPY,2025-09-08,166.12
SPY,2025-09-09,168.53
SPY,2025-09-10,169.24
SPY,2025-09-11,165.48
SPY,2025-09-12,168.37
SPY,2025-09-15,169.76
SPY,2025-09-16,171.29
SPY,2025-09-17,168.02
SPY,2025-09-18,164.36
SPY,2025-09-19,167.40
SPY,2025-09-22,172.14
SPY,2025-09-23,173.45
SPY,2025-09-24,172.84
SPY,2025-09-25,171.35
SPY,2025-09-26,165.55
SPY,2025-09-29,168.85
SPY,2025-09-30,168.59
SPY,2025-10-01,172.78
SPY,2025-10-02,170.36
SPY,2025-10-03,173.99
SPY,2025-10-06,171.57
SPY,2025-10-07,173.63
SPY,2025-10-08,178.44
SPY,2025-10-09,176.00
SPY,2025-10-10,179.24
SPY,2025-10-13,179.28
SPY,2025-10-14,175.99
SPY,2025-10-15,176.76
SPY,2025-10-16,179.08
SPY,2025-10-17,176.60
SPY,2025-10-20,175.73
SPY,2025-10-21,173.81
SPY,2025-10-22,171.21
SPY,2025-10-23,170.56
SPY,2025-10-24,173.41
SPY,2025-10-27,171.76
SPY,2025-10-28,176.07
SPY,2025-10-29,174.80
SPY,2025-10-30,172.46
SPY,2025-10-31,176.19
SPY,2025-11-03,181.17
SPY,2025-11-04,178.89
SPY,2025-11-05,181.03
SPY,2025-11-06,176.92
SPY,2025-11-07,175.55
SPY,2025-11-10,174.31
SPY,2025-11-11,176.82
SPY,2025-11-12,172.48
SPY,2025-11-13,170.79
SPY,2025-11-14,168.51
SPY,2025-11-17,168.91
SPY,2025-11-18,164.85
SPY,2025-11-19,160.53
SPY,2025-11-20,169.58
SPY,2025-11-21,170.36
SPY,2025-11-24,165.33
SPY,2025-11-25,168.12
SPY,2025-11-26,163.79
SPY,2025-11-27,157.74
SPY,2025-11-28,163.01
SPY,2025-12-01,167.10
SPY,2025-12-02,164.38
SPY,2025-12-03,160.88
SPY,2025-12-04,162.45
SPY,2025-12-05,169.04
SPY,2025-12-08,171.10
SPY,2025-12-09,173.40
SPY,2025-12-10,169.39
SPY,2025-12-11,163.47
SPY,2025-12-12,164.78
SPY,2025-12-15,168.14
SPY,2025-12-16,168.66
SPY,2025-12-17,168.70
SPY,2025-12-18,173.37
SPY,2025-12-19,170.55
SPY,2025-12-22,174.31
SPY,2025-12-23,177.24
SPY,2025-12-24,175.11
SPY,2025-12-25,175.60
SPY,2025-12-26,176.04
SPY,2025-12-29,178.12
SPY,2025-12-30,174.74
SPY,2025-12-31,174.00
SPY,2026-01-01,174.37
SPY,2026-01-02,174.53
SPY,2026-01-05,174.66
SPY,2026-01-06,175.58
SPY,2026-01-07,174.98
SPY,2026-01-08,173.31
SPY,2026-01-09,176.91
SPY,2026-01-12,174.72
SPY,2026-01-13,173.68
SPY,2026-01-14,170.72
SPY,2026-01-15,166.91
SPY,2026-01-16,168.45
SPY,2026-01-19,168.36
SPY,2026-01-20,167.98
SPY,2026-01-21,169.54
SPY,2026-01-22,169.02
SPY,2026-01-23,171.34
SPY,2026-01-26,177.51
SPY,2026-01-27,178.79
SPY,2026-01-28,177.92
SPY,2026-01-29,183.79
SPY,2026-01-30,186.41
SPY,2026-02-02,180.35
SPY,2026-02-03,185.15
SPY,2026-02-04,185.98
SPY,2026-02-05,189.17
SPY,2026-02-06,184.93
SPY,2026-02-09,181.91
SPY,2026-02-10,179.64
SPY,2026-02-11,181.66
SPY,2026-02-12,177.70
SPY,2026-02-13,175.27
SPY,2026-02-16,178.63
SPY,2026-02-17,176.43
SPY,2026-02-18,176.89
SPY,2026-02-19,173.82
SPY,2026-02-20,168.06
SPY,2026-02-23,167.84
SPY,2026-02-24,167.50
SPY,2026-02-25,162.83
SPY,2026-02-26,166.01
SPY,2026-02-27,168.75
SPY,2026-03-02,171.74
SPY,2026-03-03,170.08
SPY,2026-03-04,166.29
SPY,2026-03-05,166.05
SPY,2026-03-06,166.65
SPY,2026-03-09,166.14
SPY,2026-03-10,164.27
SPY,2026-03-11,161.11
SPY,2026-03-12,158.83
SPY,2026-03-13,158.63
SPY,2026-03-16,157.16
SPY,2026-03-17,162.36
SPY,2026-03-18,161.53
SPY,2026-03-19,163.03
SPY,2026-03-20,161.59
SPY,2026-03-23,161.06
SPY,2026-03-24,158.03
SPY,2026-03-25,156.58
SPY,2026-03-26,152.02
SPY,2026-03-27,145.87
SPY,2026-03-30,149.76
SPY,2026-03-31,146.71
SPY,2026-04-01,148.00
SPY,2026-04-02,147.69
SPY,2026-04-03,146.09
SPY,2026-04-06,148.22
SPY,2026-04-07,146.65
SPY,2026-04-08,147.95
SPY,2026-04-09,146.93
SPY,2026-04-10,149.77
SPY,2026-04-13,152.64
SPY,2026-04-14,152.88
SPY,2026-04-15,156.22
SPY,2026-04-16,157.82
SPY,2026-04-17,162.70
SPY,2026-04-20,162.36
SPY,2026-04-21,157.49
SPY,2026-04-22,158.20
SPY,2026-04-23,158.99
SPY,2026-04-24,157.91
SPY,2026-04-27,157.31
SPY,2026-04-28,156.53
SPY,2026-04-29,152.74
SPY,2026-04-30,157.93
SPY,2026-05-01,155.58
SPY,2026-05-04,152.36
SPY,2026-05-05,147.69
SPY,2026-05-06,145.29
SPY,2026-05-07,145.23
SPY,2026-05-08,149.48
SPY,2026-05-11,151.28
SPY,2026-05-12,149.17
SPY,2026-05-13,145.58
SPY,2026-05-14,142.43
SPY,2026-05-15,142.25
SPY,2026-05-18,144.72
SPY,2026-05-19,143.40
SPY,2026-05-20,147.95
SPY,2026-05-21,153.60
SPY,2026-05-22,154.12
SPY,2026-05-25,147.63
SPY,2026-05-26,150.84
SPY,2026-05-27,150.60
SPY,2026-05-28,152.61
SPY,2026-05-29,155.61
SPY,2026-06-01,152.59
SPY,2026-06-02,152.83
SPY,2026-06-03,153.41
SPY,2026-06-04,151.20
SPY,2026-06-05,153.30
SPY,2026-06-08,152.96
SPY,2026-06-09,151.80
SPY,2026-06-10,157.44
SPY,2026-06-11,158.00
SPY,2026-06-12,163.11
SPY,2026-06-15,162.67
SPY,2026-06-16,166.02
SPY,2026-06-17,163.63
SPY,2026-06-18,164.15
SPY,2026-06-19,167.68
SPY,2026-06-22,160.59
SPY,2026-06-23,162.33
SPY,2026-06-24,161.52
SPY,2026-06-25,165.01
SPY,2026-06-26,165.64
SPY,2026-06-29,165.44
SPY,2026-06-30,161.34
SPY,2026-07-01,170.67
SPY,2026-07-02,168.26
SPY,2026-07-03,167.24
SPY,2026-07-06,164.93
SPY,2026-07-07,164.00
SPY,2026-07-08,164.75
SPY,2026-07-09,160.49
SPY,2026-07-10,163.86
SPY,2026-07-13,163.07
SPY,2026-07-14,165.04
SPY,2026-07-15,158.28
SPY,2026-07-16,156.71
SPY,2026-07-17,155.84
SPY,2026-07-20,154.71
SPY,2026-07-21,152.73
SPY,2026-07-22,153.70
SPY,2026-07-23,154.97
SPY,2026-07-24,152.04
SPY,2026-07-27,146.25
SPY,2026-07-28,148.38
SPY,2026-07-29,147.49
SPY,2026-07-30,150.63
SPY,2026-07-31,153.24
SPY,2026-08-03,152.97
SPY,2026-08-04,148.74
SPY,2026-08-05,147.73
SPY,2026-08-06,145.66
SPY,2026-08-07,149.25
SPY,2026-08-10,144.34
SPY,2026-08-11,146.97
SPY,2026-08-12,142.59
SPY,2026-08-13,141.04
SPY,2026-08-14,137.18
SPY,2026-08-17,135.34
SPY,2026-08-18,134.21
SPY,2026-08-19,135.23
SPY,2026-08-20,133.70
SPY,2026-08-21,135.54
SPY,2026-08-24,140.21
SPY,2026-08-25,140.70
SPY,2026-08-26,137.57
SPY,2026-08-27,137.13
SPY,2026-08-28,136.89
SPY,2026-08-31,135.96
SPY,2026-09-01,139.05
SPY,2026-09-02,142.24
SPY,2026-09-03,147.84
SPY,2026-09-04,149.40
TSLA,2025-06-02,210.00
TSLA,2025-06-03,206.83
TSLA,2025-06-04,204.54
TSLA,2025-06-05,208.32
TSLA,2025-06-06,209.05
TSLA,2025-06-09,204.59
TSLA,2025-06-10,202.39
TSLA,2025-06-11,190.31
TSLA,2025-06-12,190.42
TSLA,2025-06-13,186.00
TSLA,2025-06-16,185.93
TSLA,2025-06-17,181.73
TSLA,2025-06-18,178.55
TSLA,2025-06-19,176.88
TSLA,2025-06-20,186.60
TSLA,2025-06-23,182.39
TSLA,2025-06-24,178.29
TSLA,2025-06-25,176.53
TSLA,2025-06-26,180.30
TSLA,2025-06-27,183.25
TSLA,2025-06-30,185.85
TSLA,2025-07-01,184.80
TSLA,2025-07-02,185.38
TSLA,2025-07-03,182.71
TSLA,2025-07-04,182.18
TSLA,2025-07-07,179.43
TSLA,2025-07-08,174.45
TSLA,2025-07-09,171.18
TSLA,2025-07-10,177.73
TSLA,2025-07-11,179.24
TSLA,2025-07-14,176.72
TSLA,2025-07-15,176.46
TSLA,2025-07-16,175.02
TSLA,2025-07-17,179.32
TSLA,2025-07-18,179.33
TSLA,2025-07-21,177.22
TSLA,2025-07-22,179.68
TSLA,2025-07-23,180.93
TSLA,2025-07-24,178.63
TSLA,2025-07-25,176.05
TSLA,2025-07-28,176.64
TSLA,2025-07-29,171.10
TSLA,2025-07-30,168.15
TSLA,2025-07-31,171.59
TSLA,2025-08-01,174.59
TSLA,2025-08-04,178.52
TSLA,2025-08-05,177.08
TSLA,2025-08-06,175.13
TSLA,2025-08-07,174.31
TSLA,2025-08-08,172.79
TSLA,2025-08-11,177.21
TSLA,2025-08-12,176.56
TSLA,2025-08-13,181.33
TSLA,2025-08-14,178.93
TSLA,2025-08-15,180.35
TSLA,2025-08-18,186.20
TSLA,2025-08-19,183.61
TSLA,2025-08-20,181.39
TSLA,2025-08-21,179.37
TSLA,2025-08-22,173.83
TSLA,2025-08-25,172.92
TSLA,2025-08-26,170.86
TSLA,2025-08-27,178.31
TSLA,2025-08-28,176.76
TSLA,2025-08-29,169.49
TSLA,2025-09-01,172.74
TSLA,2025-09-02,176.05
TSLA,2025-09-03,176.05
TSLA,2025-09-04,177.13
TSLA,2025-09-05,179.74
TSLA,2025-09-08,177.87
TSLA,2025-09-09,178.13
TSLA,2025-09-10,178.73
TSLA,2025-09-11,184.65
TSLA,2025-09-12,189.84
TSLA,2025-09-15,190.59
TSLA,2025-09-16,185.72
TSLA,2025-09-17,189.06
TSLA,2025-09-18,188.96
TSLA,2025-09-19,193.41
TSLA,2025-09-22,193.72
TSLA,2025-09-23,194.54
TSLA,2025-09-24,197.13
TSLA,2025-09-25,194.44
TSLA,2025-09-26,192.05
TSLA,2025-09-29,200.81
TSLA,2025-09-30,197.53
TSLA,2025-10-01,201.27
TSLA,2025-10-02,204.05
TSLA,2025-10-03,207.46
TSLA,2025-10-06,213.10
TSLA,2025-10-07,207.65
TSLA,2025-10-08,211.63
TSLA,2025-10-09,203.24
TSLA,2025-10-10,203.55
TSLA,2025-10-13,205.04
TSLA,2025-10-14,209.26
TSLA,2025-10-15,213.84
TSLA,2025-10-16,210.07
TSLA,2025-10-17,209.09
TSLA,2025-10-20,208.55
TSLA,2025-10-21,205.85
TSLA,2025-10-22,202.68
TSLA,2025-10-23,200.19
TSLA,2025-10-24,204.77
TSLA,2025-10-27,210.37
TSLA,2025-10-28,213.56
TSLA,2025-10-29,220.74
TSLA,2025-10-30,221.24
TSLA,2025-10-31,216.68
TSLA,2025-11-03,214.03
TSLA,2025-11-04,215.03
TSLA,2025-11-05,219.45
TSLA,2025-11-06,224.82
TSLA,2025-11-07,221.01
TSLA,2025-11-10,225.30
TSLA,2025-11-11,223.08
TSLA,2025-11-12,225.83
TSLA,2025-11-13,229.99
TSLA,2025-11-14,236.82
TSLA,2025-11-17,234.52
TSLA,2025-11-18,235.80
TSLA,2025-11-19,237.89
TSLA,2025-11-20,236.10
TSLA,2025-11-21,236.64
TSLA,2025-11-24,239.56
TSLA,2025-11-25,232.01
TSLA,2025-11-26,229.24
TSLA,2025-11-27,239.65
TSLA,2025-11-28,241.95
TSLA,2025-12-01,239.44
TSLA,2025-12-02,231.00
TSLA,2025-12-03,226.80
TSLA,2025-12-04,229.27
TSLA,2025-12-05,232.42
TSLA,2025-12-08,234.61
TSLA,2025-12-09,237.44
TSLA,2025-12-10,234.79
TSLA,2025-12-11,242.19
TSLA,2025-12-12,237.03
TSLA,2025-12-15,239.50
TSLA,2025-12-16,238.42
TSLA,2025-12-17,230.61
TSLA,2025-12-18,234.86
TSLA,2025-12-19,233.71
TSLA,2025-12-22,237.14
TSLA,2025-12-23,243.13
TSLA,2025-12-24,244.08
TSLA,2025-12-25,241.07
TSLA,2025-12-26,240.22
TSLA,2025-12-29,240.02
TSLA,2025-12-30,246.99
TSLA,2025-12-31,251.22
TSLA,2026-01-01,259.22
TSLA,2026-01-02,263.17
TSLA,2026-01-05,259.42
TSLA,2026-01-06,264.23
TSLA,2026-01-07,269.45
TSLA,2026-01-08,268.94
TSLA,2026-01-09,271.58
TSLA,2026-01-12,270.02
TSLA,2026-01-13,263.54
TSLA,2026-01-14,263.21
TSLA,2026-01-15,267.34
TSLA,2026-01-16,265.59
TSLA,2026-01-19,254.11
TSLA,2026-01-20,250.28
TSLA,2026-01-21,255.80
TSLA,2026-01-22,257.05
TSLA,2026-01-23,262.90
TSLA,2026-01-26,259.17
TSLA,2026-01-27,257.22
TSLA,2026-01-28,252.34
TSLA,2026-01-29,248.67
TSLA,2026-01-30,251.26
TSLA,2026-02-02,252.14
TSLA,2026-02-03,249.88
TSLA,2026-02-04,251.52
TSLA,2026-02-05,245.25
TSLA,2026-02-06,243.55
TSLA,2026-02-09,236.57
TSLA,2026-02-10,229.78
TSLA,2026-02-11,223.82
TSLA,2026-02-12,219.15
TSLA,2026-02-13,225.98
TSLA,2026-02-16,232.24
TSLA,2026-02-17,238.04
TSLA,2026-02-18,235.50
TSLA,2026-02-19,238.46
TSLA,2026-02-20,233.32
TSLA,2026-02-23,230.97
TSLA,2026-02-24,232.24
TSLA,2026-02-25,225.13
TSLA,2026-02-26,226.16
TSLA,2026-02-27,228.97
TSLA,2026-03-02,219.82
TSLA,2026-03-03,209.47
TSLA,2026-03-04,208.48
TSLA,2026-03-05,208.08
TSLA,2026-03-06,208.82
TSLA,2026-03-09,204.32
TSLA,2026-03-10,206.75
TSLA,2026-03-11,207.34
TSLA,2026-03-12,204.51
TSLA,2026-03-13,211.13
TSLA,2026-03-16,212.36
TSLA,2026-03-17,215.51
TSLA,2026-03-18,223.53
TSLA,2026-03-19,221.49
TSLA,2026-03-20,220.70
TSLA,2026-03-23,213.34
TSLA,2026-03-24,212.54
TSLA,2026-03-25,214.44
TSLA,2026-03-26,225.17
TSLA,2026-03-27,227.73
TSLA,2026-03-30,228.80
TSLA,2026-03-31,223.28
TSLA,2026-04-01,219.70
TSLA,2026-04-02,211.89
TSLA,2026-04-03,206.30
TSLA,2026-04-06,206.84
TSLA,2026-04-07,208.20
TSLA,2026-04-08,204.59
TSLA,2026-04-09,203.86
TSLA,2026-04-10,200.77
TSLA,2026-04-13,203.36
TSLA,2026-04-14,205.98
TSLA,2026-04-15,203.86
TSLA,2026-04-16,202.14
TSLA,2026-04-17,197.40
TSLA,2026-04-20,195.69
TSLA,2026-04-21,204.27
TSLA,2026-04-22,204.31
TSLA,2026-04-23,207.92
TSLA,2026-04-24,210.35
TSLA,2026-04-27,216.63
TSLA,2026-04-28,215.35
TSLA,2026-04-29,211.67
TSLA,2026-04-30,216.04
TSLA,2026-05-01,220.12
TSLA,2026-05-04,217.38
TSLA,2026-05-05,222.24
TSLA,2026-05-06,222.27
TSLA,2026-05-07,222.25
TSLA,2026-05-08,230.30
TSLA,2026-05-11,232.89
TSLA,2026-05-12,234.41
TSLA,2026-05-13,233.11
TSLA,2026-05-14,234.11
TSLA,2026-05-15,239.16
TSLA,2026-05-18,241.38
TSLA,2026-05-19,237.97
TSLA,2026-05-20,240.15
TSLA,2026-05-21,239.76
TSLA,2026-05-22,241.30
TSLA,2026-05-25,240.56
TSLA,2026-05-26,230.43
TSLA,2026-05-27,223.26
TSLA,2026-05-28,221.68
TSLA,2026-05-29,212.19
TSLA,2026-06-01,206.06
TSLA,2026-06-02,214.48
TSLA,2026-06-03,217.47
TSLA,2026-06-04,215.65
TSLA,2026-06-05,217.12
TSLA,2026-06-08,207.67
TSLA,2026-06-09,208.76
TSLA,2026-06-10,212.97
TSLA,2026-06-11,213.85
TSLA,2026-06-12,208.47
TSLA,2026-06-15,212.50
TSLA,2026-06-16,210.42
TSLA,2026-06-17,208.17
TSLA,2026-06-18,209.13
TSLA,2026-06-19,207.99
TSLA,2026-06-22,216.53
TSLA,2026-06-23,216.04
TSLA,2026-06-24,225.38
TSLA,2026-06-25,227.46
TSLA,2026-06-26,222.04
TSLA,2026-06-29,222.14
TSLA,2026-06-30,222.53
TSLA,2026-07-01,228.86
TSLA,2026-07-02,234.84
TSLA,2026-07-03,246.64
TSLA,2026-07-06,243.58
TSLA,2026-07-07,241.61
TSLA,2026-07-08,252.94
TSLA,2026-07-09,248.63
TSLA,2026-07-10,250.56
TSLA,2026-07-13,258.54
TSLA,2026-07-14,253.55
TSLA,2026-07-15,251.93
TSLA,2026-07-16,248.40
TSLA,2026-07-17,251.06
TSLA,2026-07-20,253.24
TSLA,2026-07-21,253.15
TSLA,2026-07-22,256.64
TSLA,2026-07-23,252.81
TSLA,2026-07-24,251.11
TSLA,2026-07-27,253.51
TSLA,2026-07-28,263.84
TSLA,2026-07-29,263.76
TSLA,2026-07-30,264.27
TSLA,2026-07-31,271.15
TSLA,2026-08-03,271.76
TSLA,2026-08-04,278.79
TSLA,2026-08-05,280.32
TSLA,2026-08-06,286.76
TSLA,2026-08-07,288.01
TSLA,2026-08-10,282.96
TSLA,2026-08-11,278.39
TSLA,2026-08-12,280.84
TSLA,2026-08-13,291.54
TSLA,2026-08-14,302.30
TSLA,2026-08-17,300.62
TSLA,2026-08-18,315.45
TSLA,2026-08-19,308.71
TSLA,2026-08-20,303.73
TSLA,2026-08-21,309.58
TSLA,2026-08-24,300.49
TSLA,2026-08-25,306.17
TSLA,2026-08-26,308.56
TSLA,2026-08-27,312.64
TSLA,2026-08-28,305.41
TSLA,2026-08-31,307.96
TSLA,2026-09-01,313.76
TSLA,2026-09-02,313.67
TSLA,2026-09-03,320.12
TSLA,2026-09-04,320.52
TSM,2025-06-02,342.16
TSM,2025-06-03,340.98
TSM,2025-06-04,344.11
TSM,2025-06-05,338.82
TSM,2025-06-06,325.65
TSM,2025-06-09,315.52
TSM,2025-06-10,323.45
TSM,2025-06-11,321.92
TSM,2025-06-12,316.90
TSM,2025-06-13,324.62
TSM,2025-06-16,323.32
TSM,2025-06-17,313.54
TSM,2025-06-18,310.65
TSM,2025-06-19,305.10
TSM,2025-06-20,303.81
TSM,2025-06-23,298.20
TSM,2025-06-24,298.41
TSM,2025-06-25,301.05
TSM,2025-06-26,297.49
TSM,2025-06-27,296.21
TSM,2025-06-30,295.13
TSM,2025-07-01,299.90
TSM,2025-07-02,295.50
TSM,2025-07-03,299.84
TSM,2025-07-04,306.99
TSM,2025-07-07,305.72
TSM,2025-07-08,299.74
TSM,2025-07-09,297.81
TSM,2025-07-10,287.28
TSM,2025-07-11,284.09
TSM,2025-07-14,277.27
TSM,2025-07-15,276.25
TSM,2025-07-16,274.07
TSM,2025-07-17,276.82
TSM,2025-07-18,277.29
TSM,2025-07-21,279.55
TSM,2025-07-22,279.12
TSM,2025-07-23,280.61
TSM,2025-07-24,274.21
TSM,2025-07-25,277.75
TSM,2025-07-28,284.69
TSM,2025-07-29,290.91
TSM,2025-07-30,283.06
TSM,2025-07-31,285.35
TSM,2025-08-01,276.07
TSM,2025-08-04,280.17
TSM,2025-08-05,278.87
TSM,2025-08-06,276.23
TSM,2025-08-07,272.02
TSM,2025-08-08,270.66
TSM,2025-08-11,270.47
TSM,2025-08-12,265.19
TSM,2025-08-13,265.34
TSM,2025-08-14,266.64
TSM,2025-08-15,269.24
TSM,2025-08-18,268.92
TSM,2025-08-19,268.73
TSM,2025-08-20,281.08
TSM,2025-08-21,286.49
TSM,2025-08-22,288.26
TSM,2025-08-25,280.23
TSM,2025-08-26,283.62
TSM,2025-08-27,286.65
TSM,2025-08-28,271.36
TSM,2025-08-29,270.32
TSM,2025-09-01,272.31
TSM,2025-09-02,272.35
TSM,2025-09-03,272.80
TSM,2025-09-04,271.82
TSM,2025-09-05,279.25
TSM,2025-09-08,281.18
TSM,2025-09-09,279.52
TSM,2025-09-10,278.11
TSM,2025-09-11,289.62
TSM,2025-09-12,284.55
TSM,2025-09-15,281.47
TSM,2025-09-16,283.11
TSM,2025-09-17,283.88
TSM,2025-09-18,285.40
TSM,2025-09-19,293.05
TSM,2025-09-22,299.44
TSM,2025-09-23,301.88
TSM,2025-09-24,301.96
TSM,2025-09-25,301.50
TSM,2025-09-26,299.96
TSM,2025-09-29,305.90
TSM,2025-09-30,298.11
TSM,2025-10-01,291.84
TSM,2025-10-02,289.05
TSM,2025-10-03,283.41
TSM,2025-10-06,279.15
TSM,2025-10-07,285.74
TSM,2025-10-08,272.93
TSM,2025-10-09,275.99
TSM,2025-10-10,268.71
TSM,2025-10-13,267.34
TSM,2025-10-14,264.17
TSM,2025-10-15,258.85
TSM,2025-10-16,251.15
TSM,2025-10-17,251.44
TSM,2025-10-20,236.64
TSM,2025-10-21,226.54
TSM,2025-10-22,224.68
TSM,2025-10-23,229.55
TSM,2025-10-24,237.80
TSM,2025-10-27,236.34
TSM,2025-10-28,232.48
TSM,2025-10-29,231.09
TSM,2025-10-30,233.11
TSM,2025-10-31,237.40
TSM,2025-11-03,232.81
TSM,2025-11-04,234.95
TSM,2025-11-05,234.68
TSM,2025-11-06,239.98
TSM,2025-11-07,237.92
TSM,2025-11-10,236.87
TSM,2025-11-11,232.76
TSM,2025-11-12,226.54
TSM,2025-11-13,227.63
TSM,2025-11-14,230.80
TSM,2025-11-17,235.80
TSM,2025-11-18,237.00
TSM,2025-11-19,234.72
TSM,2025-11-20,230.34
TSM,2025-11-21,224.95
TSM,2025-11-24,221.64
TSM,2025-11-25,222.99
TSM,2025-11-26,223.34
TSM,2025-11-27,213.12
TSM,2025-11-28,212.63
TSM,2025-12-01,211.31
TSM,2025-12-02,206.83
TSM,2025-12-03,206.64
TSM,2025-12-04,208.78
TSM,2025-12-05,204.41
TSM,2025-12-08,198.82
TSM,2025-12-09,197.45
TSM,2025-12-10,198.44
TSM,2025-12-11,197.33
TSM,2025-12-12,203.37
TSM,2025-12-15,203.85
TSM,2025-12-16,199.70
TSM,2025-12-17,202.66
TSM,2025-12-18,199.98
TSM,2025-12-19,202.60
TSM,2025-12-22,202.95
TSM,2025-12-23,207.78
TSM,2025-12-24,203.59
TSM,2025-12-25,206.39
TSM,2025-12-26,208.09
TSM,2025-12-29,204.26
TSM,2025-12-30,207.08
TSM,2025-12-31,216.25
TSM,2026-01-01,217.74
TSM,2026-01-02,214.33
TSM,2026-01-05,213.62
TSM,2026-01-06,219.01
TSM,2026-01-07,220.07
TSM,2026-01-08,226.40
TSM,2026-01-09,223.38
TSM,2026-01-12,229.06
TSM,2026-01-13,221.77
TSM,2026-01-14,220.93
TSM,2026-01-15,219.56
TSM,2026-01-16,217.33
TSM,2026-01-19,222.59
TSM,2026-01-20,219.84
TSM,2026-01-21,221.32
TSM,2026-01-22,229.34
TSM,2026-01-23,233.06
TSM,2026-01-26,231.04
TSM,2026-01-27,227.59
TSM,2026-01-28,218.46
TSM,2026-01-29,220.05
TSM,2026-01-30,223.82
TSM,2026-02-02,228.71
TSM,2026-02-03,229.70
TSM,2026-02-04,239.54
TSM,2026-02-05,243.10
TSM,2026-02-06,231.80
TSM,2026-02-09,227.64
TSM,2026-02-10,231.21
TSM,2026-02-11,229.28
TSM,2026-02-12,233.06
TSM,2026-02-13,244.79
TSM,2026-02-16,240.99
TSM,2026-02-17,251.45
TSM,2026-02-18,250.98
TSM,2026-02-19,243.55
TSM,2026-02-20,243.95
TSM,2026-02-23,248.22
TSM,2026-02-24,245.27
TSM,2026-02-25,252.84
TSM,2026-02-26,248.36
TSM,2026-02-27,247.30
TSM,2026-03-02,251.79
TSM,2026-03-03,250.62
TSM,2026-03-04,247.75
TSM,2026-03-05,247.56
TSM,2026-03-06,250.73
TSM,2026-03-09,259.25
TSM,2026-03-10,266.22
TSM,2026-03-11,276.01
TSM,2026-03-12,275.78
TSM,2026-03-13,266.57
TSM,2026-03-16,266.28
TSM,2026-03-17,263.99
TSM,2026-03-18,258.65
TSM,2026-03-19,255.90
TSM,2026-03-20,255.48
TSM,2026-03-23,255.65
TSM,2026-03-24,260.26
TSM,2026-03-25,255.43
TSM,2026-03-26,261.22
TSM,2026-03-27,261.35
TSM,2026-03-30,265.12
TSM,2026-03-31,271.57
TSM,2026-04-01,264.77
TSM,2026-04-02,273.07
TSM,2026-04-03,269.07
TSM,2026-04-06,271.10
TSM,2026-04-07,276.93
TSM,2026-04-08,281.90
TSM,2026-04-09,272.99
TSM,2026-04-10,273.77
TSM,2026-04-13,279.92
TSM,2026-04-14,279.13
TSM,2026-04-15,278.61
TSM,2026-04-16,278.90
TSM,2026-04-17,287.99
TSM,2026-04-20,284.77
TSM,2026-04-21,279.32
TSM,2026-04-22,273.07
TSM,2026-04-23,270.10
TSM,2026-04-24,268.74
TSM,2026-04-27,270.53
TSM,2026-04-28,269.98
TSM,2026-04-29,260.63
TSM,2026-04-30,252.36
TSM,2026-05-01,255.73
TSM,2026-05-04,259.33
TSM,2026-05-05,252.22
TSM,2026-05-06,256.84
TSM,2026-05-07,244.27
TSM,2026-05-08,255.49
TSM,2026-05-11,258.44
TSM,2026-05-12,249.80
TSM,2026-05-13,252.29
TSM,2026-05-14,252.03
TSM,2026-05-15,249.67
TSM,2026-05-18,247.75
TSM,2026-05-19,246.57
TSM,2026-05-20,245.99
TSM,2026-05-21,241.48
TSM,2026-05-22,238.65
TSM,2026-05-25,241.26
TSM,2026-05-26,243.72
TSM,2026-05-27,237.16
TSM,2026-05-28,234.75
TSM,2026-05-29,242.04
TSM,2026-06-01,245.42
TSM,2026-06-02,253.46
TSM,2026-06-03,246.54
TSM,2026-06-04,241.35
TSM,2026-06-05,230.81
TSM,2026-06-08,221.78
TSM,2026-06-09,220.04
TSM,2026-06-10,215.36
TSM,2026-06-11,210.60
TSM,2026-06-12,207.61
TSM,2026-06-15,206.76
TSM,2026-06-16,210.15
TSM,2026-06-17,212.44
TSM,2026-06-18,204.90
TSM,2026-06-19,210.93
TSM,2026-06-22,209.48
TSM,2026-06-23,205.22
TSM,2026-06-24,205.04
TSM,2026-06-25,203.33
TSM,2026-06-26,197.62
TSM,2026-06-29,203.71
TSM,2026-06-30,201.29
TSM,2026-07-01,198.81
TSM,2026-07-02,200.90
TSM,2026-07-03,207.56
TSM,2026-07-06,209.52
TSM,2026-07-07,205.68
TSM,2026-07-08,207.43
TSM,2026-07-09,211.96
TSM,2026-07-10,213.51
TSM,2026-07-13,216.22
TSM,2026-07-14,214.08
TSM,2026-07-15,213.71
TSM,2026-07-16,206.45
TSM,2026-07-17,203.42
TSM,2026-07-20,198.73
TSM,2026-07-21,198.70
TSM,2026-07-22,204.60
TSM,2026-07-23,195.33
TSM,2026-07-24,190.11
TSM,2026-07-27,186.51
TSM,2026-07-28,186.12
TSM,2026-07-29,190.40
TSM,2026-07-30,187.38
TSM,2026-07-31,184.38
TSM,2026-08-03,188.81
TSM,2026-08-04,190.16
TSM,2026-08-05,192.12
TSM,2026-08-06,195.27
TSM,2026-08-07,192.31
TSM,2026-08-10,193.11
TSM,2026-08-11,190.52
TSM,2026-08-12,187.70
TSM,2026-08-13,188.16
TSM,2026-08-14,189.74
TSM,2026-08-17,184.84
TSM,2026-08-18,181.93
TSM,2026-08-19,184.10
TSM,2026-08-20,184.66
TSM,2026-08-21,187.07
TSM,2026-08-24,185.84
TSM,2026-08-25,182.79
TSM,2026-08-26,185.60
TSM,2026-08-27,187.78
TSM,2026-08-28,177.04
TSM,2026-08-31,180.06
TSM,2026-09-01,177.26
TSM,2026-09-02,179.59
TSM,2026-09-03,185.18
TSM,2026-09-04,184.10
UBER,2025-06-02,188.19
UBER,2025-06-03,190.35
UBER,2025-06-04,185.00
UBER,2025-06-05,185.93
UBER,2025-06-06,189.27
UBER,2025-06-09,191.94
UBER,2025-06-10,194.37
UBER,2025-06-11,199.06
UBER,2025-06-12,195.78
UBER,2025-06-13,200.60
UBER,2025-06-16,201.45
UBER,2025-06-17,197.45
UBER,2025-06-18,196.28
UBER,2025-06-19,197.37
UBER,2025-06-20,198.69
UBER,2025-06-23,204.09
UBER,2025-06-24,204.88
UBER,2025-06-25,202.80
UBER,2025-06-26,211.71
UBER,2025-06-27,210.32
UBER,2025-06-30,206.86
UBER,2025-07-01,210.72
UBER,2025-07-02,208.98
UBER,2025-07-03,205.69
UBER,2025-07-04,201.32
UBER,2025-07-07,206.13
UBER,2025-07-08,201.74
UBER,2025-07-09,202.18
UBER,2025-07-10,200.34
UBER,2025-07-11,199.59
UBER,2025-07-14,196.33
UBER,2025-07-15,196.95
UBER,2025-07-16,199.35
UBER,2025-07-17,203.58
UBER,2025-07-18,202.13
UBER,2025-07-21,197.42
UBER,2025-07-22,191.56
UBER,2025-07-23,191.61
UBER,2025-07-24,182.08
UBER,2025-07-25,186.96
UBER,2025-07-28,187.08
UBER,2025-07-29,187.57
UBER,2025-07-30,182.33
UBER,2025-07-31,179.99
UBER,2025-08-01,177.32
UBER,2025-08-04,179.74
UBER,2025-08-05,178.28
UBER,2025-08-06,180.52
UBER,2025-08-07,182.39
UBER,2025-08-08,175.38
UBER,2025-08-11,174.57
UBER,2025-08-12,179.01
UBER,2025-08-13,177.18
UBER,2025-08-14,177.67
UBER,2025-08-15,177.23
UBER,2025-08-18,172.90
UBER,2025-08-19,180.49
UBER,2025-08-20,180.04
UBER,2025-08-21,182.36
UBER,2025-08-22,180.75
UBER,2025-08-25,185.85
UBER,2025-08-26,190.17
UBER,2025-08-27,194.69
UBER,2025-08-28,198.44
UBER,2025-08-29,201.26
UBER,2025-09-01,206.89
UBER,2025-09-02,208.57
UBER,2025-09-03,209.18
UBER,2025-09-04,212.60
UBER,2025-09-05,208.84
UBER,2025-09-08,198.21
UBER,2025-09-09,201.47
UBER,2025-09-10,202.11
UBER,2025-09-11,199.30
UBER,2025-09-12,198.24
UBER,2025-09-15,194.49
UBER,2025-09-16,191.22
UBER,2025-09-17,191.98
UBER,2025-09-18,192.46
UBER,2025-09-19,195.71
UBER,2025-09-22,195.37
UBER,2025-09-23,197.89
UBER,2025-09-24,200.61
UBER,2025-09-25,197.84
UBER,2025-09-26,191.15
UBER,2025-09-29,188.57
UBER,2025-09-30,187.62
UBER,2025-10-01,185.67
UBER,2025-10-02,193.91
UBER,2025-10-03,191.31
UBER,2025-10-06,193.14
UBER,2025-10-07,190.23
UBER,2025-10-08,192.88
UBER,2025-10-09,188.06
UBER,2025-10-10,191.67
UBER,2025-10-13,192.41
UBER,2025-10-14,190.88
UBER,2025-10-15,186.36
UBER,2025-10-16,192.61
UBER,2025-10-17,190.43
UBER,2025-10-20,195.96
UBER,2025-10-21,186.56
UBER,2025-10-22,182.08
UBER,2025-10-23,188.73
UBER,2025-10-24,195.50
UBER,2025-10-27,195.62
UBER,2025-10-28,199.56
UBER,2025-10-29,202.04
UBER,2025-10-30,200.60
UBER,2025-10-31,201.17
UBER,2025-11-03,196.56
UBER,2025-11-04,191.34
UBER,2025-11-05,191.83
UBER,2025-11-06,194.68
UBER,2025-11-07,195.32
UBER,2025-11-10,190.58
UBER,2025-11-11,193.84
UBER,2025-11-12,194.24
UBER,2025-11-13,197.18
UBER,2025-11-14,196.10
UBER,2025-11-17,195.07
UBER,2025-11-18,199.23
UBER,2025-11-19,204.73
UBER,2025-11-20,199.87
UBER,2025-11-21,195.44
UBER,2025-11-24,199.28
UBER,2025-11-25,200.73
UBER,2025-11-26,201.00
UBER,2025-11-27,197.07
UBER,2025-11-28,201.11
UBER,2025-12-01,201.88
UBER,2025-12-02,202.82
UBER,2025-12-03,204.41
UBER,2025-12-04,202.33
UBER,2025-12-05,203.96
UBER,2025-12-08,204.56
UBER,2025-12-09,207.53
UBER,2025-12-10,209.17
UBER,2025-12-11,203.80
UBER,2025-12-12,200.99
UBER,2025-12-15,199.92
UBER,2025-12-16,204.63
UBER,2025-12-17,201.97
UBER,2025-12-18,206.61
UBER,2025-12-19,211.10
UBER,2025-12-22,214.86
UBER,2025-12-23,224.60
UBER,2025-12-24,224.63
UBER,2025-12-25,226.10
UBER,2025-12-26,231.68
UBER,2025-12-29,233.58
UBER,2025-12-30,238.30
UBER,2025-12-31,237.69
UBER,2026-01-01,244.49
UBER,2026-01-02,246.23
UBER,2026-01-05,236.91
UBER,2026-01-06,242.08
UBER,2026-01-07,241.24
UBER,2026-01-08,236.98
UBER,2026-01-09,235.65
UBER,2026-01-12,234.34
UBER,2026-01-13,239.78
UBER,2026-01-14,241.40
UBER,2026-01-15,241.14
UBER,2026-01-16,241.09
UBER,2026-01-19,236.85
UBER,2026-01-20,233.82
UBER,2026-01-21,231.73
UBER,2026-01-22,230.69
UBER,2026-01-23,225.41
UBER,2026-01-26,223.61
UBER,2026-01-27,228.16
UBER,2026-01-28,230.25
UBER,2026-01-29,230.33
UBER,2026-01-30,231.95
UBER,2026-02-02,230.91
UBER,2026-02-03,225.43
UBER,2026-02-04,229.48
UBER,2026-02-05,239.84
UBER,2026-02-06,242.36
UBER,2026-02-09,245.72
UBER,2026-02-10,257.86
UBER,2026-02-11,251.62
UBER,2026-02-12,254.34
UBER,2026-02-13,252.62
UBER,2026-02-16,251.31
UBER,2026-02-17,242.97
UBER,2026-02-18,242.68
UBER,2026-02-19,244.64
UBER,2026-02-20,236.94
UBER,2026-02-23,235.90
UBER,2026-02-24,233.69
UBER,2026-02-25,229.01
UBER,2026-02-26,231.98
UBER,2026-02-27,239.65
UBER,2026-03-02,241.73
UBER,2026-03-03,246.74
UBER,2026-03-04,250.57
UBER,2026-03-05,250.27
UBER,2026-03-06,253.25
UBER,2026-03-09,260.01
UBER,2026-03-10,257.91
UBER,2026-03-11,257.16
UBER,2026-03-12,250.20
UBER,2026-03-13,240.88
UBER,2026-03-16,237.05
UBER,2026-03-17,241.34
UBER,2026-03-18,243.18
UBER,2026-03-19,244.47
UBER,2026-03-20,250.95
UBER,2026-03-23,242.07
UBER,2026-03-24,248.80
UBER,2026-03-25,249.24
UBER,2026-03-26,253.18
UBER,2026-03-27,260.22
UBER,2026-03-30,256.11
UBER,2026-03-31,251.66
UBER,2026-04-01,253.78
UBER,2026-04-02,253.51
UBER,2026-04-03,250.67
UBER,2026-04-06,250.05
UBER,2026-04-07,246.54
UBER,2026-04-08,247.23
UBER,2026-04-09,245.43
UBER,2026-04-10,253.83
UBER,2026-04-13,248.67
UBER,2026-04-14,251.59
UBER,2026-04-15,252.06
UBER,2026-04-16,260.09
UBER,2026-04-17,255.18
UBER,2026-04-20,252.81
UBER,2026-04-21,261.60
UBER,2026-04-22,258.17
UBER,2026-04-23,256.32
UBER,2026-04-24,254.32
UBER,2026-04-27,249.47
UBER,2026-04-28,255.60
UBER,2026-04-29,263.39
UBER,2026-04-30,262.61
UBER,2026-05-01,258.79
UBER,2026-05-04,251.77
UBER,2026-05-05,255.17
UBER,2026-05-06,252.47
UBER,2026-05-07,255.31
UBER,2026-05-08,242.98
UBER,2026-05-11,241.03
UBER,2026-05-12,244.09
UBER,2026-05-13,246.20
UBER,2026-05-14,232.05
UBER,2026-05-15,233.50
UBER,2026-05-18,234.12
UBER,2026-05-19,234.11
UBER,2026-05-20,232.52
UBER,2026-05-21,230.57
UBER,2026-05-22,231.25
UBER,2026-05-25,233.68
UBER,2026-05-26,218.85
UBER,2026-05-27,218.88
UBER,2026-05-28,222.99
UBER,2026-05-29,222.10
UBER,2026-06-01,227.56
UBER,2026-06-02,223.43
UBER,2026-06-03,232.03
UBER,2026-06-04,236.54
UBER,2026-06-05,234.63
UBER,2026-06-08,247.51
UBER,2026-06-09,254.70
UBER,2026-06-10,262.79
UBER,2026-06-11,256.50
UBER,2026-06-12,256.03
UBER,2026-06-15,258.47
UBER,2026-06-16,263.95
UBER,2026-06-17,264.37
UBER,2026-06-18,257.67
UBER,2026-06-19,264.01
UBER,2026-06-22,263.22
UBER,2026-06-23,265.57
UBER,2026-06-24,263.98
UBER,2026-06-25,263.40
UBER,2026-06-26,256.32
UBER,2026-06-29,259.78
UBER,2026-06-30,256.64
UBER,2026-07-01,247.52
UBER,2026-07-02,249.62
UBER,2026-07-03,249.47
UBER,2026-07-06,254.30
UBER,2026-07-07,258.51
UBER,2026-07-08,252.38
UBER,2026-07-09,251.51
UBER,2026-07-10,251.59
UBER,2026-07-13,252.06
UBER,2026-07-14,246.88
UBER,2026-07-15,247.27
UBER,2026-07-16,252.16
UBER,2026-07-17,258.46
UBER,2026-07-20,266.02
UBER,2026-07-21,270.09
UBER,2026-07-22,256.68
UBER,2026-07-23,255.31
UBER,2026-07-24,252.64
UBER,2026-07-27,237.94
UBER,2026-07-28,245.28
UBER,2026-07-29,249.79
UBER,2026-07-30,249.84
UBER,2026-07-31,251.67
UBER,2026-08-03,254.17
UBER,2026-08-04,253.08
UBER,2026-08-05,260.05
UBER,2026-08-06,269.60
UBER,2026-08-07,274.07
UBER,2026-08-10,271.03
UBER,2026-08-11,272.47
UBER,2026-08-12,277.84
UBER,2026-08-13,281.88
UBER,2026-08-14,278.02
UBER,2026-08-17,283.37
UBER,2026-08-18,287.52
UBER,2026-08-19,290.93
UBER,2026-08-20,288.51
UBER,2026-08-21,288.45
UBER,2026-08-24,277.42
UBER,2026-08-25,277.34
UBER,2026-08-26,274.90
UBER,2026-08-27,273.37
UBER,2026-08-28,271.85
UBER,2026-08-31,270.21
UBER,2026-09-01,270.70
UBER,2026-09-02,271.30
UBER,2026-09-03,267.99
UBER,2026-09-04,267.38
UNH,2025-06-02,118.27
UNH,2025-06-03,117.43
UNH,2025-06-04,115.45
UNH,2025-06-05,111.70
UNH,2025-06-06,108.87
UNH,2025-06-09,109.74
UNH,2025-06-10,107.69
UNH,2025-06-11,111.11
UNH,2025-06-12,110.73
UNH,2025-06-13,109.88
UNH,2025-06-16,109.50
UNH,2025-06-17,108.32
UNH,2025-06-18,106.92
UNH,2025-06-19,107.06
UNH,2025-06-20,103.92
UNH,2025-06-23,104.19
UNH,2025-06-24,103.97
UNH,2025-06-25,102.11
UNH,2025-06-26,104.19
UNH,2025-06-27,104.93
UNH,2025-06-30,107.19
UNH,2025-07-01,105.77
UNH,2025-07-02,103.11
UNH,2025-07-03,100.68
UNH,2025-07-04,97.48
UNH,2025-07-07,93.83
UNH,2025-07-08,96.76
UNH,2025-07-09,95.84
UNH,2025-07-10,96.19
UNH,2025-07-11,95.17
UNH,2025-07-14,94.87
UNH,2025-07-15,97.82
UNH,2025-07-16,94.39
UNH,2025-07-17,92.55
UNH,2025-07-18,92.77
UNH,2025-07-21,91.10
UNH,2025-07-22,92.35
UNH,2025-07-23,94.70
UNH,2025-07-24,96.38
UNH,2025-07-25,97.80
UNH,2025-07-28,97.45
UNH,2025-07-29,99.38
UNH,2025-07-30,97.76
UNH,2025-07-31,95.45
UNH,2025-08-01,94.92
UNH,2025-08-04,94.45
UNH,2025-08-05,96.74
UNH,2025-08-06,94.85
UNH,2025-08-07,97.01
UNH,2025-08-08,95.51
UNH,2025-08-11,93.06
UNH,2025-08-12,89.94
UNH,2025-08-13,89.85
UNH,2025-08-14,87.28
UNH,2025-08-15,87.63
UNH,2025-08-18,87.70
UNH,2025-08-19,86.98
UNH,2025-08-20,83.66
UNH,2025-08-21,82.77
UNH,2025-08-22,83.49
UNH,2025-08-25,80.48
UNH,2025-08-26,81.57
UNH,2025-08-27,81.58
UNH,2025-08-28,80.70
UNH,2025-08-29,81.01
UNH,2025-09-01,82.04
UNH,2025-09-02,81.99
UNH,2025-09-03,80.72
UNH,2025-09-04,81.97
UNH,2025-09-05,80.86
UNH,2025-09-08,81.43
UNH,2025-09-09,82.99
UNH,2025-09-10,85.15
UNH,2025-09-11,87.82
UNH,2025-09-12,89.60
UNH,2025-09-15,89.85
UNH,2025-09-16,89.46
UNH,2025-09-17,89.78
UNH,2025-09-18,90.71
UNH,2025-09-19,96.06
UNH,2025-09-22,97.30
UNH,2025-09-23,95.70
UNH,2025-09-24,98.60
UNH,2025-09-25,95.49
UNH,2025-09-26,97.39
UNH,2025-09-29,94.92
UNH,2025-09-30,92.82
UNH,2025-10-01,91.89
UNH,2025-10-02,91.34
UNH,2025-10-03,88.89
UNH,2025-10-06,89.98
UNH,2025-10-07,89.76
UNH,2025-10-08,92.16
UNH,2025-10-09,90.29
UNH,2025-10-10,86.99
UNH,2025-10-13,88.16
UNH,2025-10-14,87.74
UNH,2025-10-15,89.43
UNH,2025-10-16,85.21
UNH,2025-10-17,83.09
UNH,2025-10-20,83.22
UNH,2025-10-21,86.43
UNH,2025-10-22,84.27
UNH,2025-10-23,81.08
UNH,2025-10-24,80.32
UNH,2025-10-27,82.56
UNH,2025-10-28,85.16
UNH,2025-10-29,82.86
UNH,2025-10-30,81.82
UNH,2025-10-31,78.83
UNH,2025-11-03,77.48
UNH,2025-11-04,76.00
UNH,2025-11-05,76.63
UNH,2025-11-06,78.34
UNH,2025-11-07,82.07
UNH,2025-11-10,81.47
UNH,2025-11-11,82.79
UNH,2025-11-12,83.14
UNH,2025-11-13,83.33
UNH,2025-11-14,86.50
UNH,2025-11-17,87.70
UNH,2025-11-18,90.40
UNH,2025-11-19,90.92
UNH,2025-11-20,92.46
UNH,2025-11-21,93.38
UNH,2025-11-24,93.19
UNH,2025-11-25,91.87
UNH,2025-11-26,91.12
UNH,2025-11-27,91.12
UNH,2025-11-28,90.42
UNH,2025-12-01,89.78
UNH,2025-12-02,88.51
UNH,2025-12-03,90.02
UNH,2025-12-04,89.57
UNH,2025-12-05,89.33
UNH,2025-12-08,88.93
UNH,2025-12-09,91.25
UNH,2025-12-10,90.27
UNH,2025-12-11,92.80
UNH,2025-12-12,91.21
UNH,2025-12-15,93.98
UNH,2025-12-16,95.10
UNH,2025-12-17,94.15
UNH,2025-12-18,94.98
UNH,2025-12-19,97.12
UNH,2025-12-22,95.28
UNH,2025-12-23,94.82
UNH,2025-12-24,95.39
UNH,2025-12-25,94.97
UNH,2025-12-26,94.41
UNH,2025-12-29,94.43
UNH,2025-12-30,95.00
UNH,2025-12-31,96.45
UNH,2026-01-01,99.26
UNH,2026-01-02,98.59
UNH,2026-01-05,104.30
UNH,2026-01-06,103.60
UNH,2026-01-07,107.22
UNH,2026-01-08,106.92
UNH,2026-01-09,103.84
UNH,2026-01-12,102.91
UNH,2026-01-13,102.19
UNH,2026-01-14,104.36
UNH,2026-01-15,100.17
UNH,2026-01-16,98.88
UNH,2026-01-19,98.61
UNH,2026-01-20,99.88
UNH,2026-01-21,100.65
UNH,2026-01-22,102.36
UNH,2026-01-23,102.02
UNH,2026-01-26,101.52
UNH,2026-01-27,103.92
UNH,2026-01-28,107.48
UNH,2026-01-29,108.27
UNH,2026-01-30,108.59
UNH,2026-02-02,106.73
UNH,2026-02-03,111.20
UNH,2026-02-04,112.06
UNH,2026-02-05,113.42
UNH,2026-02-06,109.81
UNH,2026-02-09,111.12
UNH,2026-02-10,116.44
UNH,2026-02-11,116.03
UNH,2026-02-12,115.55
UNH,2026-02-13,119.07
UNH,2026-02-16,118.61
UNH,2026-02-17,120.59
UNH,2026-02-18,125.20
UNH,2026-02-19,122.25
UNH,2026-02-20,120.23
UNH,2026-02-23,121.84
UNH,2026-02-24,122.10
UNH,2026-02-25,122.17
UNH,2026-02-26,121.75
UNH,2026-02-27,122.04
UNH,2026-03-02,122.88
UNH,2026-03-03,121.69
UNH,2026-03-04,121.00
UNH,2026-03-05,121.53
UNH,2026-03-06,118.90
UNH,2026-03-09,119.93
UNH,2026-03-10,114.70
UNH,2026-03-11,116.15
UNH,2026-03-12,115.85
UNH,2026-03-13,113.11
UNH,2026-03-16,116.10
UNH,2026-03-17,113.36
UNH,2026-03-18,117.98
UNH,2026-03-19,116.24
UNH,2026-03-20,119.01
UNH,2026-03-23,118.83
UNH,2026-03-24,122.61
UNH,2026-03-25,122.04
UNH,2026-03-26,124.51
UNH,2026-03-27,123.69
UNH,2026-03-30,119.08
UNH,2026-03-31,119.99
UNH,2026-04-01,121.10
UNH,2026-04-02,122.05
UNH,2026-04-03,126.06
UNH,2026-04-06,124.19
UNH,2026-04-07,120.65
UNH,2026-04-08,121.25
UNH,2026-04-09,119.56
UNH,2026-04-10,119.29
UNH,2026-04-13,119.27
UNH,2026-04-14,117.30
UNH,2026-04-15,119.82
UNH,2026-04-16,119.51
UNH,2026-04-17,123.72
UNH,2026-04-20,124.32
UNH,2026-04-21,126.90
UNH,2026-04-22,126.14
UNH,2026-04-23,124.47
UNH,2026-04-24,123.14
UNH,2026-04-27,120.98
UNH,2026-04-28,122.04
UNH,2026-04-29,122.35
UNH,2026-04-30,119.70
UNH,2026-05-01,116.03
UNH,2026-05-04,114.02
UNH,2026-05-05,109.88
UNH,2026-05-06,107.93
UNH,2026-05-07,104.67
UNH,2026-05-08,106.12
UNH,2026-05-11,103.66
UNH,2026-05-12,102.43
UNH,2026-05-13,102.17
UNH,2026-05-14,102.21
UNH,2026-05-15,103.05
UNH,2026-05-18,104.60
UNH,2026-05-19,105.91
UNH,2026-05-20,105.17
UNH,2026-05-21,107.76
UNH,2026-05-22,108.53
UNH,2026-05-25,106.99
UNH,2026-05-26,110.16
UNH,2026-05-27,107.56
UNH,2026-05-28,108.55
UNH,2026-05-29,111.23
UNH,2026-06-01,111.47
UNH,2026-06-02,112.21
UNH,2026-06-03,112.47
UNH,2026-06-04,113.93
UNH,2026-06-05,114.42
UNH,2026-06-08,114.42
UNH,2026-06-09,116.00
UNH,2026-06-10,111.62
UNH,2026-06-11,112.16
UNH,2026-06-12,111.47
UNH,2026-06-15,115.80
UNH,2026-06-16,116.44
UNH,2026-06-17,114.90
UNH,2026-06-18,116.37
UNH,2026-06-19,115.47
UNH,2026-06-22,112.73
UNH,2026-06-23,112.09
UNH,2026-06-24,113.18
UNH,2026-06-25,115.83
UNH,2026-06-26,118.22
UNH,2026-06-29,118.74
UNH,2026-06-30,118.34
UNH,2026-07-01,118.79
UNH,2026-07-02,121.62
UNH,2026-07-03,121.29
UNH,2026-07-06,124.06
UNH,2026-07-07,122.09
UNH,2026-07-08,122.03
UNH,2026-07-09,123.89
UNH,2026-07-10,125.59
UNH,2026-07-13,126.07
UNH,2026-07-14,124.76
UNH,2026-07-15,120.31
UNH,2026-07-16,119.24
UNH,2026-07-17,117.22
UNH,2026-07-20,116.26
UNH,2026-07-21,119.88
UNH,2026-07-22,118.03
UNH,2026-07-23,119.99
UNH,2026-07-24,119.92
UNH,2026-07-27,117.28
UNH,2026-07-28,117.51
UNH,2026-07-29,119.24
UNH,2026-07-30,116.42
UNH,2026-07-31,113.73
UNH,2026-08-03,112.85
UNH,2026-08-04,114.45
UNH,2026-08-05,113.07
UNH,2026-08-06,113.99
UNH,2026-08-07,115.01
UNH,2026-08-10,115.02
UNH,2026-08-11,116.02
UNH,2026-08-12,118.91
UNH,2026-08-13,118.44
UNH,2026-08-14,119.18
UNH,2026-08-17,116.64
UNH,2026-08-18,114.96
UNH,2026-08-19,114.71
UNH,2026-08-20,116.54
UNH,2026-08-21,114.97
UNH,2026-08-24,111.79
UNH,2026-08-25,113.82
UNH,2026-08-26,119.13
UNH,2026-08-27,113.04
UNH,2026-08-28,110.65
UNH,2026-08-31,110.89
UNH,2026-09-01,111.94
UNH,2026-09-02,109.82
UNH,2026-09-03,110.53
UNH,2026-09-04,112.91
VRT,2025-06-02,128.25
VRT,2025-06-03,125.88
VRT,2025-06-04,124.36
VRT,2025-06-05,122.86
VRT,2025-06-06,126.07
VRT,2025-06-09,128.95
VRT,2025-06-10,129.57
VRT,2025-06-11,125.55
VRT,2025-06-12,124.34
VRT,2025-06-13,123.35
VRT,2025-06-16,118.67
VRT,2025-06-17,118.62
VRT,2025-06-18,119.29
VRT,2025-06-19,116.16
VRT,2025-06-20,115.19
VRT,2025-06-23,114.14
VRT,2025-06-24,118.28
VRT,2025-06-25,119.83
VRT,2025-06-26,121.64
VRT,2025-06-27,121.84
VRT,2025-06-30,118.77
VRT,2025-07-01,120.94
VRT,2025-07-02,119.33
VRT,2025-07-03,114.80
VRT,2025-07-04,116.44
VRT,2025-07-07,115.64
VRT,2025-07-08,115.63
VRT,2025-07-09,116.80
VRT,2025-07-10,116.27
VRT,2025-07-11,117.21
VRT,2025-07-14,120.17
VRT,2025-07-15,119.40
VRT,2025-07-16,118.57
VRT,2025-07-17,118.61
VRT,2025-07-18,120.11
VRT,2025-07-21,119.15
VRT,2025-07-22,119.34
VRT,2025-07-23,117.73
VRT,2025-07-24,117.55
VRT,2025-07-25,118.81
VRT,2025-07-28,116.90
VRT,2025-07-29,116.47
VRT,2025-07-30,113.14
VRT,2025-07-31,111.57
VRT,2025-08-01,111.74
VRT,2025-08-04,112.90
VRT,2025-08-05,110.62
VRT,2025-08-06,110.40
VRT,2025-08-07,108.39
VRT,2025-08-08,109.06
VRT,2025-08-11,109.62
VRT,2025-08-12,110.57
VRT,2025-08-13,110.11
VRT,2025-08-14,107.01
VRT,2025-08-15,105.84
VRT,2025-08-18,103.04
VRT,2025-08-19,101.67
VRT,2025-08-20,101.55
VRT,2025-08-21,103.69
VRT,2025-08-22,102.36
VRT,2025-08-25,100.81
VRT,2025-08-26,101.21
VRT,2025-08-27,97.13
VRT,2025-08-28,100.94
VRT,2025-08-29,97.90
VRT,2025-09-01,99.85
VRT,2025-09-02,101.76
VRT,2025-09-03,103.69
VRT,2025-09-04,103.47
VRT,2025-09-05,104.96
VRT,2025-09-08,104.25
VRT,2025-09-09,106.22
VRT,2025-09-10,104.87
VRT,2025-09-11,103.17
VRT,2025-09-12,103.93
VRT,2025-09-15,103.00
VRT,2025-09-16,104.35
VRT,2025-09-17,102.57
VRT,2025-09-18,103.11
VRT,2025-09-19,101.10
VRT,2025-09-22,100.90
VRT,2025-09-23,105.16
VRT,2025-09-24,102.95
VRT,2025-09-25,100.45
VRT,2025-09-26,97.31
VRT,2025-09-29,96.87
VRT,2025-09-30,99.93
VRT,2025-10-01,99.03
VRT,2025-10-02,100.82
VRT,2025-10-03,100.45
VRT,2025-10-06,99.21
VRT,2025-10-07,103.13
VRT,2025-10-08,105.29
VRT,2025-10-09,101.47
VRT,2025-10-10,99.53
VRT,2025-10-13,100.33
VRT,2025-10-14,101.60
VRT,2025-10-15,101.15
VRT,2025-10-16,101.76
VRT,2025-10-17,102.84
VRT,2025-10-20,102.13
VRT,2025-10-21,104.13
VRT,2025-10-22,102.41
VRT,2025-10-23,103.92
VRT,2025-10-24,105.77
VRT,2025-10-27,106.18
VRT,2025-10-28,105.47
VRT,2025-10-29,105.42
VRT,2025-10-30,100.86
VRT,2025-10-31,101.36
VRT,2025-11-03,98.56
VRT,2025-11-04,94.64
VRT,2025-11-05,96.04
VRT,2025-11-06,94.30
VRT,2025-11-07,94.95
VRT,2025-11-10,95.03
VRT,2025-11-11,91.78
VRT,2025-11-12,90.14
VRT,2025-11-13,89.66
VRT,2025-11-14,90.49
VRT,2025-11-17,90.60
VRT,2025-11-18,88.34
VRT,2025-11-19,87.43
VRT,2025-11-20,87.61
VRT,2025-11-21,85.44
VRT,2025-11-24,84.69
VRT,2025-11-25,83.79
VRT,2025-11-26,80.28
VRT,2025-11-27,82.96
VRT,2025-11-28,84.39
VRT,2025-12-01,83.62
VRT,2025-12-02,85.18
VRT,2025-12-03,83.45
VRT,2025-12-04,85.96
VRT,2025-12-05,85.33
VRT,2025-12-08,85.56
VRT,2025-12-09,84.60
VRT,2025-12-10,84.75
VRT,2025-12-11,85.28
VRT,2025-12-12,85.33
VRT,2025-12-15,83.96
VRT,2025-12-16,85.20
VRT,2025-12-17,86.12
VRT,2025-12-18,86.11
VRT,2025-12-19,87.87
VRT,2025-12-22,86.58
VRT,2025-12-23,88.72
VRT,2025-12-24,88.44
VRT,2025-12-25,91.03
VRT,2025-12-26,90.23
VRT,2025-12-29,89.78
VRT,2025-12-30,90.15
VRT,2025-12-31,92.06
VRT,2026-01-01,94.66
VRT,2026-01-02,93.82
VRT,2026-01-05,92.47
VRT,2026-01-06,93.83
VRT,2026-01-07,96.12
VRT,2026-01-08,97.42
VRT,2026-01-09,96.79
VRT,2026-01-12,99.17
VRT,2026-01-13,99.11
VRT,2026-01-14,99.43
VRT,2026-01-15,100.64
VRT,2026-01-16,99.53
VRT,2026-01-19,95.08
VRT,2026-01-20,95.48
VRT,2026-01-21,96.82
VRT,2026-01-22,97.64
VRT,2026-01-23,98.67
VRT,2026-01-26,98.98
VRT,2026-01-27,101.00
VRT,2026-01-28,101.22
VRT,2026-01-29,104.19
VRT,2026-01-30,104.28
VRT,2026-02-02,105.91
VRT,2026-02-03,104.78
VRT,2026-02-04,105.39
VRT,2026-02-05,106.25
VRT,2026-02-06,106.54
VRT,2026-02-09,109.72
VRT,2026-02-10,109.81
VRT,2026-02-11,112.19
VRT,2026-02-12,112.96
VRT,2026-02-13,115.34
VRT,2026-02-16,113.28
VRT,2026-02-17,112.48
VRT,2026-02-18,114.61
VRT,2026-02-19,112.79
VRT,2026-02-20,113.65
VRT,2026-02-23,114.89
VRT,2026-02-24,115.33
VRT,2026-02-25,116.30
VRT,2026-02-26,117.53
VRT,2026-02-27,116.99
VRT,2026-03-02,117.93
VRT,2026-03-03,116.74
VRT,2026-03-04,115.69
VRT,2026-03-05,112.13
VRT,2026-03-06,111.90
VRT,2026-03-09,108.21
VRT,2026-03-10,108.26
VRT,2026-03-11,108.70
VRT,2026-03-12,106.36
VRT,2026-03-13,106.50
VRT,2026-03-16,107.10
VRT,2026-03-17,106.37
VRT,2026-03-18,104.45
VRT,2026-03-19,104.22
VRT,2026-03-20,105.05
VRT,2026-03-23,106.93
VRT,2026-03-24,111.00
VRT,2026-03-25,106.75
VRT,2026-03-26,107.47
VRT,2026-03-27,108.36
VRT,2026-03-30,107.00
VRT,2026-03-31,107.66
VRT,2026-04-01,112.09
VRT,2026-04-02,112.33
VRT,2026-04-03,115.34
VRT,2026-04-06,117.71
VRT,2026-04-07,116.68
VRT,2026-04-08,111.45
VRT,2026-04-09,113.99
VRT,2026-04-10,117.38
VRT,2026-04-13,113.30
VRT,2026-04-14,112.85
VRT,2026-04-15,111.30
VRT,2026-04-16,111.73
VRT,2026-04-17,111.86
VRT,2026-04-20,114.33
VRT,2026-04-21,112.99
VRT,2026-04-22,117.20
VRT,2026-04-23,113.24
VRT,2026-04-24,113.71
VRT,2026-04-27,119.71
VRT,2026-04-28,119.47
VRT,2026-04-29,120.94
VRT,2026-04-30,119.83
VRT,2026-05-01,127.63
VRT,2026-05-04,129.83
VRT,2026-05-05,128.92
VRT,2026-05-06,124.13
VRT,2026-05-07,124.65
VRT,2026-05-08,126.41
VRT,2026-05-11,121.31
VRT,2026-05-12,120.15
VRT,2026-05-13,121.47
VRT,2026-05-14,115.81
VRT,2026-05-15,115.37
VRT,2026-05-18,111.81
VRT,2026-05-19,108.84
VRT,2026-05-20,109.69
VRT,2026-05-21,112.14
VRT,2026-05-22,114.66
VRT,2026-05-25,113.17
VRT,2026-05-26,114.28
VRT,2026-05-27,110.27
VRT,2026-05-28,107.11
VRT,2026-05-29,108.25
VRT,2026-06-01,107.41
VRT,2026-06-02,105.24
VRT,2026-06-03,101.42
VRT,2026-06-04,100.95
VRT,2026-06-05,105.30
VRT,2026-06-08,101.10
VRT,2026-06-09,99.05
VRT,2026-06-10,101.24
VRT,2026-06-11,97.48
VRT,2026-06-12,96.27
VRT,2026-06-15,96.40
VRT,2026-06-16,98.54
VRT,2026-06-17,98.40
VRT,2026-06-18,101.93
VRT,2026-06-19,101.87
VRT,2026-06-22,101.64
VRT,2026-06-23,102.50
VRT,2026-06-24,103.20
VRT,2026-06-25,100.20
VRT,2026-06-26,98.31
VRT,2026-06-29,97.86
VRT,2026-06-30,98.51
VRT,2026-07-01,96.16
VRT,2026-07-02,94.80
VRT,2026-07-03,93.42
VRT,2026-07-06,94.04
VRT,2026-07-07,93.25
VRT,2026-07-08,94.36
VRT,2026-07-09,95.06
VRT,2026-07-10,93.33
VRT,2026-07-13,92.79
VRT,2026-07-14,90.50
VRT,2026-07-15,90.68
VRT,2026-07-16,92.13
VRT,2026-07-17,90.36
VRT,2026-07-20,87.19
VRT,2026-07-21,88.05
VRT,2026-07-22,87.54
VRT,2026-07-23,87.49
VRT,2026-07-24,88.28
VRT,2026-07-27,88.92
VRT,2026-07-28,90.54
VRT,2026-07-29,89.73
VRT,2026-07-30,85.81
VRT,2026-07-31,84.99
VRT,2026-08-03,84.47
VRT,2026-08-04,83.79
VRT,2026-08-05,84.44
VRT,2026-08-06,84.02
VRT,2026-08-07,86.17
VRT,2026-08-10,85.11
VRT,2026-08-11,85.09
VRT,2026-08-12,84.49
VRT,2026-08-13,88.03
VRT,2026-08-14,86.39
VRT,2026-08-17,84.67
VRT,2026-08-18,84.04
VRT,2026-08-19,85.30
VRT,2026-08-20,85.32
VRT,2026-08-21,85.01
VRT,2026-08-24,82.59
VRT,2026-08-25,79.18
VRT,2026-08-26,78.85
VRT,2026-08-27,78.47
VRT,2026-08-28,81.15
VRT,2026-08-31,81.74
VRT,2026-09-01,82.41
VRT,2026-09-02,83.99
VRT,2026-09-03,82.52
VRT,2026-09-04,80.50
WMT,2025-06-02,123.23
WMT,2025-06-03,121.85
WMT,2025-06-04,118.95
WMT,2025-06-05,121.20
WMT,2025-06-06,123.83
WMT,2025-06-09,121.19
WMT,2025-06-10,125.03
WMT,2025-06-11,123.16
WMT,2025-06-12,125.01
WMT,2025-06-13,124.55
WMT,2025-06-16,123.81
WMT,2025-06-17,122.36
WMT,2025-06-18,124.07
WMT,2025-06-19,125.65
WMT,2025-06-20,127.68
WMT,2025-06-23,127.02
WMT,2025-06-24,124.97
WMT,2025-06-25,130.35
WMT,2025-06-26,134.77
WMT,2025-06-27,134.31
WMT,2025-06-30,131.36
WMT,2025-07-01,135.33
WMT,2025-07-02,135.74
WMT,2025-07-03,135.95
WMT,2025-07-04,138.27
WMT,2025-07-07,139.29
WMT,2025-07-08,139.66
WMT,2025-07-09,145.24
WMT,2025-07-10,139.94
WMT,2025-07-11,141.79
WMT,2025-07-14,139.12
WMT,2025-07-15,139.39
WMT,2025-07-16,138.98
WMT,2025-07-17,139.77
WMT,2025-07-18,133.24
WMT,2025-07-21,135.14
WMT,2025-07-22,141.35
WMT,2025-07-23,140.25
WMT,2025-07-24,142.79
WMT,2025-07-25,144.63
WMT,2025-07-28,145.53
WMT,2025-07-29,144.14
WMT,2025-07-30,145.99
WMT,2025-07-31,146.84
WMT,2025-08-01,151.07
WMT,2025-08-04,153.63
WMT,2025-08-05,151.56
WMT,2025-08-06,142.82
WMT,2025-08-07,147.11
WMT,2025-08-08,148.60
WMT,2025-08-11,149.17
WMT,2025-08-12,147.43
WMT,2025-08-13,154.73
WMT,2025-08-14,158.92
WMT,2025-08-15,159.29
WMT,2025-08-18,158.19
WMT,2025-08-19,160.04
WMT,2025-08-20,164.44
WMT,2025-08-21,166.19
WMT,2025-08-22,169.39
WMT,2025-08-25,170.33
WMT,2025-08-26,171.61
WMT,2025-08-27,167.41
WMT,2025-08-28,167.89
WMT,2025-08-29,168.13
WMT,2025-09-01,167.96
WMT,2025-09-02,167.23
WMT,2025-09-03,168.32
WMT,2025-09-04,166.48
WMT,2025-09-05,165.90
WMT,2025-09-08,161.70
WMT,2025-09-09,169.22
WMT,2025-09-10,166.32
WMT,2025-09-11,162.40
WMT,2025-09-12,160.75
WMT,2025-09-15,159.49
WMT,2025-09-16,156.18
WMT,2025-09-17,148.65
WMT,2025-09-18,153.53
WMT,2025-09-19,156.71
WMT,2025-09-22,155.61
WMT,2025-09-23,157.41
WMT,2025-09-24,154.02
WMT,2025-09-25,149.11
WMT,2025-09-26,150.16
WMT,2025-09-29,151.95
WMT,2025-09-30,149.96
WMT,2025-10-01,150.01
WMT,2025-10-02,140.97
WMT,2025-10-03,140.66
WMT,2025-10-06,143.66
WMT,2025-10-07,144.20
WMT,2025-10-08,144.78
WMT,2025-10-09,146.51
WMT,2025-10-10,140.54
WMT,2025-10-13,136.99
WMT,2025-10-14,133.60
WMT,2025-10-15,134.30
WMT,2025-10-16,132.69
WMT,2025-10-17,127.76
WMT,2025-10-20,130.06
WMT,2025-10-21,129.63
WMT,2025-10-22,132.24
WMT,2025-10-23,137.58
WMT,2025-10-24,133.14
WMT,2025-10-27,129.81
WMT,2025-10-28,132.64
WMT,2025-10-29,136.42
WMT,2025-10-30,137.55
WMT,2025-10-31,138.59
WMT,2025-11-03,140.56
WMT,2025-11-04,142.45
WMT,2025-11-05,138.92
WMT,2025-11-06,141.04
WMT,2025-11-07,143.86
WMT,2025-11-10,142.76
WMT,2025-11-11,140.23
WMT,2025-11-12,138.92
WMT,2025-11-13,137.37
WMT,2025-11-14,138.87
WMT,2025-11-17,141.06
WMT,2025-11-18,141.19
WMT,2025-11-19,140.39
WMT,2025-11-20,135.50
WMT,2025-11-21,134.41
WMT,2025-11-24,131.80
WMT,2025-11-25,130.41
WMT,2025-11-26,131.36
WMT,2025-11-27,131.84
WMT,2025-11-28,141.10
WMT,2025-12-01,138.71
WMT,2025-12-02,137.29
WMT,2025-12-03,134.23
WMT,2025-12-04,133.60
WMT,2025-12-05,132.90
WMT,2025-12-08,135.62
WMT,2025-12-09,130.42
WMT,2025-12-10,132.84
WMT,2025-12-11,134.59
WMT,2025-12-12,133.24
WMT,2025-12-15,131.48
WMT,2025-12-16,132.05
WMT,2025-12-17,133.47
WMT,2025-12-18,133.11
WMT,2025-12-19,132.75
WMT,2025-12-22,132.85
WMT,2025-12-23,130.05
WMT,2025-12-24,130.81
WMT,2025-12-25,132.36
WMT,2025-12-26,132.55
WMT,2025-12-29,129.60
WMT,2025-12-30,129.66
WMT,2025-12-31,129.43
WMT,2026-01-01,130.29
WMT,2026-01-02,129.27
WMT,2026-01-05,131.46
WMT,2026-01-06,134.34
WMT,2026-01-07,136.60
WMT,2026-01-08,137.29
WMT,2026-01-09,140.67
WMT,2026-01-12,140.61
WMT,2026-01-13,140.20
WMT,2026-01-14,136.27
WMT,2026-01-15,136.38
WMT,2026-01-16,139.73
WMT,2026-01-19,137.14
WMT,2026-01-20,139.32
WMT,2026-01-21,135.88
WMT,2026-01-22,136.73
WMT,2026-01-23,141.74
WMT,2026-01-26,141.91
WMT,2026-01-27,138.70
WMT,2026-01-28,139.54
WMT,2026-01-29,139.20
WMT,2026-01-30,141.45
WMT,2026-02-02,140.05
WMT,2026-02-03,135.29
WMT,2026-02-04,134.07
WMT,2026-02-05,135.69
WMT,2026-02-06,138.50
WMT,2026-02-09,139.31
WMT,2026-02-10,139.44
WMT,2026-02-11,141.39
WMT,2026-02-12,140.90
WMT,2026-02-13,139.68
WMT,2026-02-16,140.37
WMT,2026-02-17,143.47
WMT,2026-02-18,142.11
WMT,2026-02-19,143.56
WMT,2026-02-20,141.82
WMT,2026-02-23,139.80
WMT,2026-02-24,140.34
WMT,2026-02-25,136.68
WMT,2026-02-26,134.45
WMT,2026-02-27,131.31
WMT,2026-03-02,129.82
WMT,2026-03-03,127.51
WMT,2026-03-04,133.41
WMT,2026-03-05,135.07
WMT,2026-03-06,135.32
WMT,2026-03-09,131.77
WMT,2026-03-10,125.68
WMT,2026-03-11,126.82
WMT,2026-03-12,125.31
WMT,2026-03-13,127.96
WMT,2026-03-16,127.03
WMT,2026-03-17,123.77
WMT,2026-03-18,122.28
WMT,2026-03-19,118.61
WMT,2026-03-20,115.38
WMT,2026-03-23,117.04
WMT,2026-03-24,115.88
WMT,2026-03-25,117.50
WMT,2026-03-26,116.27
WMT,2026-03-27,115.76
WMT,2026-03-30,114.57
WMT,2026-03-31,113.36
WMT,2026-04-01,111.95
WMT,2026-04-02,115.31
WMT,2026-04-03,115.24
WMT,2026-04-06,110.81
WMT,2026-04-07,114.54
WMT,2026-04-08,117.43
WMT,2026-04-09,120.06
WMT,2026-04-10,119.85
WMT,2026-04-13,119.54
WMT,2026-04-14,118.44
WMT,2026-04-15,118.78
WMT,2026-04-16,119.92
WMT,2026-04-17,119.97
WMT,2026-04-20,118.04
WMT,2026-04-21,115.86
WMT,2026-04-22,119.73
WMT,2026-04-23,123.74
WMT,2026-04-24,120.72
WMT,2026-04-27,119.27
WMT,2026-04-28,119.21
WMT,2026-04-29,120.63
WMT,2026-04-30,120.39
WMT,2026-05-01,121.00
WMT,2026-05-04,121.91
WMT,2026-05-05,124.68
WMT,2026-05-06,121.48
WMT,2026-05-07,124.14
WMT,2026-05-08,125.25
WMT,2026-05-11,126.63
WMT,2026-05-12,122.86
WMT,2026-05-13,122.37
WMT,2026-05-14,121.76
WMT,2026-05-15,123.34
WMT,2026-05-18,125.04
WMT,2026-05-19,126.78
WMT,2026-05-20,123.55
WMT,2026-05-21,126.63
WMT,2026-05-22,126.83
WMT,2026-05-25,129.19
WMT,2026-05-26,129.19
WMT,2026-05-27,127.49
WMT,2026-05-28,134.17
WMT,2026-05-29,135.95
WMT,2026-06-01,138.04
WMT,2026-06-02,136.87
WMT,2026-06-03,136.30
WMT,2026-06-04,139.31
WMT,2026-06-05,140.58
WMT,2026-06-08,145.43
WMT,2026-06-09,148.93
WMT,2026-06-10,145.89
WMT,2026-06-11,141.44
WMT,2026-06-12,144.70
WMT,2026-06-15,146.46
WMT,2026-06-16,145.80
WMT,2026-06-17,144.98
WMT,2026-06-18,143.48
WMT,2026-06-19,148.64
WMT,2026-06-22,148.24
WMT,2026-06-23,144.19
WMT,2026-06-24,146.80
WMT,2026-06-25,146.58
WMT,2026-06-26,147.66
WMT,2026-06-29,146.56
WMT,2026-06-30,146.52
WMT,2026-07-01,141.05
WMT,2026-07-02,142.59
WMT,2026-07-03,140.67
WMT,2026-07-06,139.70
WMT,2026-07-07,140.60
WMT,2026-07-08,144.15
WMT,2026-07-09,137.99
WMT,2026-07-10,137.70
WMT,2026-07-13,139.21
WMT,2026-07-14,142.02
WMT,2026-07-15,139.46
WMT,2026-07-16,140.40
WMT,2026-07-17,141.53
WMT,2026-07-20,144.16
WMT,2026-07-21,142.39
WMT,2026-07-22,141.95
WMT,2026-07-23,140.52
WMT,2026-07-24,143.69
WMT,2026-07-27,146.82
WMT,2026-07-28,145.64
WMT,2026-07-29,145.26
WMT,2026-07-30,145.95
WMT,2026-07-31,143.35
WMT,2026-08-03,143.11
WMT,2026-08-04,145.60
WMT,2026-08-05,147.85
WMT,2026-08-06,145.86
WMT,2026-08-07,144.12
WMT,2026-08-10,143.80
WMT,2026-08-11,139.81
WMT,2026-08-12,140.69
WMT,2026-08-13,141.09
WMT,2026-08-14,137.35
WMT,2026-08-17,136.81
WMT,2026-08-18,135.02
WMT,2026-08-19,134.39
WMT,2026-08-20,132.06
WMT,2026-08-21,135.60
WMT,2026-08-24,133.00
WMT,2026-08-25,135.03
WMT,2026-08-26,135.60
WMT,2026-08-27,139.44
WMT,2026-08-28,139.29
WMT,2026-08-31,139.37
WMT,2026-09-01,139.57
WMT,2026-09-02,134.60
WMT,2026-09-03,141.07
WMT,2026-09-04,140.57
XOM,2025-06-02,282.46
XOM,2025-06-03,291.27
XOM,2025-06-04,286.83
XOM,2025-06-05,289.34
XOM,2025-06-06,295.25
XOM,2025-06-09,300.69
XOM,2025-06-10,298.21
XOM,2025-06-11,288.36
XOM,2025-06-12,290.65
XOM,2025-06-13,293.92
XOM,2025-06-16,291.95
XOM,2025-06-17,289.66
XOM,2025-06-18,299.73
XOM,2025-06-19,290.79
XOM,2025-06-20,287.75
XOM,2025-06-23,284.52
XOM,2025-06-24,275.60
XOM,2025-06-25,272.05
XOM,2025-06-26,267.67
XOM,2025-06-27,274.13
XOM,2025-06-30,264.53
XOM,2025-07-01,257.68
XOM,2025-07-02,258.98
XOM,2025-07-03,251.42
XOM,2025-07-04,241.32
XOM,2025-07-07,238.53
XOM,2025-07-08,232.74
XOM,2025-07-09,228.50
XOM,2025-07-10,227.73
XOM,2025-07-11,229.78
XOM,2025-07-14,226.77
XOM,2025-07-15,225.66
XOM,2025-07-16,228.83
XOM,2025-07-17,228.26
XOM,2025-07-18,231.55
XOM,2025-07-21,229.04
XOM,2025-07-22,231.23
XOM,2025-07-23,236.94
XOM,2025-07-24,230.35
XOM,2025-07-25,243.57
XOM,2025-07-28,241.95
XOM,2025-07-29,240.48
XOM,2025-07-30,239.66
XOM,2025-07-31,241.87
XOM,2025-08-01,235.99
XOM,2025-08-04,236.26
XOM,2025-08-05,233.46
XOM,2025-08-06,239.88
XOM,2025-08-07,231.57
XOM,2025-08-08,234.52
XOM,2025-08-11,232.99
XOM,2025-08-12,229.77
XOM,2025-08-13,230.35
XOM,2025-08-14,229.40
XOM,2025-08-15,229.54
XOM,2025-08-18,230.67
XOM,2025-08-19,236.16
XOM,2025-08-20,234.44
XOM,2025-08-21,242.21
XOM,2025-08-22,229.89
XOM,2025-08-25,238.21
XOM,2025-08-26,243.81
XOM,2025-08-27,251.36
XOM,2025-08-28,252.42
XOM,2025-08-29,253.79
XOM,2025-09-01,249.01
XOM,2025-09-02,255.60
XOM,2025-09-03,250.09
XOM,2025-09-04,246.06
XOM,2025-09-05,246.16
XOM,2025-09-08,247.26
XOM,2025-09-09,248.96
XOM,2025-09-10,243.13
XOM,2025-09-11,241.64
XOM,2025-09-12,243.95
XOM,2025-09-15,249.53
XOM,2025-09-16,253.29
XOM,2025-09-17,255.39
XOM,2025-09-18,254.00
XOM,2025-09-19,251.50
XOM,2025-09-22,248.87
XOM,2025-09-23,248.53
XOM,2025-09-24,251.10
XOM,2025-09-25,248.80
XOM,2025-09-26,258.96
XOM,2025-09-29,254.16
XOM,2025-09-30,258.24
XOM,2025-10-01,257.36
XOM,2025-10-02,256.58
XOM,2025-10-03,254.84
XOM,2025-10-06,262.59
XOM,2025-10-07,261.22
XOM,2025-10-08,264.04
XOM,2025-10-09,264.75
XOM,2025-10-10,268.65
XOM,2025-10-13,271.75
XOM,2025-10-14,280.64
XOM,2025-10-15,276.88
XOM,2025-10-16,272.28
XOM,2025-10-17,281.13
XOM,2025-10-20,288.22
XOM,2025-10-21,288.74
XOM,2025-10-22,287.03
XOM,2025-10-23,288.54
XOM,2025-10-24,295.97
XOM,2025-10-27,291.82
XOM,2025-10-28,300.20
XOM,2025-10-29,300.02
XOM,2025-10-30,297.79
XOM,2025-10-31,295.70
XOM,2025-11-03,283.28
XOM,2025-11-04,285.13
XOM,2025-11-05,277.59
XOM,2025-11-06,274.78
XOM,2025-11-07,269.82
XOM,2025-11-10,271.13
XOM,2025-11-11,274.97
XOM,2025-11-12,275.30
XOM,2025-11-13,276.29
XOM,2025-11-14,278.56
XOM,2025-11-17,287.42
XOM,2025-11-18,290.68
XOM,2025-11-19,299.72
XOM,2025-11-20,299.50
XOM,2025-11-21,301.54
XOM,2025-11-24,297.97
XOM,2025-11-25,301.44
XOM,2025-11-26,296.70
XOM,2025-11-27,299.42
XOM,2025-11-28,295.98
XOM,2025-12-01,293.83
XOM,2025-12-02,300.73
XOM,2025-12-03,301.54
XOM,2025-12-04,306.19
XOM,2025-12-05,304.66
XOM,2025-12-08,294.07
XOM,2025-12-09,302.65
XOM,2025-12-10,301.76
XOM,2025-12-11,297.79
XOM,2025-12-12,303.25
XOM,2025-12-15,296.32
XOM,2025-12-16,292.30
XOM,2025-12-17,298.91
XOM,2025-12-18,295.12
XOM,2025-12-19,301.70
XOM,2025-12-22,300.10
XOM,2025-12-23,298.78
XOM,2025-12-24,299.31
XOM,2025-12-25,296.27
XOM,2025-12-26,302.40
XOM,2025-12-29,308.94
XOM,2025-12-30,309.47
XOM,2025-12-31,313.16
XOM,2026-01-01,316.50
XOM,2026-01-02,327.05
XOM,2026-01-05,317.42
XOM,2026-01-06,323.83
XOM,2026-01-07,329.56
XOM,2026-01-08,327.44
XOM,2026-01-09,327.67
XOM,2026-01-12,325.35
XOM,2026-01-13,333.09
XOM,2026-01-14,325.43
XOM,2026-01-15,329.30
XOM,2026-01-16,337.66
XOM,2026-01-19,341.47
XOM,2026-01-20,338.13
XOM,2026-01-21,335.36
XOM,2026-01-22,321.14
XOM,2026-01-23,315.07
XOM,2026-01-26,321.88
XOM,2026-01-27,316.30
XOM,2026-01-28,305.91
XOM,2026-01-29,304.64
XOM,2026-01-30,295.54
XOM,2026-02-02,298.23
XOM,2026-02-03,292.99
XOM,2026-02-04,298.39
XOM,2026-02-05,297.63
XOM,2026-02-06,289.82
XOM,2026-02-09,285.31
XOM,2026-02-10,281.97
XOM,2026-02-11,277.17
XOM,2026-02-12,283.76
XOM,2026-02-13,278.04
XOM,2026-02-16,280.08
XOM,2026-02-17,276.76
XOM,2026-02-18,279.97
XOM,2026-02-19,271.94
XOM,2026-02-20,264.05
XOM,2026-02-23,266.69
XOM,2026-02-24,274.00
XOM,2026-02-25,266.39
XOM,2026-02-26,264.95
XOM,2026-02-27,262.21
XOM,2026-03-02,257.72
XOM,2026-03-03,262.65
XOM,2026-03-04,263.02
XOM,2026-03-05,255.71
XOM,2026-03-06,254.80
XOM,2026-03-09,261.53
XOM,2026-03-10,258.17
XOM,2026-03-11,255.47
XOM,2026-03-12,251.61
XOM,2026-03-13,252.38
XOM,2026-03-16,249.87
XOM,2026-03-17,254.26
XOM,2026-03-18,250.40
XOM,2026-03-19,243.08
XOM,2026-03-20,245.27
XOM,2026-03-23,229.71
XOM,2026-03-24,225.71
XOM,2026-03-25,226.94
XOM,2026-03-26,228.11
XOM,2026-03-27,225.44
XOM,2026-03-30,223.66
XOM,2026-03-31,225.95
XOM,2026-04-01,241.92
XOM,2026-04-02,238.00
XOM,2026-04-03,237.32
XOM,2026-04-06,235.12
XOM,2026-04-07,237.68
XOM,2026-04-08,237.68
XOM,2026-04-09,240.28
XOM,2026-04-10,248.06
XOM,2026-04-13,246.91
XOM,2026-04-14,245.44
XOM,2026-04-15,247.30
XOM,2026-04-16,257.61
XOM,2026-04-17,255.99
XOM,2026-04-20,264.58
XOM,2026-04-21,270.62
XOM,2026-04-22,255.79
XOM,2026-04-23,251.13
XOM,2026-04-24,246.17
XOM,2026-04-27,248.14
XOM,2026-04-28,254.67
XOM,2026-04-29,255.06
XOM,2026-04-30,255.85
XOM,2026-05-01,266.42
XOM,2026-05-04,268.27
XOM,2026-05-05,279.28
XOM,2026-05-06,274.25
XOM,2026-05-07,282.89
XOM,2026-05-08,279.99
XOM,2026-05-11,267.33
XOM,2026-05-12,262.88
XOM,2026-05-13,260.66
XOM,2026-05-14,260.39
XOM,2026-05-15,264.23
XOM,2026-05-18,267.83
XOM,2026-05-19,270.60
XOM,2026-05-20,266.52
XOM,2026-05-21,275.61
XOM,2026-05-22,282.16
XOM,2026-05-25,282.49
XOM,2026-05-26,279.22
XOM,2026-05-27,279.11
XOM,2026-05-28,277.83
XOM,2026-05-29,274.33
XOM,2026-06-01,274.23
XOM,2026-06-02,270.93
XOM,2026-06-03,274.36
XOM,2026-06-04,271.12
XOM,2026-06-05,273.73
XOM,2026-06-08,275.52
XOM,2026-06-09,276.40
XOM,2026-06-10,279.27
XOM,2026-06-11,273.51
XOM,2026-06-12,286.92
XOM,2026-06-15,282.92
XOM,2026-06-16,286.98
XOM,2026-06-17,287.06
XOM,2026-06-18,284.86
XOM,2026-06-19,294.71
XOM,2026-06-22,300.99
XOM,2026-06-23,299.30
XOM,2026-06-24,302.63
XOM,2026-06-25,306.72
XOM,2026-06-26,316.02
XOM,2026-06-29,322.39
XOM,2026-06-30,321.52
XOM,2026-07-01,319.87
XOM,2026-07-02,313.00
XOM,2026-07-03,314.61
XOM,2026-07-06,319.90
XOM,2026-07-07,317.37
XOM,2026-07-08,321.51
XOM,2026-07-09,322.32
XOM,2026-07-10,319.66
XOM,2026-07-13,311.84
XOM,2026-07-14,318.54
XOM,2026-07-15,334.64
XOM,2026-07-16,338.25
XOM,2026-07-17,330.92
XOM,2026-07-20,324.62
XOM,2026-07-21,326.22
XOM,2026-07-22,330.39
XOM,2026-07-23,340.38
XOM,2026-07-24,325.01
XOM,2026-07-27,337.00
XOM,2026-07-28,338.21
XOM,2026-07-29,339.11
XOM,2026-07-30,341.74
XOM,2026-07-31,339.29
XOM,2026-08-03,337.61
XOM,2026-08-04,344.69
XOM,2026-08-05,333.56
XOM,2026-08-06,332.78
XOM,2026-08-07,336.46
XOM,2026-08-10,325.35
XOM,2026-08-11,324.52
XOM,2026-08-12,334.42
XOM,2026-08-13,336.94
XOM,2026-08-14,341.68
XOM,2026-08-17,346.40
XOM,2026-08-18,347.91
XOM,2026-08-19,350.42
XOM,2026-08-20,344.71
XOM,2026-08-21,343.50
XOM,2026-08-24,356.16
XOM,2026-08-25,348.05
XOM,2026-08-26,346.86
XOM,2026-08-27,338.71
XOM,2026-08-28,335.08
XOM,2026-08-31,330.33
XOM,2026-09-01,322.22
XOM,2026-09-02,323.84
XOM,2026-09-03,317.71
XOM,2026-09-04,321.04
