account_id,symbol,trade_date,quantity,price
ACC-0001,MSTR,2025-06-11,12,54.34
ACC-0001,MSTR,2025-06-16,-27,53.63
ACC-0001,AAPL,2025-07-02,-48,127.68
ACC-0001,MSTR,2025-08-25,51,63.91
ACC-0001,MSTR,2025-09-01,10,66.11
ACC-0001,MSTR,2025-09-02,-48,65.75
ACC-0001,MSTR,2025-10-24,31,69.45
ACC-0001,MSTR,2025-11-04,-23,67.78
ACC-0001,AAPL,2025-12-10,58,136.17
ACC-0001,SOFI,2026-02-19,-33,19.56
ACC-0001,AAPL,2026-02-23,-48,143.69
ACC-0001,UNH,2026-03-27,-58,123.88
ACC-0001,AAPL,2026-05-11,38,155.28
ACC-0001,AAPL,2026-06-25,16,132.96
ACC-0002,SPY,2025-06-05,-40,171.11
ACC-0002,SPY,2025-06-11,-14,169.24
ACC-0002,XOM,2025-07-21,-26,228.58
ACC-0002,XOM,2025-07-22,-51,231.23
ACC-0002,XOM,2025-07-31,-7,242.27
ACC-0002,AAPL,2025-08-05,56,123.88
ACC-0002,SPY,2025-08-19,-50,171.85
ACC-0002,SPY,2025-08-25,50,172.20
ACC-0002,SPY,2025-08-26,-41,174.32
ACC-0002,SPY,2025-08-27,-14,173.20
ACC-0002,SPY,2025-08-28,47,176.06
ACC-0002,SPY,2025-09-16,-57,171.55
ACC-0002,SPY,2025-09-18,39,163.64
ACC-0002,PYPL,2025-10-13,-54,13.63
ACC-0002,SPY,2025-12-01,38,167.52
ACC-0002,SPY,2025-12-04,-26,162.58
ACC-0002,RIVN,2025-12-25,-24,400.66
ACC-0002,XOM,2026-01-02,-17,328.44
ACC-0002,SPY,2026-01-06,54,174.77
ACC-0002,XOM,2026-01-09,32,329.14
ACC-0002,XOM,2026-01-13,-46,334.62
ACC-0002,XOM,2026-01-29,-58,304.80
ACC-0002,MSTR,2026-01-30,4,57.28
ACC-0002,XOM,2026-02-03,49,293.44
ACC-0002,XOM,2026-02-24,-50,273.86
ACC-0002,AMD,2026-02-25,-29,22.00
ACC-0002,XOM,2026-03-02,-48,256.58
ACC-0002,ARM,2026-03-23,-36,185.04
ACC-0002,SPY,2026-04-02,-54,148.02
ACC-0002,XOM,2026-04-07,-29,236.50
ACC-0002,XOM,2026-04-24,12,245.45
ACC-0002,XOM,2026-05-04,-34,269.10
ACC-0002,TSLA,2026-05-11,-56,233.28
ACC-0002,SPY,2026-05-15,34,142.86
ACC-0002,SPY,2026-05-19,50,143.70
ACC-0002,TSM,2026-05-22,33,237.52
ACC-0002,SPY,2026-05-26,-40,150.36
ACC-0002,SPY,2026-05-27,-7,151.24
ACC-0002,XOM,2026-06-09,-30,276.38
ACC-0002,SPY,2026-06-12,-56,162.66
ACC-0002,XOM,2026-06-19,-26,296.10
ACC-0002,XOM,2026-06-22,-54,300.49
ACC-0003,PLTR,2025-06-05,-21,187.17
ACC-0003,UNH,2025-06-09,41,109.24
ACC-0003,MU,2025-06-12,41,165.37
ACC-0003,PLTR,2025-08-11,36,186.11
ACC-0003,UNH,2025-08-18,43,87.32
ACC-0003,PLTR,2025-09-22,26,207.31
ACC-0003,UNH,2025-11-06,59,78.37
ACC-0003,UNH,2025-11-18,-44,90.01
ACC-0003,PLTR,2026-01-13,26,196.25
ACC-0003,UNH,2026-02-13,-46,118.76
ACC-0003,PLTR,2026-02-17,13,186.84
ACC-0003,INTC,2026-03-02,1,230.16
ACC-0003,UNH,2026-04-17,-16,123.97
ACC-0003,UNH,2026-07-13,2,126.27
ACC-0003,PLTR,2026-07-28,13,211.47
ACC-0003,UNH,2026-08-28,-27,110.87
ACC-0004,PYPL,2025-06-05,-32,15.41
ACC-0004,PYPL,2025-06-06,-35,15.37
ACC-0004,SOXL,2025-06-13,-41,239.85
ACC-0004,PYPL,2025-06-16,-46,15.62
ACC-0004,PYPL,2025-06-25,-36,15.70
ACC-0004,SMCI,2025-06-30,-8,133.65
ACC-0004,SOXL,2025-07-01,-58,249.64
ACC-0004,PYPL,2025-07-07,19,14.44
ACC-0004,PYPL,2025-07-08,-48,14.68
ACC-0004,PYPL,2025-07-11,13,13.73
ACC-0004,PYPL,2025-07-16,-6,14.69
ACC-0004,SOXL,2025-07-17,24,253.66
ACC-0004,PYPL,2025-07-23,25,14.65
ACC-0004,PYPL,2025-08-04,-14,14.62
ACC-0004,SOXL,2025-08-06,-45,252.47
ACC-0004,PYPL,2025-08-07,-3,15.59
ACC-0004,PYPL,2025-08-13,-19,15.05
ACC-0004,PYPL,2025-08-14,-29,14.63
ACC-0004,PYPL,2025-08-18,1,14.70
ACC-0004,PYPL,2025-08-22,35,13.56
ACC-0004,PYPL,2025-09-01,24,13.81
ACC-0004,PYPL,2025-09-08,-10,14.37
ACC-0004,SOXL,2025-09-17,-15,223.64
ACC-0004,PYPL,2025-09-19,15,14.29
ACC-0004,SOXL,2025-09-24,44,223.31
ACC-0004,UBER,2025-10-02,-30,194.55
ACC-0004,XOM,2025-10-06,50,261.52
ACC-0004,SOXL,2025-10-10,20,229.48
ACC-0004,BA,2025-10-13,-37,329.26
ACC-0004,SOXL,2025-10-22,33,232.06
ACC-0004,SOXL,2025-10-27,36,222.13
ACC-0004,MSFT,2025-10-29,23,253.95
ACC-0004,SOXL,2025-11-04,-52,216.84
ACC-0004,SHOP,2025-11-05,-38,351.82
ACC-0004,SOXL,2025-11-12,33,210.60
ACC-0004,SOXL,2025-11-13,-40,220.88
ACC-0004,PYPL,2025-11-19,-56,14.40
ACC-0004,SOXL,2025-11-26,-53,235.37
ACC-0004,PYPL,2025-12-03,-2,14.37
ACC-0004,SOXL,2025-12-10,23,210.20
ACC-0004,SOXL,2025-12-16,-50,207.64
ACC-0004,SOXL,2025-12-18,-44,207.04
ACC-0004,PYPL,2026-01-12,29,13.67
ACC-0004,PYPL,2026-01-16,5,14.05
ACC-0004,PYPL,2026-01-20,23,13.91
ACC-0004,VRT,2026-01-28,-49,100.88
ACC-0004,PYPL,2026-02-16,-1,15.51
ACC-0004,SOXL,2026-03-04,-41,233.38
ACC-0004,PYPL,2026-03-12,-27,13.63
ACC-0004,SOXL,2026-03-17,-23,228.26
ACC-0004,PYPL,2026-04-14,-42,12.45
ACC-0004,PYPL,2026-04-16,-60,12.85
ACC-0004,SOXL,2026-04-17,-17,217.29
ACC-0004,SOXL,2026-04-21,-23,223.77
ACC-0004,SOXL,2026-05-05,44,230.68
ACC-0004,PYPL,2026-05-06,43,13.67
ACC-0004,MU,2026-05-25,-53,257.40
ACC-0004,SOXL,2026-05-26,-21,228.03
ACC-0004,SOXL,2026-06-15,-59,251.53
ACC-0004,SOXL,2026-07-06,45,236.20
ACC-0004,PLTR,2026-07-07,-57,190.65
ACC-0004,SOXL,2026-07-13,-34,220.11
ACC-0004,SOXL,2026-07-24,-13,217.86
ACC-0004,PYPL,2026-07-30,36,14.10
ACC-0004,PYPL,2026-08-11,-58,15.70
ACC-0004,PYPL,2026-08-12,16,15.13
ACC-0004,SOXL,2026-08-14,-26,222.04
ACC-0004,PYPL,2026-08-24,38,15.70
ACC-0004,MU,2026-09-01,5,218.72
ACC-0005,MRVL,2025-06-06,12,191.17
ACC-0005,XOM,2025-06-12,-27,289.64
ACC-0005,MRVL,2025-06-16,29,193.76
ACC-0005,MRVL,2025-06-20,-49,196.68
ACC-0005,XOM,2025-06-23,-40,284.15
ACC-0005,MRVL,2025-06-26,4,191.75
ACC-0005,XOM,2025-07-09,59,227.46
ACC-0005,RIVN,2025-07-25,-43,393.82
ACC-0005,XOM,2025-07-29,32,241.53
ACC-0005,XOM,2025-08-01,27,237.16
ACC-0005,XOM,2025-08-04,9,236.29
ACC-0005,MRVL,2025-08-11,50,176.44
ACC-0005,MRVL,2025-08-13,-7,181.02
ACC-0005,MRVL,2025-08-15,-46,180.46
ACC-0005,TSLA,2025-08-22,-21,173.54
ACC-0005,MU,2025-08-26,6,164.92
ACC-0005,XOM,2025-09-03,55,250.19
ACC-0005,MRVL,2025-09-05,60,163.98
ACC-0005,WMT,2025-09-12,-47,160.45
ACC-0005,MRVL,2025-10-03,-4,161.03
ACC-0005,MRVL,2025-10-09,-32,157.20
ACC-0005,MRVL,2025-10-16,-34,146.03
ACC-0005,TSLA,2025-10-17,15,209.42
ACC-0005,MRVL,2025-10-23,-3,150.69
ACC-0005,MRVL,2025-11-06,3,154.30
ACC-0005,MRVL,2025-11-07,-13,158.61
ACC-0005,TSLA,2025-11-13,-42,231.00
ACC-0005,XOM,2025-11-24,-13,296.90
ACC-0005,AMZN,2025-11-28,-1,127.70
ACC-0005,XOM,2025-12-03,16,301.03
ACC-0005,TSLA,2025-12-05,7,232.99
ACC-0005,XOM,2025-12-08,3,292.70
ACC-0005,TSLA,2025-12-10,37,235.58
ACC-0005,MRVL,2025-12-11,-24,176.48
ACC-0005,TSLA,2025-12-19,-10,233.70
ACC-0005,TSLA,2025-12-23,-33,242.54
ACC-0005,TSLA,2026-01-02,-32,263.94
ACC-0005,TSLA,2026-01-06,-10,265.13
ACC-0005,TSLA,2026-01-12,-43,270.23
ACC-0005,MRVL,2026-01-13,-53,158.32
ACC-0005,MRVL,2026-01-16,-53,154.69
ACC-0005,MRVL,2026-01-19,-1,156.01
ACC-0005,TSLA,2026-01-22,-10,257.82
ACC-0005,PYPL,2026-01-26,-1,15.61
ACC-0005,XOM,2026-02-04,6,298.84
ACC-0005,MRVL,2026-02-18,-28,167.57
ACC-0005,XOM,2026-03-02,-16,256.94
ACC-0005,MRVL,2026-03-04,-26,165.91
ACC-0005,XOM,2026-03-13,51,251.89
ACC-0005,TSLA,2026-03-25,26,215.18
ACC-0005,MRVL,2026-03-30,27,169.27
ACC-0005,TSLA,2026-04-01,53,220.57
ACC-0005,XOM,2026-04-06,20,235.12
ACC-0005,TSLA,2026-04-10,34,199.78
ACC-0005,MRVL,2026-04-14,48,172.79
ACC-0005,MRVL,2026-04-15,9,173.61
ACC-0005,XOM,2026-04-20,19,264.21
ACC-0005,MRVL,2026-05-04,-36,196.24
ACC-0005,XOM,2026-05-07,-21,282.84
ACC-0005,MU,2026-05-08,-13,244.17
ACC-0005,MRVL,2026-05-12,41,187.46
ACC-0006,MU,2025-06-16,45,170.47
ACC-0006,PLTR,2025-07-31,23,201.54
ACC-0006,RIVN,2025-09-17,26,366.65
ACC-0006,SHOP,2025-10-02,9,335.34
ACC-0006,RIVN,2025-10-23,14,408.79
ACC-0006,RIVN,2025-11-04,15,391.74
ACC-0006,PLTR,2025-12-09,43,196.35
ACC-0006,VRT,2026-01-20,36,95.34
ACC-0006,MU,2026-01-27,58,199.36
ACC-0006,RIVN,2026-03-13,50,479.53
ACC-0006,MU,2026-04-16,-46,220.86
ACC-0006,RIVN,2026-05-07,-3,421.82
ACC-0006,PLTR,2026-05-14,17,178.70
ACC-0006,RIVN,2026-06-05,-46,426.36
ACC-0006,RIVN,2026-06-11,-54,405.60
ACC-0006,PLTR,2026-07-15,-34,191.19
ACC-0006,PLTR,2026-07-27,-43,203.59
ACC-0006,MU,2026-08-28,1,218.90
ACC-0007,PYPL,2025-06-16,-46,15.62
ACC-0007,SOFI,2025-07-01,40,41.15
ACC-0007,SOFI,2025-07-10,-24,35.58
ACC-0007,PYPL,2025-08-18,12,14.64
ACC-0007,SOFI,2025-08-21,-4,39.49
ACC-0007,DIS,2025-08-22,24,260.80
ACC-0007,SOFI,2025-09-09,55,36.40
ACC-0007,PYPL,2025-09-15,-19,14.09
ACC-0007,PYPL,2025-09-22,-59,14.61
ACC-0007,PYPL,2025-09-25,-60,14.54
ACC-0007,PYPL,2025-09-26,-37,14.86
ACC-0007,SOFI,2025-10-02,-34,33.72
ACC-0007,PYPL,2025-10-07,-5,14.07
ACC-0007,PYPL,2025-10-09,-8,14.48
ACC-0007,PYPL,2025-10-22,-42,13.45
ACC-0007,INTC,2025-10-28,-2,217.13
ACC-0007,SOFI,2025-10-30,29,32.75
ACC-0007,SOFI,2025-11-06,-24,29.49
ACC-0007,SOFI,2025-12-03,-53,23.33
ACC-0007,PYPL,2025-12-29,57,13.83
ACC-0007,SOFI,2026-01-06,-58,21.53
ACC-0007,XOM,2026-01-30,12,296.60
ACC-0007,SOFI,2026-02-11,52,19.93
ACC-0007,VRT,2026-02-25,26,116.84
ACC-0007,PYPL,2026-03-12,42,13.55
ACC-0007,SOFI,2026-03-25,24,19.64
ACC-0007,SOFI,2026-04-10,-58,22.12
ACC-0007,SOFI,2026-04-16,-45,20.43
ACC-0007,SOFI,2026-04-24,-10,19.24
ACC-0007,PYPL,2026-04-27,48,12.98
ACC-0007,SOFI,2026-04-29,6,18.20
ACC-0007,DIS,2026-04-30,22,218.52
ACC-0007,SOFI,2026-05-13,7,19.20
ACC-0007,META,2026-05-27,-54,512.10
ACC-0007,SOFI,2026-06-04,14,18.20
ACC-0007,SOFI,2026-06-30,4,18.35
ACC-0007,PYPL,2026-07-07,34,14.23
ACC-0007,PYPL,2026-07-08,31,14.70
ACC-0007,SOFI,2026-07-24,9,17.90
ACC-0007,PYPL,2026-08-04,34,14.85
ACC-0007,ARM,2026-08-06,-19,188.59
ACC-0007,SHOP,2026-08-28,15,343.45
ACC-0008,PLTR,2025-06-04,12,185.71
ACC-0008,UBER,2025-06-10,1,194.93
ACC-0008,PYPL,2025-06-12,-55,15.78
ACC-0008,UBER,2025-06-24,-57,205.35
ACC-0008,PYPL,2025-07-03,-23,15.04
ACC-0008,UBER,2025-07-04,-51,202.07
ACC-0008,UBER,2025-07-18,-15,201.87
ACC-0008,SMCI,2025-07-23,52,146.64
ACC-0008,UBER,2025-08-12,-14,178.49
ACC-0008,UBER,2025-08-25,-34,185.46
ACC-0008,UBER,2025-08-28,-24,199.20
ACC-0008,PYPL,2025-09-05,-32,14.20
ACC-0008,WMT,2025-09-10,-12,165.52
ACC-0008,UBER,2025-09-15,-14,194.50
ACC-0008,UBER,2025-09-24,52,199.67
ACC-0008,PYPL,2025-09-25,-27,14.52
ACC-0008,PYPL,2025-09-29,-48,15.18
ACC-0008,CRWD,2025-10-06,46,381.55
ACC-0008,AVGO,2025-10-14,10,285.75
ACC-0008,PYPL,2025-10-15,50,14.05
ACC-0008,UBER,2025-10-28,12,199.40
ACC-0008,PYPL,2025-11-14,23,13.95
ACC-0008,PYPL,2025-11-24,33,14.83
ACC-0008,PYPL,2025-12-05,38,14.14
ACC-0008,UBER,2025-12-10,8,208.41
ACC-0008,PYPL,2025-12-22,8,15.21
ACC-0008,UBER,2026-01-08,-13,236.29
ACC-0008,UBER,2026-01-12,-28,233.79
ACC-0008,SOFI,2026-01-21,-3,22.17
ACC-0008,INTC,2026-01-26,-20,233.48
ACC-0008,UBER,2026-01-27,46,228.60
ACC-0008,UBER,2026-01-28,-13,230.50
ACC-0008,UBER,2026-02-13,41,253.22
ACC-0008,UBER,2026-02-16,36,252.04
ACC-0008,PYPL,2026-03-03,-45,14.27
ACC-0008,PYPL,2026-03-13,31,13.77
ACC-0008,TSM,2026-04-06,55,272.25
ACC-0008,AMZN,2026-04-07,-28,138.74
ACC-0008,UBER,2026-04-15,18,253.01
ACC-0008,PYPL,2026-04-22,-3,12.75
ACC-0008,UBER,2026-05-18,4,234.36
ACC-0008,UBER,2026-06-01,-30,227.79
ACC-0008,UBER,2026-06-03,-42,232.76
ACC-0008,PYPL,2026-06-04,11,12.90
ACC-0009,COIN,2025-06-03,53,394.45
ACC-0009,COIN,2025-06-19,-22,344.23
ACC-0009,META,2025-07-03,30,411.77
ACC-0009,META,2025-07-25,-33,405.56
ACC-0009,COIN,2025-08-07,-18,381.55
ACC-0009,META,2025-08-11,-37,405.17
ACC-0009,MU,2025-08-14,44,170.53
ACC-0009,COIN,2025-08-19,-54,391.42
ACC-0009,COIN,2025-09-25,-16,415.79
ACC-0009,QQQ,2025-09-26,-50,200.87
ACC-0009,COIN,2025-10-15,-22,360.84
ACC-0009,META,2025-11-03,-19,364.52
ACC-0009,META,2025-11-05,11,362.03
ACC-0009,COIN,2025-11-17,22,333.00
ACC-0009,COIN,2025-11-20,-10,326.41
ACC-0009,COIN,2025-11-21,-25,332.24
ACC-0009,META,2025-12-16,-52,414.45
ACC-0009,COIN,2025-12-17,11,274.20
ACC-0009,COIN,2025-12-25,-41,278.74
ACC-0009,META,2026-01-01,-56,459.99
ACC-0009,META,2026-03-23,39,578.31
ACC-0009,META,2026-03-31,7,568.00
ACC-0009,COIN,2026-05-11,-48,207.57
ACC-0009,META,2026-05-19,7,517.78
ACC-0009,META,2026-05-28,8,518.59
ACC-0009,COIN,2026-06-03,16,201.48
ACC-0009,COIN,2026-06-18,-39,215.32
ACC-0009,COIN,2026-06-26,-20,229.22
ACC-0009,META,2026-06-30,-24,473.81
ACC-0009,META,2026-07-09,19,514.31
ACC-0009,RIVN,2026-07-21,-24,426.86
ACC-0009,COIN,2026-08-19,44,236.96
ACC-0009,META,2026-08-25,52,525.27
ACC-0010,BA,2025-06-17,-38,358.06
ACC-0010,SOXL,2025-06-27,-54,249.34
ACC-0010,MU,2025-07-11,-45,160.32
ACC-0010,NVDA,2025-09-02,14,247.20
ACC-0010,MU,2025-12-22,-16,166.47
ACC-0010,MRVL,2025-12-29,16,175.62
ACC-0010,MU,2026-01-02,45,180.90
ACC-0010,NVDA,2026-01-05,-21,285.56
ACC-0010,UBER,2026-01-12,44,234.19
ACC-0010,NVDA,2026-02-02,-1,333.71
ACC-0010,NVDA,2026-02-17,47,374.74
ACC-0010,AMD,2026-03-05,46,23.64
ACC-0010,MU,2026-04-01,-29,200.10
ACC-0010,NVDA,2026-04-14,59,357.89
ACC-0010,COIN,2026-04-16,20,228.78
ACC-0010,MU,2026-04-23,-53,222.57
ACC-0010,MU,2026-05-06,20,235.29
ACC-0010,NVDA,2026-05-11,19,293.36
ACC-0010,NVDA,2026-05-20,15,299.51
ACC-0011,INTC,2025-06-02,17,202.69
ACC-0011,DIS,2025-06-05,-12,280.35
ACC-0011,DIS,2025-06-10,44,269.62
ACC-0011,UBER,2025-06-20,36,198.62
ACC-0011,WMT,2025-07-15,22,139.90
ACC-0011,DIS,2025-07-17,20,300.35
ACC-0011,SOFI,2025-07-18,-25,36.65
ACC-0011,SMCI,2025-07-24,16,145.95
ACC-0011,WMT,2025-07-25,-29,144.32
ACC-0011,WMT,2025-08-01,36,150.54
ACC-0011,DIS,2025-08-08,60,272.33
ACC-0011,WMT,2025-08-13,-22,154.35
ACC-0011,WMT,2025-08-29,-9,167.64
ACC-0011,DIS,2025-09-02,51,247.48
ACC-0011,WMT,2025-09-05,2,165.10
ACC-0011,WMT,2025-09-30,-7,150.47
ACC-0011,DIS,2025-10-08,-25,271.30
ACC-0011,WMT,2025-10-15,47,134.21
ACC-0011,DIS,2025-10-17,3,253.16
ACC-0011,WMT,2025-10-23,37,137.54
ACC-0011,WMT,2025-10-24,20,133.20
ACC-0011,WMT,2025-11-03,20,140.75
ACC-0011,WMT,2025-11-07,-2,144.45
ACC-0011,DIS,2025-11-10,-48,246.27
ACC-0011,DIS,2025-11-27,2,234.11
ACC-0011,WMT,2025-12-01,54,138.78
ACC-0011,WMT,2025-12-03,9,134.81
ACC-0011,SPY,2025-12-05,-32,169.58
ACC-0011,MSTR,2025-12-15,-58,61.94
ACC-0011,GOOGL,2026-01-06,-45,107.40
ACC-0011,WMT,2026-01-08,21,136.74
ACC-0011,DIS,2026-01-15,57,221.72
ACC-0011,SMCI,2026-01-20,-9,174.40
ACC-0011,WMT,2026-01-27,46,138.49
ACC-0011,DIS,2026-02-03,-14,183.47
ACC-0011,TSLA,2026-02-05,25,245.55
ACC-0011,WMT,2026-02-06,56,138.40
ACC-0011,DIS,2026-02-17,25,171.83
ACC-0011,WMT,2026-02-20,27,141.84
ACC-0011,UBER,2026-03-05,-27,250.79
ACC-0011,IREN,2026-03-17,-6,273.15
ACC-0011,DIS,2026-03-20,24,170.98
ACC-0011,DIS,2026-03-25,37,165.60
ACC-0011,UBER,2026-03-26,22,252.55
ACC-0011,DIS,2026-04-06,51,189.57
ACC-0011,WMT,2026-04-14,-45,117.96
ACC-0011,DIS,2026-04-15,5,195.95
ACC-0011,DIS,2026-04-20,-56,201.64
ACC-0011,DIS,2026-04-27,49,207.68
ACC-0011,MU,2026-05-04,-41,227.67
ACC-0011,DIS,2026-05-11,20,221.15
ACC-0011,XOM,2026-05-25,-38,282.62
ACC-0011,WMT,2026-06-05,31,140.97
ACC-0011,WMT,2026-06-11,35,141.43
ACC-0011,NVDA,2026-06-12,22,296.21
ACC-0011,DIS,2026-06-17,8,257.93
ACC-0011,DIS,2026-07-24,8,321.87
ACC-0011,TSM,2026-07-28,24,186.17
ACC-0011,COIN,2026-08-10,-60,223.54
ACC-0011,WMT,2026-08-12,23,141.20
ACC-0011,WMT,2026-08-14,34,138.01
ACC-0011,WMT,2026-08-17,-18,136.60
ACC-0011,DIS,2026-08-26,-38,340.35
ACC-0012,IREN,2025-06-17,60,201.81
ACC-0012,IREN,2025-07-07,-2,192.52
ACC-0012,VRT,2025-07-25,-32,118.71
ACC-0012,IREN,2025-07-29,-32,195.20
ACC-0012,VRT,2025-08-01,12,111.34
ACC-0012,SNAP,2025-08-06,18,14.06
ACC-0012,RIVN,2025-08-07,-57,398.88
ACC-0012,IREN,2025-08-14,-4,199.66
ACC-0012,TSLA,2025-08-15,-49,180.18
ACC-0012,IREN,2025-08-26,58,192.44
ACC-0012,VRT,2025-08-28,-59,101.13
ACC-0012,IREN,2025-08-29,37,198.48
ACC-0012,VRT,2025-09-02,-28,101.50
ACC-0012,IREN,2025-09-15,-24,184.90
ACC-0012,VRT,2025-09-18,59,102.65
ACC-0012,VRT,2025-10-07,-4,103.05
ACC-0012,IREN,2025-10-17,27,236.34
ACC-0012,VRT,2025-10-22,-37,102.81
ACC-0012,IREN,2025-10-23,47,230.77
ACC-0012,IREN,2025-10-28,54,217.21
ACC-0012,IREN,2025-10-29,35,219.64
ACC-0012,VRT,2025-11-17,-26,90.89
ACC-0012,VRT,2025-11-25,-59,83.81
ACC-0012,RIVN,2025-12-01,33,401.55
ACC-0012,VRT,2025-12-09,-5,84.99
ACC-0012,VRT,2025-12-10,21,84.83
ACC-0012,IREN,2025-12-18,-2,235.10
ACC-0012,MSTR,2026-01-01,-26,56.92
ACC-0012,VRT,2026-01-07,18,95.90
ACC-0012,AMZN,2026-01-08,-40,139.24
ACC-0012,VRT,2026-01-27,-36,101.46
ACC-0012,IREN,2026-02-03,-39,263.25
ACC-0012,IREN,2026-02-26,24,248.85
ACC-0012,VRT,2026-02-27,-49,117.28
ACC-0012,IREN,2026-03-12,51,266.44
ACC-0012,VRT,2026-03-16,-24,106.94
ACC-0012,IREN,2026-03-23,57,294.83
ACC-0012,BA,2026-04-03,-43,480.61
ACC-0012,VRT,2026-04-06,-27,118.20
ACC-0012,IREN,2026-04-08,42,315.98
ACC-0012,IREN,2026-04-10,-47,315.47
ACC-0012,TSM,2026-05-19,-1,246.17
ACC-0012,IREN,2026-05-27,-37,300.68
ACC-0012,VRT,2026-07-06,49,94.26
ACC-0012,VRT,2026-07-14,-41,90.83
ACC-0012,VRT,2026-07-27,25,89.01
ACC-0012,VRT,2026-07-28,59,90.74
ACC-0012,IREN,2026-08-03,35,307.06
ACC-0012,VRT,2026-08-07,22,85.96
ACC-0012,MSTR,2026-08-10,5,69.56
ACC-0012,VRT,2026-08-18,2,83.93
ACC-0012,AVGO,2026-08-25,23,212.13
ACC-0013,MSTR,2025-06-05,-10,53.31
ACC-0013,TSLA,2025-06-30,-4,185.72
ACC-0013,PYPL,2025-07-07,-15,14.43
ACC-0013,TSLA,2025-07-09,-51,171.01
ACC-0013,TSLA,2025-07-16,7,174.27
ACC-0013,TSLA,2025-07-22,31,179.46
ACC-0013,MSTR,2025-07-30,-22,66.68
ACC-0013,PYPL,2025-08-20,41,14.67
ACC-0013,PYPL,2025-09-22,-2,14.69
ACC-0013,MSTR,2025-10-07,21,66.34
ACC-0013,PYPL,2025-10-15,53,14.06
ACC-0013,MU,2025-10-23,-25,175.56
ACC-0013,SNAP,2025-11-04,-34,15.37
ACC-0013,PYPL,2025-11-07,-21,13.91
ACC-0013,TSLA,2025-11-20,-48,235.98
ACC-0013,TSLA,2025-11-25,-27,233.01
ACC-0013,MSTR,2025-11-27,-32,67.49
ACC-0013,MSTR,2025-12-24,-31,55.51
ACC-0013,DIS,2026-01-07,-11,233.41
ACC-0013,TSLA,2026-01-08,-31,267.60
ACC-0013,MSTR,2026-01-19,43,58.88
ACC-0013,MSTR,2026-02-11,5,58.84
ACC-0013,AMD,2026-04-01,-44,26.64
ACC-0013,PYPL,2026-04-06,34,12.79
ACC-0013,PYPL,2026-04-22,-11,12.76
ACC-0013,MSTR,2026-05-19,20,69.86
ACC-0013,TSLA,2026-05-21,31,239.76
ACC-0013,TSLA,2026-05-27,10,222.93
ACC-0013,PYPL,2026-06-03,15,12.56
ACC-0013,VRT,2026-06-17,-58,98.64
ACC-0013,MSTR,2026-07-08,51,70.49
ACC-0013,PYPL,2026-07-10,6,14.85
ACC-0013,PYPL,2026-07-17,56,14.46
ACC-0013,MSTR,2026-07-22,-33,69.32
ACC-0013,PYPL,2026-07-24,56,13.63
ACC-0013,MSTR,2026-08-04,20,69.07
ACC-0013,TSLA,2026-08-06,-15,286.44
ACC-0013,MSTR,2026-08-20,51,69.98
ACC-0013,PYPL,2026-08-28,-48,15.63
ACC-0013,PYPL,2026-09-01,34,14.62
ACC-0013,MSTR,2026-09-03,-31,68.96
ACC-0014,SMCI,2025-06-24,37,133.79
ACC-0014,COIN,2025-07-03,-8,363.57
ACC-0014,COIN,2025-07-07,47,373.69
ACC-0014,COIN,2025-07-31,53,390.18
ACC-0014,SMCI,2025-08-04,-35,154.56
ACC-0014,NVDA,2025-08-20,40,258.81
ACC-0014,COIN,2025-09-03,36,431.80
ACC-0014,SMCI,2025-09-05,4,181.83
ACC-0014,SMCI,2025-09-09,-40,180.07
ACC-0014,SMCI,2025-09-23,-3,170.93
ACC-0014,SMCI,2025-09-25,-18,174.60
ACC-0014,COIN,2025-10-03,-39,398.47
ACC-0014,SMCI,2025-10-10,-50,150.45
ACC-0014,NVDA,2025-11-17,-6,271.88
ACC-0014,COIN,2025-12-01,55,319.21
ACC-0014,COIN,2025-12-16,-19,281.48
ACC-0014,SMCI,2025-12-30,32,159.85
ACC-0014,SMCI,2026-01-02,-32,164.79
ACC-0014,COIN,2026-01-07,39,272.77
ACC-0014,COIN,2026-01-12,-24,264.86
ACC-0014,SMCI,2026-02-16,-21,183.05
ACC-0014,COIN,2026-03-17,-38,243.76
ACC-0014,DIS,2026-04-09,-42,189.76
ACC-0014,SMCI,2026-04-22,13,178.27
ACC-0014,COIN,2026-04-23,-60,222.38
ACC-0014,COIN,2026-06-03,56,201.39
ACC-0014,COIN,2026-06-08,-41,212.26
ACC-0014,NVDA,2026-06-10,33,312.81
ACC-0014,SOXL,2026-09-04,33,198.88
ACC-0015,DIS,2025-07-11,8,292.54
ACC-0015,AMD,2025-07-17,57,25.31
ACC-0015,SHOP,2025-07-21,-36,350.17
ACC-0015,DIS,2025-08-25,40,256.81
ACC-0015,AMD,2025-08-29,32,22.04
ACC-0015,DIS,2025-09-18,-34,272.74
ACC-0015,NFLX,2025-11-24,11,204.65
ACC-0015,AMD,2025-11-25,-34,27.17
ACC-0015,DIS,2025-12-10,36,223.37
ACC-0015,DIS,2025-12-22,49,235.55
ACC-0015,IREN,2026-01-15,-3,237.95
ACC-0015,DIS,2026-01-16,-45,215.62
ACC-0015,DIS,2026-03-06,-22,179.93
ACC-0015,MU,2026-03-25,-60,192.74
ACC-0015,DIS,2026-04-15,-3,197.24
ACC-0015,DIS,2026-05-15,-23,222.08
ACC-0015,DIS,2026-05-21,-17,203.96
ACC-0015,DIS,2026-05-29,7,214.68
ACC-0015,AMD,2026-06-12,15,29.65
ACC-0015,DIS,2026-06-23,-18,258.90
ACC-0016,RIVN,2025-06-03,21,378.39
ACC-0016,NFLX,2025-06-11,-9,222.62
ACC-0016,VRT,2025-06-12,19,124.10
ACC-0016,NFLX,2025-06-13,54,232.13
ACC-0016,RIVN,2025-06-17,-9,393.76
ACC-0016,NFLX,2025-06-18,54,231.86
ACC-0016,RIVN,2025-06-20,-8,405.46
ACC-0016,NFLX,2025-06-26,44,238.80
ACC-0016,NFLX,2025-07-07,48,244.23
ACC-0016,NFLX,2025-07-14,-34,233.82
ACC-0016,RIVN,2025-07-28,23,401.46
ACC-0016,NFLX,2025-08-13,52,201.28
ACC-0016,RIVN,2025-08-26,59,417.40
ACC-0016,RIVN,2025-08-28,-16,416.05
ACC-0016,NFLX,2025-08-29,58,202.08
ACC-0016,AMD,2025-09-02,-4,22.60
ACC-0016,NFLX,2025-09-16,-55,200.92
ACC-0016,NFLX,2025-09-17,-59,202.11
ACC-0016,NFLX,2025-09-18,-43,190.92
ACC-0016,RIVN,2025-09-23,48,373.23
ACC-0016,NFLX,2025-09-24,18,198.24
ACC-0016,NFLX,2025-09-29,47,200.82
ACC-0016,RIVN,2025-10-03,1,442.56
ACC-0016,RIVN,2025-10-09,3,419.35
ACC-0016,META,2025-10-15,15,371.68
ACC-0016,NFLX,2025-10-16,29,204.69
ACC-0016,RIVN,2025-10-23,43,409.38
ACC-0016,NFLX,2025-10-30,-60,207.03
ACC-0016,NFLX,2025-11-12,35,194.66
ACC-0016,NFLX,2025-11-17,34,188.97
ACC-0016,RIVN,2025-11-18,-46,398.18
ACC-0016,NFLX,2025-11-20,-27,204.14
ACC-0016,INTC,2025-11-21,-20,242.96
ACC-0016,NFLX,2025-11-27,-38,202.17
ACC-0016,NFLX,2025-12-02,-50,203.45
ACC-0016,RIVN,2025-12-09,34,407.62
ACC-0016,RIVN,2025-12-10,-7,412.60
ACC-0016,NFLX,2025-12-19,-12,221.81
ACC-0016,BA,2025-12-23,-23,334.76
ACC-0016,RIVN,2025-12-31,10,412.49
ACC-0016,RIVN,2026-01-01,-37,413.09
ACC-0016,RIVN,2026-01-05,30,410.27
ACC-0016,META,2026-01-22,-26,447.43
ACC-0016,RIVN,2026-02-06,49,398.51
ACC-0016,RIVN,2026-02-11,-6,417.85
ACC-0016,NFLX,2026-02-16,15,215.72
ACC-0016,RIVN,2026-02-24,-45,403.88
ACC-0016,NFLX,2026-03-11,8,207.27
ACC-0016,NFLX,2026-03-18,-28,208.22
ACC-0016,RIVN,2026-03-23,39,468.76
ACC-0016,RIVN,2026-03-24,7,471.95
ACC-0016,RIVN,2026-04-02,-7,486.23
ACC-0016,TSLA,2026-04-03,-10,207.29
ACC-0016,NFLX,2026-04-08,-21,221.64
ACC-0016,COIN,2026-04-10,-40,225.67
ACC-0016,AVGO,2026-04-24,-43,200.52
ACC-0016,NFLX,2026-04-29,-37,212.31
ACC-0016,RIVN,2026-05-01,17,424.49
ACC-0016,NFLX,2026-05-14,-1,217.52
ACC-0016,NFLX,2026-05-18,42,211.57
ACC-0016,SOFI,2026-05-20,42,18.49
ACC-0016,NFLX,2026-05-26,57,210.30
ACC-0016,NFLX,2026-05-27,-36,215.01
ACC-0016,TSLA,2026-05-28,-32,220.65
ACC-0016,RIVN,2026-06-02,-54,431.89
ACC-0016,RIVN,2026-06-04,-10,426.98
ACC-0016,NFLX,2026-06-17,37,200.52
ACC-0016,UBER,2026-07-06,-47,253.41
ACC-0016,NFLX,2026-07-17,-15,189.19
ACC-0016,RIVN,2026-07-28,60,447.42
ACC-0016,NFLX,2026-07-30,53,198.01
ACC-0016,NFLX,2026-08-05,4,202.08
ACC-0016,NFLX,2026-08-11,9,204.75
ACC-0016,RIVN,2026-08-21,-10,487.02
ACC-0016,NFLX,2026-09-01,9,199.62
ACC-0016,AMZN,2026-09-02,-48,143.62
ACC-0016,RIVN,2026-09-03,1,482.57
ACC-0016,RIVN,2026-09-04,38,353.02
ACC-0017,MRVL,2025-07-02,-46,181.60
ACC-0017,RIVN,2025-08-11,-24,397.93
ACC-0017,UNH,2025-09-24,-42,98.33
ACC-0017,MRVL,2025-11-11,48,153.68
ACC-0017,MRVL,2025-12-25,51,174.33
ACC-0017,RIVN,2025-12-29,-55,400.31
ACC-0017,COIN,2025-12-31,-26,272.72
ACC-0017,MRVL,2026-01-01,-59,169.13
ACC-0017,RIVN,2026-04-23,-52,432.99
ACC-0017,RIVN,2026-05-27,52,412.82
ACC-0017,RIVN,2026-06-25,-20,411.52
ACC-0017,MRVL,2026-07-17,-21,190.04
ACC-0017,RIVN,2026-07-28,-52,446.12
ACC-0017,RIVN,2026-08-18,-41,476.64
ACC-0017,MRVL,2026-09-04,57,198.53
ACC-0018,AMZN,2025-06-03,-29,96.96
ACC-0018,MRVL,2025-06-04,-48,199.87
ACC-0018,NFLX,2025-06-11,44,222.89
ACC-0018,MRVL,2025-06-16,5,192.80
ACC-0018,MRVL,2025-06-18,47,196.69
ACC-0018,MRVL,2025-06-23,-49,190.64
ACC-0018,AMZN,2025-07-07,-60,100.99
ACC-0018,AMZN,2025-07-14,13,96.19
ACC-0018,AMZN,2025-07-15,-55,92.02
ACC-0018,AMZN,2025-08-04,51,89.75
ACC-0018,MSTR,2025-08-05,-10,65.17
ACC-0018,AMZN,2025-08-08,-34,97.20
ACC-0018,MRVL,2025-08-25,-47,176.62
ACC-0018,AMZN,2025-09-18,-4,102.72
ACC-0018,AMZN,2025-10-06,56,108.98
ACC-0018,MRVL,2025-10-07,23,154.03
ACC-0018,COIN,2025-10-15,-27,360.93
ACC-0018,MRVL,2025-10-21,-22,149.68
ACC-0018,MRVL,2025-10-28,-1,155.29
ACC-0018,AMZN,2025-11-20,-24,124.34
ACC-0018,MRVL,2025-11-24,-52,153.99
ACC-0018,AMZN,2025-12-02,30,128.60
ACC-0018,AMZN,2025-12-08,8,124.88
ACC-0018,AMZN,2025-12-11,34,120.93
ACC-0018,AMZN,2025-12-17,32,123.56
ACC-0018,AMZN,2025-12-22,-20,128.62
ACC-0018,GOOGL,2025-12-24,-38,118.19
ACC-0018,MRVL,2026-01-05,-19,167.61
ACC-0018,AMZN,2026-01-09,5,142.30
ACC-0018,AMZN,2026-01-15,49,131.31
ACC-0018,MRVL,2026-01-19,-27,156.56
ACC-0018,AMZN,2026-01-21,24,129.12
ACC-0018,MRVL,2026-02-24,28,160.43
ACC-0018,QQQ,2026-03-16,28,245.27
ACC-0018,AMZN,2026-03-17,39,132.25
ACC-0018,AMZN,2026-03-23,30,137.59
ACC-0018,AMZN,2026-04-02,-28,138.22
ACC-0018,MRVL,2026-04-06,-44,169.17
ACC-0018,AMZN,2026-04-13,7,140.22
ACC-0018,AMZN,2026-04-24,-54,146.70
ACC-0018,MRVL,2026-04-30,-34,194.72
ACC-0018,MRVL,2026-05-05,11,202.38
ACC-0018,PYPL,2026-05-14,-10,13.23
ACC-0018,MRVL,2026-05-20,-15,189.12
ACC-0018,AMZN,2026-05-22,-53,149.96
ACC-0018,AMZN,2026-06-04,-9,147.72
ACC-0019,COIN,2025-07-30,34,386.34
ACC-0019,SOFI,2025-08-19,-46,38.81
ACC-0019,SOFI,2025-09-09,38,36.35
ACC-0019,VRT,2025-10-01,20,99.35
ACC-0019,SOFI,2025-10-10,-10,35.96
ACC-0019,VRT,2025-10-17,14,102.56
ACC-0019,WMT,2025-10-22,-46,132.86
ACC-0019,SOFI,2025-11-07,17,29.63
ACC-0019,SOFI,2025-11-12,24,28.90
ACC-0019,SOFI,2025-11-14,59,28.00
ACC-0019,SOFI,2025-11-25,4,24.94
ACC-0019,WMT,2025-12-29,27,129.91
ACC-0019,VRT,2026-01-06,12,94.14
ACC-0019,VRT,2026-01-09,-27,96.56
ACC-0019,SOFI,2026-01-19,-6,21.47
ACC-0019,SOFI,2026-02-06,-46,19.97
ACC-0019,SMCI,2026-02-16,36,182.58
ACC-0019,SNAP,2026-02-19,24,21.09
ACC-0019,VRT,2026-04-09,41,113.55
ACC-0019,SOFI,2026-04-16,-46,20.42
ACC-0019,ARM,2026-04-23,47,186.78
ACC-0019,VRT,2026-04-29,30,121.27
ACC-0019,SOFI,2026-05-18,2,18.81
ACC-0019,SOFI,2026-05-28,-37,19.11
ACC-0019,SOFI,2026-06-15,11,18.77
ACC-0019,VRT,2026-07-02,-39,95.21
ACC-0019,SOFI,2026-07-20,-34,18.54
ACC-0019,VRT,2026-08-13,6,88.09
ACC-0019,SOFI,2026-08-14,40,16.83
ACC-0020,PLTR,2025-06-13,-19,182.33
ACC-0020,BA,2025-08-04,-38,329.08
ACC-0020,BA,2025-08-26,11,326.39
ACC-0020,UNH,2025-09-05,17,80.60
ACC-0020,PLTR,2025-10-02,25,203.39
ACC-0020,BA,2025-10-29,33,318.71
ACC-0020,PLTR,2025-11-17,-32,200.30
ACC-0020,AAPL,2025-11-19,-26,123.24
ACC-0020,SOXL,2025-12-10,-55,210.24
ACC-0020,BA,2026-01-27,-26,365.93
ACC-0020,BA,2026-01-30,39,371.53
ACC-0020,PLTR,2026-05-04,-34,182.18
ACC-0020,PLTR,2026-05-22,26,192.01
ACC-0020,BA,2026-06-12,-29,520.94
ACC-0021,NVDA,2025-06-17,-54,216.15
ACC-0021,QQQ,2025-07-03,-47,227.74
ACC-0021,QQQ,2025-07-16,9,220.13
ACC-0021,MRVL,2025-08-14,-55,182.50
ACC-0021,MSFT,2025-09-02,42,211.53
ACC-0021,NVDA,2025-09-05,-39,254.01
ACC-0021,NVDA,2025-09-26,-18,273.81
ACC-0021,QQQ,2025-10-23,-15,208.04
ACC-0021,DIS,2025-12-05,37,232.87
ACC-0021,MU,2025-12-12,-58,170.02
ACC-0021,QQQ,2026-01-13,-26,238.47
ACC-0021,NVDA,2026-01-26,11,291.85
ACC-0021,QQQ,2026-02-13,-39,232.90
ACC-0021,NVDA,2026-02-18,18,372.31
ACC-0021,QQQ,2026-02-27,-6,235.11
ACC-0021,QQQ,2026-03-11,50,237.51
ACC-0021,QQQ,2026-03-30,49,246.11
ACC-0021,AMD,2026-04-03,40,27.27
ACC-0021,NVDA,2026-04-07,-59,349.86
ACC-0021,QQQ,2026-05-04,3,260.96
ACC-0021,NVDA,2026-05-08,-37,290.44
ACC-0021,INTC,2026-05-12,-49,293.49
ACC-0021,WMT,2026-06-02,-49,136.90
ACC-0021,NVDA,2026-06-05,-31,314.13
ACC-0021,QQQ,2026-06-17,36,211.22
ACC-0021,MU,2026-06-18,-33,243.02
ACC-0021,NVDA,2026-06-26,-19,323.75
ACC-0022,ARM,2025-06-13,-22,209.40
ACC-0022,MU,2025-06-18,-60,165.98
ACC-0022,WMT,2025-06-19,4,126.00
ACC-0022,WMT,2025-06-24,57,125.52
ACC-0022,WMT,2025-07-07,-15,139.86
ACC-0022,MU,2025-07-18,-51,156.74
ACC-0022,WMT,2025-08-01,-36,150.91
ACC-0022,WMT,2025-08-12,5,147.10
ACC-0022,WMT,2025-08-22,49,169.13
ACC-0022,WMT,2025-08-28,-12,167.43
ACC-0022,WMT,2025-09-05,3,166.61
ACC-0022,WMT,2025-09-23,-45,158.16
ACC-0022,SNAP,2025-09-30,10,14.96
ACC-0022,MU,2025-10-09,13,165.18
ACC-0022,WMT,2025-10-15,-40,134.74
ACC-0022,WMT,2025-10-17,4,127.32
ACC-0022,MU,2025-10-22,-60,172.65
ACC-0022,WMT,2025-10-28,12,132.05
ACC-0022,WMT,2025-11-03,35,140.21
ACC-0022,SOXL,2025-11-10,57,213.25
ACC-0022,WMT,2025-11-11,-8,140.81
ACC-0022,MU,2025-11-21,-15,173.09
ACC-0022,MU,2025-11-24,6,174.52
ACC-0022,SOFI,2025-11-25,46,24.97
ACC-0022,WMT,2025-12-18,20,132.99
ACC-0022,MU,2025-12-26,32,167.50
ACC-0022,WMT,2026-01-12,-32,141.08
ACC-0022,WMT,2026-01-20,-2,139.36
ACC-0022,DIS,2026-01-22,42,209.33
ACC-0022,MU,2026-01-28,-11,203.69
ACC-0022,UNH,2026-02-04,-16,112.11
ACC-0022,WMT,2026-02-10,-31,139.11
ACC-0022,WMT,2026-02-12,1,140.49
ACC-0022,MU,2026-02-17,35,184.14
ACC-0022,WMT,2026-02-19,-27,143.32
ACC-0022,WMT,2026-02-20,-33,141.79
ACC-0022,MU,2026-03-03,6,201.54
ACC-0022,WMT,2026-03-09,-11,132.28
ACC-0022,WMT,2026-03-23,-60,117.08
ACC-0022,MU,2026-03-25,51,191.68
ACC-0022,WMT,2026-04-15,51,118.63
ACC-0022,WMT,2026-05-07,7,124.47
ACC-0022,MU,2026-05-13,-28,256.67
ACC-0022,WMT,2026-05-27,19,126.98
ACC-0022,MU,2026-05-28,-25,266.43
ACC-0022,WMT,2026-06-01,44,138.59
ACC-0022,WMT,2026-06-09,-45,148.24
ACC-0022,MU,2026-06-11,58,253.22
ACC-0022,MU,2026-06-29,-20,233.26
ACC-0022,WMT,2026-07-08,22,143.78
ACC-0022,WMT,2026-07-17,13,142.00
ACC-0022,WMT,2026-07-20,-36,144.51
ACC-0022,WMT,2026-07-23,-13,139.93
ACC-0022,MU,2026-07-28,-46,232.09
ACC-0022,MU,2026-07-29,35,237.02
ACC-0022,MU,2026-08-05,-49,231.14
ACC-0022,MU,2026-08-07,-3,226.14
ACC-0022,WMT,2026-08-11,33,139.13
ACC-0022,WMT,2026-08-14,22,137.43
ACC-0022,GOOGL,2026-08-21,-8,134.20
ACC-0022,MU,2026-08-24,31,223.60
ACC-0022,MU,2026-09-02,-29,206.65
ACC-0023,SHOP,2025-06-03,55,325.66
ACC-0023,SHOP,2025-06-10,-14,321.55
ACC-0023,SHOP,2025-06-16,-9,321.82
ACC-0023,VRT,2025-06-20,45,115.56
ACC-0023,SMCI,2025-07-10,-29,137.81
ACC-0023,VRT,2025-07-30,3,113.53
ACC-0023,SMCI,2025-09-01,-55,185.79
ACC-0023,SHOP,2025-09-15,49,332.60
ACC-0023,VRT,2025-10-10,57,99.81
ACC-0023,HOOD,2025-10-31,11,162.98
ACC-0023,SHOP,2025-11-25,-8,405.83
ACC-0023,SMCI,2025-12-23,30,159.17
ACC-0023,NFLX,2026-01-12,50,212.15
ACC-0023,VRT,2026-02-13,9,115.37
ACC-0023,SMCI,2026-02-25,8,185.25
ACC-0023,VRT,2026-03-04,57,116.02
ACC-0023,VRT,2026-03-20,-6,105.45
ACC-0023,SMCI,2026-04-03,60,182.13
ACC-0023,VRT,2026-04-07,34,116.18
ACC-0023,SMCI,2026-04-24,-46,174.18
ACC-0023,SHOP,2026-06-02,-43,326.04
ACC-0023,VRT,2026-06-12,-28,96.68
ACC-0023,SHOP,2026-07-13,19,358.53
ACC-0023,VRT,2026-08-04,32,83.38
ACC-0023,SHOP,2026-09-02,-18,370.38
ACC-0023,SMCI,2026-09-04,-16,157.30
ACC-0024,RIVN,2025-06-02,-33,369.58
ACC-0024,RIVN,2025-06-09,41,364.46
ACC-0024,PLTR,2025-06-20,12,173.00
ACC-0024,PLTR,2025-07-07,-3,186.16
ACC-0024,GOOGL,2025-07-18,-16,155.90
ACC-0024,RIVN,2025-07-28,6,401.26
ACC-0024,PLTR,2025-08-22,-47,194.46
ACC-0024,PLTR,2025-09-15,-9,183.53
ACC-0024,RIVN,2025-09-18,-45,361.03
ACC-0024,PLTR,2025-10-02,5,201.69
ACC-0024,PLTR,2025-10-14,5,196.28
ACC-0024,SMCI,2025-11-14,33,152.28
ACC-0024,RIVN,2025-11-17,-31,398.71
ACC-0024,PLTR,2025-12-02,-32,200.00
ACC-0024,RIVN,2025-12-26,49,408.96
ACC-0024,PLTR,2026-02-02,10,184.22
ACC-0024,PLTR,2026-02-10,41,186.14
ACC-0024,RIVN,2026-02-27,-22,404.93
ACC-0024,PLTR,2026-04-09,-26,165.74
ACC-0024,PLTR,2026-04-14,2,172.88
ACC-0024,RIVN,2026-05-19,-51,439.89
ACC-0024,RIVN,2026-06-15,13,407.35
ACC-0024,RIVN,2026-06-22,-46,412.51
ACC-0024,RIVN,2026-06-24,-9,411.75
ACC-0024,RIVN,2026-07-08,-53,428.34
ACC-0024,PLTR,2026-08-07,-2,223.89
ACC-0024,SPY,2026-08-12,9,143.28
ACC-0025,INTC,2025-06-20,36,204.40
ACC-0025,INTC,2025-06-24,24,191.91
ACC-0025,DIS,2025-06-25,-13,271.52
ACC-0025,DIS,2025-07-09,50,293.82
ACC-0025,DIS,2025-07-11,12,291.67
ACC-0025,INTC,2025-07-18,25,168.71
ACC-0025,DIS,2025-08-12,55,274.05
ACC-0025,INTC,2025-08-20,47,198.63
ACC-0025,INTC,2025-08-21,-31,201.38
ACC-0025,INTC,2025-09-15,-42,207.29
ACC-0025,DIS,2025-10-06,2,267.63
ACC-0025,DIS,2025-10-21,20,247.45
ACC-0025,QQQ,2025-10-23,39,207.80
ACC-0025,DIS,2025-10-31,-50,263.79
ACC-0025,DIS,2025-11-03,58,264.99
ACC-0025,INTC,2025-11-21,47,243.32
ACC-0025,INTC,2025-11-24,49,244.82
ACC-0025,INTC,2025-11-27,46,241.04
ACC-0025,AAPL,2025-12-02,4,130.03
ACC-0025,AAPL,2025-12-15,47,141.77
ACC-0025,INTC,2025-12-18,53,238.27
ACC-0025,DIS,2026-01-08,-53,234.03
ACC-0025,INTC,2026-01-23,-41,231.49
ACC-0025,INTC,2026-01-26,51,233.83
ACC-0025,DIS,2026-01-29,16,196.23
ACC-0025,DIS,2026-01-30,60,196.10
ACC-0025,INTC,2026-02-09,-32,230.99
ACC-0025,XOM,2026-02-11,41,278.21
ACC-0025,INTC,2026-02-23,-40,222.40
ACC-0025,INTC,2026-03-03,48,230.39
ACC-0025,DIS,2026-03-04,17,177.03
ACC-0025,INTC,2026-03-05,-49,243.83
ACC-0025,DIS,2026-03-09,-2,180.88
ACC-0025,INTC,2026-04-22,47,333.22
ACC-0025,DIS,2026-04-24,-56,195.44
ACC-0025,INTC,2026-04-30,1,300.41
ACC-0025,DIS,2026-05-15,-27,222.56
ACC-0025,INTC,2026-05-27,-23,286.64
ACC-0025,DIS,2026-06-04,-59,215.59
ACC-0025,INTC,2026-07-03,5,224.36
ACC-0025,MRVL,2026-08-13,6,190.89
ACC-0025,INTC,2026-08-25,13,228.24
ACC-0025,INTC,2026-08-31,41,244.78
ACC-0025,DIS,2026-09-04,40,313.06
ACC-0026,BA,2025-06-06,24,367.46
ACC-0026,TSM,2025-06-11,-11,321.50
ACC-0026,BA,2025-06-12,53,354.98
ACC-0026,BA,2025-06-17,1,357.68
ACC-0026,BA,2025-07-04,24,337.32
ACC-0026,NFLX,2025-07-09,23,243.62
ACC-0026,MSTR,2025-07-17,60,56.92
ACC-0026,BA,2025-07-23,-23,312.17
ACC-0026,BA,2025-07-24,-5,310.85
ACC-0026,BA,2025-07-30,15,328.85
ACC-0026,MSTR,2025-08-04,-23,65.40
ACC-0026,MSTR,2025-08-08,14,64.09
ACC-0026,BA,2025-08-22,10,323.66
ACC-0026,MSTR,2025-09-02,19,65.84
ACC-0026,BA,2025-09-03,-50,345.72
ACC-0026,MSTR,2025-09-04,53,66.83
ACC-0026,MSTR,2025-09-05,-1,66.85
ACC-0026,BA,2025-09-25,48,346.67
ACC-0026,BA,2025-09-29,36,349.80
ACC-0026,BA,2025-10-06,-36,346.95
ACC-0026,MSTR,2025-10-21,4,70.39
ACC-0026,BA,2025-11-03,-19,337.01
ACC-0026,AMZN,2025-11-04,-45,111.18
ACC-0026,MSTR,2025-11-06,14,67.65
ACC-0026,SOFI,2025-11-14,12,27.98
ACC-0026,MSTR,2025-11-20,13,70.35
ACC-0026,MSTR,2025-11-21,20,70.65
ACC-0026,BA,2025-11-26,22,298.54
ACC-0026,MSTR,2025-11-28,59,67.62
ACC-0026,MSTR,2025-12-05,-23,63.42
ACC-0026,BA,2025-12-11,-19,296.50
ACC-0026,MSTR,2025-12-19,47,57.17
ACC-0026,BA,2025-12-22,-50,324.01
ACC-0026,BA,2025-12-23,-15,332.66
ACC-0026,BA,2025-12-29,24,347.73
ACC-0026,BA,2025-12-30,53,354.08
ACC-0026,BA,2025-12-31,-8,360.08
ACC-0026,BA,2026-01-07,-10,346.51
ACC-0026,BA,2026-01-12,-15,341.56
ACC-0026,GOOGL,2026-01-16,-6,115.54
ACC-0026,MSTR,2026-01-26,50,56.71
ACC-0026,AMZN,2026-02-02,14,134.17
ACC-0026,MSTR,2026-02-03,-33,58.40
ACC-0026,BA,2026-02-04,20,418.61
ACC-0026,BA,2026-02-05,-26,437.57
ACC-0026,MSTR,2026-02-11,-17,58.53
ACC-0026,MSTR,2026-02-25,38,63.60
ACC-0026,MRVL,2026-02-27,-1,158.44
ACC-0026,MSTR,2026-03-03,-49,65.02
ACC-0026,SMCI,2026-03-06,37,194.44
ACC-0026,MSTR,2026-03-16,-30,66.01
ACC-0026,MSTR,2026-03-20,-32,67.68
ACC-0026,BA,2026-03-24,-18,488.40
ACC-0026,SOXL,2026-03-25,-54,235.14
ACC-0026,MSTR,2026-04-09,52,66.71
ACC-0026,BA,2026-04-13,-11,454.50
ACC-0026,MSTR,2026-04-17,-38,64.37
ACC-0026,MSTR,2026-04-22,14,63.04
ACC-0026,MSTR,2026-04-23,47,62.85
ACC-0026,BA,2026-04-29,15,435.24
ACC-0026,BA,2026-04-30,11,443.88
ACC-0026,MSTR,2026-05-04,36,66.52
ACC-0026,MSTR,2026-05-13,-6,70.20
ACC-0026,MSTR,2026-05-21,-28,69.49
ACC-0026,MSTR,2026-05-28,-50,66.83
ACC-0026,BA,2026-06-02,15,520.25
ACC-0026,BA,2026-06-03,1,506.87
ACC-0026,MSTR,2026-06-04,4,64.33
ACC-0026,MSTR,2026-06-05,-32,65.62
ACC-0026,BA,2026-06-11,7,515.96
ACC-0026,BA,2026-06-12,-22,518.02
ACC-0026,BA,2026-06-16,-29,539.86
ACC-0026,MSTR,2026-06-22,-43,74.04
ACC-0026,QQQ,2026-07-01,-19,209.40
ACC-0026,MSTR,2026-07-07,3,70.96
ACC-0026,BA,2026-07-20,-25,523.36
ACC-0026,BA,2026-07-21,-44,522.94
ACC-0026,MSTR,2026-07-31,-35,69.18
ACC-0026,BA,2026-08-05,4,492.10
ACC-0026,MSTR,2026-09-04,1,70.63
ACC-0027,ARM,2025-06-03,-22,203.93
ACC-0027,VRT,2025-06-10,60,129.03
ACC-0027,SNAP,2025-06-30,20,14.02
ACC-0027,ARM,2025-07-14,42,187.39
ACC-0027,ARM,2025-07-25,-43,203.59
ACC-0027,ARM,2025-08-04,18,186.62
ACC-0027,ARM,2025-08-22,-10,198.63
ACC-0027,VRT,2025-09-04,36,103.31
ACC-0027,ARM,2025-10-10,60,191.99
ACC-0027,IREN,2025-11-07,26,213.60
ACC-0027,ARM,2025-11-25,3,223.00
ACC-0027,ARM,2026-01-16,-33,194.23
ACC-0027,VRT,2026-01-26,-13,98.93
ACC-0027,VRT,2026-02-09,45,109.97
ACC-0027,ARM,2026-02-16,-7,185.52
ACC-0027,AMZN,2026-03-09,-41,130.79
ACC-0027,VRT,2026-03-24,22,110.84
ACC-0027,ARM,2026-06-09,48,190.06
ACC-0027,VRT,2026-06-10,11,100.87
ACC-0027,VRT,2026-06-12,16,96.36
ACC-0027,ARM,2026-06-15,60,187.40
ACC-0027,SOXL,2026-09-04,18,198.66
ACC-0027,SOXL,2026-09-04,33,199.03
ACC-0027,SOXL,2026-09-04,11,199.52
ACC-0027,SOXL,2026-09-04,3,198.69
ACC-0028,UBER,2025-06-09,3,192.50
ACC-0028,MSFT,2025-06-18,-19,197.34
ACC-0028,MSFT,2025-07-03,12,210.56
ACC-0028,UBER,2025-07-07,8,206.34
ACC-0028,MSFT,2025-07-11,13,215.83
ACC-0028,MSFT,2025-07-16,-45,213.56
ACC-0028,UBER,2025-08-06,44,181.20
ACC-0028,UNH,2025-08-11,-12,92.66
ACC-0028,MSFT,2025-08-14,51,218.84
ACC-0028,DIS,2025-08-18,-5,262.92
ACC-0028,UNH,2025-08-19,52,86.71
ACC-0028,PYPL,2025-08-20,38,14.60
ACC-0028,MSFT,2025-08-22,18,211.61
ACC-0028,UNH,2025-08-26,27,81.30
ACC-0028,MSFT,2025-08-27,32,221.60
ACC-0028,UNH,2025-09-01,46,82.10
ACC-0028,UNH,2025-09-04,1,81.83
ACC-0028,UNH,2025-09-09,-3,83.17
ACC-0028,UBER,2025-09-11,-15,199.31
ACC-0028,UBER,2025-09-17,-27,191.99
ACC-0028,UBER,2025-09-19,-13,195.97
ACC-0028,MSFT,2025-10-06,36,246.95
ACC-0028,UBER,2025-10-20,19,195.36
ACC-0028,UNH,2025-10-22,12,83.88
ACC-0028,AAPL,2025-10-29,22,119.83
ACC-0028,UNH,2025-11-05,15,76.49
ACC-0028,MSFT,2025-11-11,32,251.30
ACC-0028,UNH,2025-11-12,-28,83.47
ACC-0028,GOOGL,2025-11-14,33,126.49
ACC-0028,UNH,2025-11-17,-46,87.68
ACC-0028,UBER,2025-11-19,41,204.85
ACC-0028,SNAP,2025-12-08,27,18.12
ACC-0028,MSFT,2025-12-10,-2,249.15
ACC-0028,UBER,2025-12-30,3,238.17
ACC-0028,UNH,2026-01-09,-50,103.34
ACC-0028,UBER,2026-01-21,-58,231.05
ACC-0028,MSFT,2026-01-22,39,254.52
ACC-0028,UNH,2026-01-23,-7,101.91
ACC-0028,UNH,2026-01-30,-47,108.77
ACC-0028,UBER,2026-02-10,-13,257.81
ACC-0028,UBER,2026-02-13,-24,251.74
ACC-0028,MSFT,2026-03-02,40,254.31
ACC-0028,UBER,2026-03-25,22,249.46
ACC-0028,UNH,2026-04-15,57,120.30
ACC-0028,MSFT,2026-04-27,35,260.52
ACC-0028,MSFT,2026-06-09,23,265.53
ACC-0028,MSFT,2026-06-10,21,260.12
ACC-0028,UBER,2026-06-15,-8,258.52
ACC-0028,MSFT,2026-06-19,42,268.02
ACC-0028,UBER,2026-06-24,10,264.26
ACC-0028,UNH,2026-06-25,44,115.39
ACC-0028,UBER,2026-06-29,23,259.42
ACC-0028,MSFT,2026-07-17,-11,246.41
ACC-0028,UBER,2026-07-21,54,271.26
ACC-0028,MSFT,2026-07-22,49,254.35
ACC-0028,MU,2026-08-05,-30,230.68
ACC-0028,UNH,2026-08-11,-53,116.29
ACC-0028,MSFT,2026-08-12,57,224.08
ACC-0028,UBER,2026-08-31,27,269.92
ACC-0028,MSFT,2026-09-01,-6,229.20
ACC-0028,UBER,2026-09-02,-15,272.19
ACC-0028,SNAP,2026-09-04,46,14.50
ACC-0029,SMCI,2025-06-24,-33,134.62
ACC-0029,AMD,2025-07-04,-33,24.87
ACC-0029,AMZN,2025-07-07,-11,101.70
ACC-0029,SMCI,2025-07-21,-36,147.29
ACC-0029,SMCI,2025-07-24,-10,147.27
ACC-0029,AMZN,2025-07-30,-18,90.47
ACC-0029,MSFT,2025-09-17,32,244.21
ACC-0029,SMCI,2025-09-26,42,174.34
ACC-0029,SMCI,2025-10-08,-43,157.10
ACC-0029,SHOP,2025-10-13,-11,322.46
ACC-0029,SMCI,2025-11-04,-22,155.94
ACC-0029,AMZN,2025-11-24,59,128.80
ACC-0029,SMCI,2025-12-03,41,152.21
ACC-0029,AMZN,2025-12-19,-27,127.78
ACC-0029,SMCI,2026-01-05,-53,163.99
ACC-0029,AMZN,2026-01-22,-24,126.62
ACC-0029,SMCI,2026-03-25,36,187.35
ACC-0029,SMCI,2026-03-30,-41,185.55
ACC-0029,SMCI,2026-07-07,9,152.10
ACC-0029,PLTR,2026-07-08,-9,185.15
ACC-0029,SMCI,2026-07-14,-28,155.35
ACC-0029,PLTR,2026-07-16,-36,191.09
ACC-0029,SMCI,2026-07-17,-20,157.66
ACC-0029,SMCI,2026-08-03,-17,151.15
ACC-0029,SMCI,2026-08-20,-37,147.86
ACC-0029,SMCI,2026-08-21,-32,149.10
ACC-0029,AMZN,2026-09-02,-54,142.83
ACC-0030,UBER,2025-06-11,-9,199.54
ACC-0030,UBER,2025-06-24,7,205.44
ACC-0030,ARM,2025-07-09,-18,188.88
ACC-0030,UBER,2025-07-10,40,200.32
ACC-0030,UBER,2025-07-18,-14,202.19
ACC-0030,ARM,2025-07-22,6,191.18
ACC-0030,ARM,2025-08-07,27,200.26
ACC-0030,GOOGL,2025-09-01,-51,144.81
ACC-0030,UBER,2025-10-14,50,191.63
ACC-0030,UBER,2025-10-15,-55,185.71
ACC-0030,ARM,2025-11-24,-47,215.01
ACC-0030,SPY,2025-12-01,19,166.32
ACC-0030,ARM,2025-12-02,20,228.42
ACC-0030,SHOP,2025-12-03,-15,398.23
ACC-0030,ARM,2025-12-26,-50,197.43
ACC-0030,XOM,2026-01-08,-28,325.84
ACC-0030,UBER,2026-01-19,20,236.48
ACC-0030,UBER,2026-01-22,-14,230.50
ACC-0030,SOFI,2026-01-27,42,21.82
ACC-0030,UBER,2026-01-29,8,230.40
ACC-0030,UBER,2026-02-16,16,252.46
ACC-0030,SMCI,2026-02-27,42,194.90
ACC-0030,ARM,2026-03-19,-27,195.61
ACC-0030,PLTR,2026-04-03,-37,184.44
ACC-0030,ARM,2026-04-06,14,180.46
ACC-0030,ARM,2026-04-22,-17,185.07
ACC-0030,ARM,2026-04-24,-49,183.06
ACC-0030,UBER,2026-04-30,-40,261.41
ACC-0030,SHOP,2026-05-04,-55,373.55
ACC-0030,ARM,2026-05-15,-26,173.19
ACC-0031,SHOP,2025-06-04,-44,325.44
ACC-0031,SNAP,2025-06-16,1,14.51
ACC-0031,SNAP,2025-06-24,-45,14.00
ACC-0031,SNAP,2025-06-25,33,13.87
ACC-0031,HOOD,2025-06-27,-28,161.12
ACC-0031,SHOP,2025-07-08,12,344.46
ACC-0031,SNAP,2025-07-15,22,13.50
ACC-0031,INTC,2025-07-16,-34,171.48
ACC-0031,SHOP,2025-08-06,37,354.93
ACC-0031,SHOP,2025-08-13,-20,342.91
ACC-0031,UBER,2025-08-27,40,195.55
ACC-0031,SHOP,2025-09-10,54,336.96
ACC-0031,AAPL,2025-09-19,-33,109.97
ACC-0031,SPY,2025-09-26,50,164.99
ACC-0031,SNAP,2025-09-29,-10,14.93
ACC-0031,SHOP,2025-10-01,-4,333.29
ACC-0031,MRVL,2025-10-16,-33,147.16
ACC-0031,INTC,2025-10-23,-45,221.90
ACC-0031,SHOP,2025-10-30,-32,334.91
ACC-0031,SNAP,2025-11-20,35,16.92
ACC-0031,SNAP,2025-12-11,-49,17.89
ACC-0031,SNAP,2025-12-16,-60,19.21
ACC-0031,SNAP,2025-12-19,9,19.60
ACC-0031,SNAP,2025-12-26,-21,20.54
ACC-0031,SHOP,2026-01-30,-18,442.91
ACC-0031,SHOP,2026-02-05,-56,434.78
ACC-0031,SNAP,2026-02-16,54,20.30
ACC-0031,SHOP,2026-02-20,-21,428.18
ACC-0031,SNAP,2026-03-04,17,18.82
ACC-0031,SNAP,2026-03-16,42,18.72
ACC-0031,AVGO,2026-03-26,10,224.04
ACC-0031,SNAP,2026-04-02,10,18.80
ACC-0031,SNAP,2026-04-13,38,18.27
ACC-0031,SNAP,2026-04-21,30,18.43
ACC-0031,SNAP,2026-04-29,38,18.90
ACC-0031,MRVL,2026-05-01,-5,192.09
ACC-0031,SNAP,2026-05-05,25,16.85
ACC-0031,SNAP,2026-05-18,-38,16.38
ACC-0031,SHOP,2026-05-22,19,329.90
ACC-0031,SNAP,2026-05-25,46,15.97
ACC-0031,SHOP,2026-06-05,32,319.10
ACC-0031,SNAP,2026-06-18,-31,14.89
ACC-0031,SNAP,2026-06-25,52,14.16
ACC-0031,SNAP,2026-07-07,20,14.94
ACC-0031,UBER,2026-07-10,-33,250.71
ACC-0031,SHOP,2026-07-27,-21,370.93
ACC-0031,SHOP,2026-07-29,-34,350.93
ACC-0031,SNAP,2026-07-31,-7,15.47
ACC-0031,SNAP,2026-08-12,17,14.78
ACC-0031,SNAP,2026-08-21,-35,15.06
ACC-0031,SNAP,2026-09-02,-45,15.35
ACC-0032,AAPL,2025-06-17,-23,137.47
ACC-0032,HOOD,2025-06-19,40,153.37
ACC-0032,AAPL,2025-06-30,-55,128.30
ACC-0032,AAPL,2025-07-01,4,127.04
ACC-0032,HOOD,2025-07-24,49,176.74
ACC-0032,HOOD,2025-08-08,12,160.51
ACC-0032,AAPL,2026-02-03,6,127.18
ACC-0032,AAPL,2026-02-04,53,127.69
ACC-0032,SOFI,2026-02-25,-14,18.13
ACC-0032,AAPL,2026-04-09,42,154.52
ACC-0032,HOOD,2026-04-16,29,174.51
ACC-0032,HOOD,2026-06-09,27,170.55
ACC-0032,AAPL,2026-06-11,12,155.07
ACC-0033,SPY,2025-06-18,23,163.76
ACC-0033,AAPL,2025-07-29,29,126.56
ACC-0033,TSM,2025-09-11,-17,289.55
ACC-0033,AAPL,2025-11-04,9,118.75
ACC-0033,TSM,2026-01-01,43,218.27
ACC-0033,TSM,2026-02-04,-48,239.28
ACC-0033,NVDA,2026-04-24,-24,319.37
ACC-0033,TSM,2026-05-13,55,253.40
ACC-0033,QQQ,2026-06-12,-60,208.49
ACC-0033,TSM,2026-06-30,-40,200.39
ACC-0033,AAPL,2026-07-15,29,120.10
ACC-0033,TSM,2026-08-14,32,190.28
ACC-0034,SNAP,2025-06-13,-26,14.11
ACC-0034,TSM,2025-08-28,-54,272.41
ACC-0034,TSM,2025-09-03,-55,273.01
ACC-0034,TSM,2025-09-29,-43,306.98
ACC-0034,AAPL,2025-10-08,38,111.18
ACC-0034,SNAP,2025-10-09,56,15.45
ACC-0034,GOOGL,2025-10-10,44,134.08
ACC-0034,TSM,2025-10-27,-7,236.69
ACC-0034,TSM,2025-11-04,38,233.87
ACC-0034,CRWD,2025-11-11,-49,411.20
ACC-0034,TSM,2025-11-17,-15,235.22
ACC-0034,UNH,2025-11-25,24,91.92
ACC-0034,SNAP,2025-12-01,40,18.11
ACC-0034,SNAP,2025-12-09,-45,18.16
ACC-0034,SNAP,2025-12-10,-25,17.64
ACC-0034,TSM,2025-12-15,-2,204.79
ACC-0034,SNAP,2025-12-17,36,19.08
ACC-0034,TSM,2025-12-22,-27,203.19
ACC-0034,SNAP,2025-12-26,18,20.60
ACC-0034,SNAP,2025-12-30,25,19.81
ACC-0034,TSM,2026-01-07,50,219.09
ACC-0034,SNAP,2026-01-12,-24,19.46
ACC-0034,SNAP,2026-01-15,-29,18.96
ACC-0034,TSM,2026-01-16,-13,216.56
ACC-0034,TSM,2026-02-13,43,244.05
ACC-0034,SNAP,2026-02-25,-39,19.55
ACC-0034,SNAP,2026-03-10,22,19.19
ACC-0034,TSM,2026-03-27,-13,261.21
ACC-0034,SNAP,2026-04-01,-51,18.27
ACC-0034,SNAP,2026-04-24,45,19.68
ACC-0034,SNAP,2026-05-05,-47,16.81
ACC-0034,TSM,2026-05-20,-26,247.07
ACC-0034,TSM,2026-05-25,-37,241.74
ACC-0034,SNAP,2026-05-26,-38,15.43
ACC-0034,TSM,2026-06-01,2,244.33
ACC-0034,SNAP,2026-06-02,60,15.00
ACC-0034,TSM,2026-06-03,33,247.76
ACC-0034,TSM,2026-06-22,-5,208.69
ACC-0034,SMCI,2026-06-30,53,149.97
ACC-0034,TSM,2026-07-06,38,209.17
ACC-0034,SNAP,2026-07-08,-14,15.44
ACC-0034,SNAP,2026-07-09,-21,15.56
ACC-0034,TSM,2026-07-16,38,205.59
ACC-0034,SNAP,2026-07-29,41,15.67
ACC-0034,SNAP,2026-07-30,23,15.47
ACC-0034,TSM,2026-08-11,55,191.46
ACC-0034,TSM,2026-08-12,31,187.99
ACC-0034,SNAP,2026-08-24,-4,14.65
ACC-0035,IREN,2025-06-03,32,203.21
ACC-0035,COIN,2025-06-26,-34,336.71
ACC-0035,GOOGL,2025-07-17,-26,155.66
ACC-0035,IREN,2025-07-23,-45,183.01
ACC-0035,RIVN,2025-07-24,28,394.62
ACC-0035,IREN,2025-08-05,16,202.12
ACC-0035,META,2025-08-11,-59,406.11
ACC-0035,COIN,2025-08-15,20,401.83
ACC-0035,COIN,2025-09-03,-57,430.38
ACC-0035,META,2025-09-16,-39,373.70
ACC-0035,META,2025-09-29,11,349.65
ACC-0035,META,2025-10-01,-18,342.64
ACC-0035,IREN,2025-10-10,9,235.07
ACC-0035,IREN,2025-10-14,-16,233.29
ACC-0035,META,2025-10-27,-54,362.47
ACC-0035,META,2025-10-30,-46,367.54
ACC-0035,SOFI,2025-11-05,-3,30.43
ACC-0035,COIN,2025-11-19,54,337.65
ACC-0035,META,2025-12-17,-40,420.67
ACC-0035,COIN,2026-01-13,-35,267.41
ACC-0035,COIN,2026-01-21,-51,276.04
ACC-0035,META,2026-01-27,49,446.75
ACC-0035,COIN,2026-02-04,36,272.34
ACC-0035,META,2026-02-10,-57,521.09
ACC-0035,COIN,2026-02-24,-32,269.65
ACC-0035,COIN,2026-03-18,60,243.32
ACC-0035,COIN,2026-03-26,14,224.97
ACC-0035,META,2026-04-07,44,534.40
ACC-0035,META,2026-04-08,-15,538.00
ACC-0035,COIN,2026-04-09,-30,229.03
ACC-0035,META,2026-05-01,-45,513.25
ACC-0035,IREN,2026-05-04,-59,315.60
ACC-0035,COIN,2026-05-15,-23,210.49
ACC-0035,COIN,2026-05-27,-35,210.38
ACC-0035,META,2026-06-01,-41,490.24
ACC-0035,IREN,2026-06-02,-56,322.92
ACC-0035,COIN,2026-06-03,-58,201.27
ACC-0035,COIN,2026-06-10,-55,214.65
ACC-0035,META,2026-06-11,-53,516.35
ACC-0036,AVGO,2025-06-11,35,282.46
ACC-0036,SPY,2025-06-30,-59,156.80
ACC-0036,INTC,2025-08-01,-45,174.45
ACC-0036,AVGO,2025-08-19,-1,219.05
ACC-0036,AVGO,2025-09-04,-39,246.30
ACC-0036,AVGO,2025-09-25,-47,282.83
ACC-0036,INTC,2025-10-21,59,216.15
ACC-0036,MSTR,2025-12-15,-34,61.85
ACC-0036,INTC,2025-12-19,-49,243.22
ACC-0036,AVGO,2025-12-31,29,315.83
ACC-0036,INTC,2026-01-23,51,230.12
ACC-0036,AVGO,2026-02-13,36,264.21
ACC-0036,SNAP,2026-03-17,-37,18.60
ACC-0036,AVGO,2026-05-08,14,182.61
ACC-0036,AVGO,2026-06-23,6,199.37
ACC-0036,AVGO,2026-06-26,23,203.25
ACC-0036,INTC,2026-08-07,-8,227.54
ACC-0037,SHOP,2025-06-02,9,329.43
ACC-0037,BA,2025-06-05,33,375.73
ACC-0037,SHOP,2025-06-11,-58,322.31
ACC-0037,SHOP,2025-06-12,-52,324.54
ACC-0037,NVDA,2025-06-13,32,222.16
ACC-0037,SHOP,2025-06-18,-25,321.93
ACC-0037,META,2025-06-30,-15,398.40
ACC-0037,MSTR,2025-07-02,-47,57.06
ACC-0037,SNAP,2025-07-07,57,14.27
ACC-0037,META,2025-07-08,-13,409.98
ACC-0037,MSTR,2025-07-09,-21,57.10
ACC-0037,META,2025-07-14,-56,409.10
ACC-0037,META,2025-08-14,-48,411.22
ACC-0037,SHOP,2025-08-18,-21,337.26
ACC-0037,SHOP,2025-08-19,-24,342.72
ACC-0037,NVDA,2025-08-25,-9,260.06
ACC-0037,PLTR,2025-08-26,-41,194.60
ACC-0037,META,2025-09-02,-35,390.97
ACC-0037,META,2025-09-04,-39,401.18
ACC-0037,SHOP,2025-09-10,-46,335.02
ACC-0037,NVDA,2025-09-11,-34,265.77
ACC-0037,SHOP,2025-09-18,8,315.64
ACC-0037,META,2025-09-24,19,384.48
ACC-0037,SHOP,2025-10-01,26,330.63
ACC-0037,META,2025-10-09,15,365.24
ACC-0037,SHOP,2025-10-10,-37,328.74
ACC-0037,NVDA,2025-10-13,-15,301.53
ACC-0037,NVDA,2025-10-28,-38,285.02
ACC-0037,SHOP,2025-10-29,-29,335.72
ACC-0037,META,2025-11-04,-19,367.08
ACC-0037,IREN,2025-11-05,52,215.36
ACC-0037,META,2025-11-07,55,354.01
ACC-0037,NVDA,2025-11-27,1,262.95
ACC-0037,META,2025-12-09,-40,385.49
ACC-0037,RIVN,2025-12-11,28,403.72
ACC-0037,SHOP,2025-12-16,27,391.27
ACC-0037,SOXL,2025-12-22,-28,205.30
ACC-0037,META,2025-12-25,25,432.30
ACC-0037,AVGO,2025-12-29,26,317.56
ACC-0037,AMZN,2026-01-01,42,137.61
ACC-0037,META,2026-01-06,-38,461.08
ACC-0037,NVDA,2026-01-08,-37,290.68
ACC-0037,META,2026-01-19,34,472.26
ACC-0037,SHOP,2026-01-26,-38,430.69
ACC-0037,META,2026-01-30,38,490.45
ACC-0037,SHOP,2026-02-19,-12,431.04
ACC-0037,SHOP,2026-02-23,2,428.97
ACC-0037,ARM,2026-02-25,11,178.85
ACC-0037,MU,2026-02-27,-7,205.66
ACC-0037,NVDA,2026-03-12,-50,354.89
ACC-0037,NVDA,2026-03-16,-27,354.45
ACC-0037,NVDA,2026-03-17,-34,361.66
ACC-0037,META,2026-03-18,-56,565.91
ACC-0037,META,2026-03-20,-7,561.98
ACC-0037,NVDA,2026-03-24,-36,346.13
ACC-0037,META,2026-03-26,45,593.17
ACC-0037,META,2026-04-02,28,553.99
ACC-0037,BA,2026-04-08,-13,462.82
ACC-0037,VRT,2026-04-10,1,117.72
ACC-0037,META,2026-04-13,24,522.44
ACC-0037,META,2026-04-15,-22,515.94
ACC-0037,SHOP,2026-04-27,54,358.16
ACC-0037,META,2026-04-29,-54,530.96
ACC-0037,NVDA,2026-05-01,46,299.09
ACC-0037,SHOP,2026-05-05,-27,360.43
ACC-0037,SHOP,2026-05-07,-25,360.29
ACC-0037,NVDA,2026-05-08,46,290.48
ACC-0037,BA,2026-05-14,25,461.39
ACC-0037,SHOP,2026-05-19,57,326.42
ACC-0037,NVDA,2026-05-22,-20,299.08
ACC-0037,META,2026-05-27,33,511.31
ACC-0037,META,2026-05-28,20,517.81
ACC-0037,META,2026-06-03,-31,513.58
ACC-0037,META,2026-06-15,-36,499.34
ACC-0037,SHOP,2026-06-17,49,308.13
ACC-0037,SPY,2026-06-18,23,164.83
ACC-0037,NVDA,2026-06-19,10,314.57
ACC-0037,META,2026-06-22,-8,474.19
ACC-0037,SHOP,2026-06-26,-15,326.79
ACC-0037,IREN,2026-07-03,44,293.37
ACC-0037,META,2026-07-06,16,523.25
ACC-0038,IREN,2025-06-24,58,190.22
ACC-0038,AAPL,2025-07-04,-20,126.64
ACC-0038,AAPL,2025-07-15,6,130.80
ACC-0038,IREN,2025-09-04,43,189.05
ACC-0038,IREN,2025-09-05,47,186.43
ACC-0038,TSM,2025-10-01,-21,291.71
ACC-0038,CRWD,2025-10-07,-13,385.22
ACC-0038,AAPL,2025-10-31,-44,122.37
ACC-0038,TSM,2025-12-17,-49,203.16
ACC-0038,IREN,2026-02-02,-56,264.08
ACC-0038,AAPL,2026-02-25,-50,141.79
ACC-0038,TSM,2026-03-11,-19,275.39
ACC-0038,TSM,2026-03-30,48,265.13
ACC-0038,TSM,2026-04-29,41,259.42
ACC-0038,TSM,2026-05-07,-55,243.29
ACC-0038,IREN,2026-05-26,40,313.37
ACC-0038,QQQ,2026-07-08,-56,217.14
ACC-0038,IREN,2026-07-20,21,279.92
ACC-0039,MSFT,2025-06-03,54,195.74
ACC-0039,AMZN,2025-06-12,-15,93.53
ACC-0039,AMZN,2025-07-07,32,101.04
ACC-0039,MSFT,2025-07-10,-24,211.70
ACC-0039,AMZN,2025-07-11,46,97.60
ACC-0039,MSFT,2025-07-17,-45,211.73
ACC-0039,AMZN,2025-07-30,-37,90.94
ACC-0039,AMZN,2025-08-13,36,96.52
ACC-0039,AMZN,2025-08-19,-52,92.90
ACC-0039,MSFT,2025-08-21,-17,212.73
ACC-0039,AMZN,2025-08-26,34,101.63
ACC-0039,AMZN,2025-08-27,-42,104.28
ACC-0039,AVGO,2025-09-16,14,264.54
ACC-0039,SPY,2025-09-17,41,168.69
ACC-0039,AMZN,2025-09-26,4,106.23
ACC-0039,AMZN,2025-10-21,-51,111.51
ACC-0039,AMZN,2025-10-23,57,112.17
ACC-0039,AMZN,2025-11-11,29,119.73
ACC-0039,WMT,2025-11-12,6,139.05
ACC-0039,AMZN,2025-11-18,-5,121.50
ACC-0039,AMZN,2025-11-26,-10,129.77
ACC-0039,GOOGL,2025-12-03,-6,125.58
ACC-0039,MSFT,2025-12-04,44,241.42
ACC-0039,AMZN,2025-12-08,-1,124.49
ACC-0039,AMZN,2025-12-11,-18,120.69
ACC-0039,NFLX,2025-12-19,-30,222.66
ACC-0039,AMZN,2025-12-24,19,132.88
ACC-0039,MSFT,2026-01-02,-31,261.80
ACC-0039,MSFT,2026-01-23,19,253.68
ACC-0039,AMZN,2026-01-28,-23,124.87
ACC-0039,AMZN,2026-01-29,-56,126.95
ACC-0039,MSFT,2026-02-10,39,238.42
ACC-0039,SOXL,2026-02-27,18,229.13
ACC-0039,MSFT,2026-03-05,50,259.22
ACC-0039,AMZN,2026-03-11,-2,136.44
ACC-0039,AMZN,2026-03-31,22,140.77
ACC-0039,MSFT,2026-04-08,4,236.19
ACC-0039,AMZN,2026-04-13,15,139.22
ACC-0039,AMZN,2026-04-14,49,138.92
ACC-0039,MSFT,2026-05-07,-34,271.36
ACC-0039,WMT,2026-05-08,44,125.81
ACC-0039,AMZN,2026-05-11,-10,154.43
ACC-0039,PLTR,2026-05-12,57,182.74
ACC-0039,AMZN,2026-05-18,-4,149.62
ACC-0039,MSFT,2026-05-28,-29,281.61
ACC-0039,QQQ,2026-06-01,37,207.58
ACC-0039,AMZN,2026-06-09,21,155.38
ACC-0039,AMZN,2026-06-10,4,147.17
ACC-0039,AMZN,2026-06-16,-22,155.37
ACC-0039,AMZN,2026-06-22,-7,155.87
ACC-0039,MSFT,2026-07-02,56,261.71
ACC-0039,AMZN,2026-07-07,-1,153.47
ACC-0040,META,2025-06-10,-31,339.66
ACC-0040,META,2025-06-30,-52,399.49
ACC-0040,QQQ,2025-07-02,-39,225.60
ACC-0040,QQQ,2025-07-04,48,235.88
ACC-0040,QQQ,2025-07-09,-27,218.15
ACC-0040,META,2025-07-22,3,399.28
ACC-0040,QQQ,2025-07-28,-14,221.67
ACC-0040,QQQ,2025-08-04,53,226.25
ACC-0040,META,2025-08-11,-25,406.52
ACC-0040,META,2025-08-12,-49,418.63
ACC-0040,META,2025-09-11,2,394.19
ACC-0040,QQQ,2025-09-16,13,203.92
ACC-0040,QQQ,2025-09-18,6,205.34
ACC-0040,QQQ,2025-09-24,-49,212.95
ACC-0040,QQQ,2025-09-26,16,202.59
ACC-0040,SHOP,2025-10-15,57,330.96
ACC-0040,QQQ,2025-10-27,54,213.60
ACC-0040,META,2025-11-21,-44,344.44
ACC-0040,META,2025-12-02,25,373.09
ACC-0040,META,2025-12-03,-49,367.78
ACC-0040,META,2025-12-15,-31,403.81
ACC-0040,META,2025-12-26,12,442.96
ACC-0040,META,2026-01-05,55,458.57
ACC-0040,QQQ,2026-01-15,-20,244.96
ACC-0040,WMT,2026-01-20,-3,139.36
ACC-0040,META,2026-01-28,-52,455.13
ACC-0040,BA,2026-01-30,-19,373.89
ACC-0040,QQQ,2026-02-10,-11,228.01
ACC-0040,META,2026-02-20,-37,540.54
ACC-0040,META,2026-03-11,52,529.93
ACC-0040,META,2026-03-27,-19,608.24
ACC-0040,META,2026-03-31,-33,566.55
ACC-0040,QQQ,2026-04-16,8,267.16
ACC-0040,META,2026-04-24,16,516.57
ACC-0040,META,2026-04-28,11,520.29
ACC-0040,QQQ,2026-05-19,-8,242.59
ACC-0040,QQQ,2026-05-22,14,229.17
ACC-0040,META,2026-07-10,10,513.06
ACC-0040,QQQ,2026-07-27,-30,211.79
ACC-0040,META,2026-07-29,17,496.41
ACC-0041,MRVL,2025-07-08,-21,178.13
ACC-0041,MRVL,2025-08-01,31,171.97
ACC-0041,COIN,2025-10-24,38,335.77
ACC-0041,COIN,2025-12-09,-18,288.35
ACC-0041,MRVL,2026-02-20,-2,164.76
ACC-0041,SNAP,2026-03-03,39,19.53
ACC-0041,MRVL,2026-03-06,27,166.90
ACC-0041,XOM,2026-05-08,49,278.98
ACC-0042,AAPL,2025-06-04,-35,130.37
ACC-0042,PYPL,2025-06-09,-55,15.90
ACC-0042,PYPL,2025-06-13,-35,15.77
ACC-0042,AAPL,2025-06-16,-45,134.28
ACC-0042,PYPL,2025-06-25,17,15.75
ACC-0042,PYPL,2025-07-01,20,16.01
ACC-0042,PYPL,2025-07-03,7,14.99
ACC-0042,AAPL,2025-07-16,8,131.78
ACC-0042,PYPL,2025-07-23,27,14.64
ACC-0042,AAPL,2025-07-31,18,130.01
ACC-0042,PYPL,2025-08-05,-21,14.53
ACC-0042,PYPL,2025-08-07,9,15.48
ACC-0042,PYPL,2025-08-25,58,13.56
ACC-0042,AAPL,2025-09-16,-11,108.05
ACC-0042,PYPL,2025-09-17,-37,14.66
ACC-0042,TSLA,2025-09-19,-5,193.96
ACC-0042,PYPL,2025-09-24,-57,14.80
ACC-0042,PYPL,2025-09-26,-55,14.90
ACC-0042,MSTR,2025-10-01,36,64.55
ACC-0042,AAPL,2025-10-07,2,112.11
ACC-0042,PYPL,2025-10-14,-54,14.08
ACC-0042,PYPL,2025-10-15,7,13.97
ACC-0042,PYPL,2025-10-22,17,13.52
ACC-0042,PYPL,2025-10-28,-32,14.42
ACC-0042,PYPL,2025-10-31,-33,13.60
ACC-0042,PYPL,2025-11-07,-20,13.79
ACC-0042,XOM,2025-11-10,-49,271.72
ACC-0042,AAPL,2025-11-14,-45,117.27
ACC-0042,PYPL,2025-11-19,60,14.39
ACC-0042,PYPL,2025-12-10,58,14.87
ACC-0042,PYPL,2025-12-18,60,15.35
ACC-0042,PYPL,2026-01-01,60,14.38
ACC-0042,AAPL,2026-01-08,-53,131.45
ACC-0042,AAPL,2026-01-12,-60,127.96
ACC-0042,PYPL,2026-01-23,11,15.17
ACC-0042,AAPL,2026-02-04,32,127.18
ACC-0042,PYPL,2026-02-09,38,16.01
ACC-0042,AAPL,2026-02-25,18,140.76
ACC-0042,AAPL,2026-02-27,-8,138.44
ACC-0042,AAPL,2026-03-16,-31,138.40
ACC-0042,AAPL,2026-03-24,-44,140.64
ACC-0042,UNH,2026-03-26,-53,124.97
ACC-0042,AAPL,2026-04-08,24,151.07
ACC-0042,PYPL,2026-04-23,8,13.10
ACC-0042,AAPL,2026-05-15,23,148.58
ACC-0042,PYPL,2026-05-22,-25,12.24
ACC-0042,AAPL,2026-05-27,2,156.56
ACC-0042,AAPL,2026-05-28,39,155.77
ACC-0042,PYPL,2026-06-12,1,13.17
ACC-0042,AAPL,2026-06-23,-10,136.27
ACC-0042,AAPL,2026-06-25,-55,132.84
ACC-0042,PYPL,2026-06-26,21,14.18
ACC-0042,SPY,2026-06-29,-21,166.03
ACC-0042,VRT,2026-07-01,-22,96.52
ACC-0042,AAPL,2026-07-13,38,116.26
ACC-0042,AAPL,2026-07-28,24,124.81
ACC-0042,AAPL,2026-08-03,-42,131.76
ACC-0042,AAPL,2026-08-05,-15,131.04
ACC-0042,PYPL,2026-08-06,-21,15.28
ACC-0042,SNAP,2026-08-10,-48,14.87
ACC-0042,PYPL,2026-08-14,-29,15.48
ACC-0042,AAPL,2026-08-27,-42,132.64
ACC-0042,AAPL,2026-09-04,-16,140.72
ACC-0043,MU,2025-07-22,-47,157.01
ACC-0043,MU,2025-08-05,8,149.16
ACC-0043,MU,2025-09-02,-59,168.92
ACC-0043,AMD,2025-10-02,-44,30.27
ACC-0043,MU,2025-10-21,16,170.70
ACC-0043,NFLX,2025-11-04,41,204.61
ACC-0043,AMD,2025-11-18,41,29.94
ACC-0043,AMD,2025-11-20,-45,28.97
ACC-0043,AMD,2026-01-02,28,24.25
ACC-0043,AMD,2026-01-22,46,21.40
ACC-0043,NFLX,2026-01-30,51,209.59
ACC-0043,AMD,2026-02-17,-1,21.76
ACC-0043,AMD,2026-02-24,11,21.75
ACC-0043,NFLX,2026-02-25,33,223.33
ACC-0043,MU,2026-02-26,10,202.47
ACC-0043,AMD,2026-03-19,38,24.64
ACC-0043,AMD,2026-04-01,29,26.86
ACC-0043,MU,2026-04-16,-40,221.38
ACC-0043,TSLA,2026-04-23,-34,208.14
ACC-0043,AMD,2026-05-21,17,28.35
ACC-0043,AMD,2026-06-02,47,28.98
ACC-0043,AMD,2026-07-02,32,28.99
ACC-0043,AMD,2026-07-08,-55,28.23
ACC-0043,AMD,2026-07-15,40,29.21
ACC-0043,MRVL,2026-07-27,34,175.84
ACC-0043,MU,2026-08-13,18,225.27
ACC-0044,PYPL,2025-08-21,-41,13.90
ACC-0044,PYPL,2025-09-30,-45,15.10
ACC-0044,PYPL,2025-10-17,52,14.11
ACC-0044,PYPL,2025-10-27,-37,14.14
ACC-0044,VRT,2025-11-06,-12,94.65
ACC-0044,MRVL,2025-11-12,-8,154.95
ACC-0044,WMT,2025-12-24,-1,131.03
ACC-0044,VRT,2026-01-13,-59,99.45
ACC-0044,PYPL,2026-01-21,43,14.07
ACC-0044,RIVN,2026-02-18,59,409.66
ACC-0044,XOM,2026-03-10,15,257.01
ACC-0044,PYPL,2026-03-17,-16,13.63
ACC-0044,XOM,2026-06-26,-9,315.16
ACC-0044,VRT,2026-06-30,21,98.43
ACC-0044,VRT,2026-07-10,38,93.14
ACC-0044,XOM,2026-07-20,-5,324.72
ACC-0044,XOM,2026-07-27,9,336.66
ACC-0045,MU,2025-06-02,26,168.20
ACC-0045,MSTR,2025-07-07,-31,56.43
ACC-0045,CRWD,2025-08-12,-58,414.04
ACC-0045,CRWD,2025-08-26,-36,403.75
ACC-0045,SPY,2025-09-02,-58,171.01
ACC-0045,SPY,2025-09-18,-25,164.21
ACC-0045,SPY,2025-10-01,-8,172.85
ACC-0045,SPY,2025-10-08,-60,178.44
ACC-0045,SPY,2025-10-29,37,175.62
ACC-0045,SPY,2025-11-20,-51,170.22
ACC-0045,SPY,2025-12-01,10,166.94
ACC-0045,CRWD,2025-12-02,10,472.42
ACC-0045,SPY,2025-12-10,11,168.72
ACC-0045,SPY,2025-12-17,-52,168.61
ACC-0045,SPY,2025-12-19,-44,170.75
ACC-0045,SPY,2026-01-02,19,175.36
ACC-0045,SPY,2026-02-16,-37,179.34
ACC-0045,SPY,2026-02-23,-49,167.21
ACC-0045,SPY,2026-02-26,53,166.10
ACC-0045,CRWD,2026-03-04,-7,454.51
ACC-0045,CRWD,2026-03-16,-2,442.71
ACC-0045,SPY,2026-04-14,-53,152.38
ACC-0045,CRWD,2026-05-28,4,510.39
ACC-0045,CRWD,2026-06-10,15,472.23
ACC-0046,SNAP,2025-06-09,49,14.54
ACC-0046,SMCI,2025-06-11,27,138.51
ACC-0046,SMCI,2025-06-12,20,134.61
ACC-0046,XOM,2025-06-25,40,273.38
ACC-0046,SNAP,2025-07-02,1,13.81
ACC-0046,IREN,2025-07-04,51,189.48
ACC-0046,XOM,2025-07-08,-22,233.14
ACC-0046,AMD,2025-07-15,60,24.87
ACC-0046,SMCI,2025-07-18,-52,146.17
ACC-0046,XOM,2025-08-07,-26,231.08
ACC-0046,XOM,2025-09-12,-42,243.14
ACC-0046,TSM,2025-09-25,57,301.76
ACC-0046,XOM,2025-10-01,-33,257.17
ACC-0046,SHOP,2025-10-17,42,327.36
ACC-0046,XOM,2025-10-20,-44,289.35
ACC-0046,XOM,2025-10-23,-29,288.66
ACC-0046,XOM,2025-10-24,45,295.96
ACC-0046,XOM,2025-10-27,-3,293.06
ACC-0046,XOM,2025-11-03,-48,284.13
ACC-0046,SMCI,2025-11-05,-42,151.73
ACC-0046,SMCI,2025-11-20,50,146.74
ACC-0046,SMCI,2025-11-27,-3,146.30
ACC-0046,SMCI,2025-12-18,-42,158.19
ACC-0046,PLTR,2025-12-19,16,207.13
ACC-0046,SMCI,2025-12-25,36,161.72
ACC-0046,SMCI,2025-12-30,-4,160.54
ACC-0046,SMCI,2026-01-01,-21,162.06
ACC-0046,SMCI,2026-01-12,-9,168.71
ACC-0046,SMCI,2026-01-19,-37,172.45
ACC-0046,XOM,2026-01-20,3,338.33
ACC-0046,SMCI,2026-01-28,-39,187.91
ACC-0046,SMCI,2026-02-06,4,187.96
ACC-0046,MSTR,2026-02-17,-14,63.51
ACC-0046,RIVN,2026-02-20,5,394.57
ACC-0046,SMCI,2026-03-05,19,201.76
ACC-0046,XOM,2026-03-06,-8,255.21
ACC-0046,XOM,2026-03-10,-49,259.20
ACC-0046,SMCI,2026-03-11,46,192.57
ACC-0046,SMCI,2026-03-16,-29,196.66
ACC-0046,SMCI,2026-03-17,-19,198.64
ACC-0046,SMCI,2026-03-20,12,189.87
ACC-0046,SMCI,2026-03-26,24,186.70
ACC-0046,SMCI,2026-04-03,49,181.55
ACC-0046,PYPL,2026-04-07,-43,12.39
ACC-0046,SMCI,2026-05-05,1,168.46
ACC-0046,UBER,2026-05-14,8,232.75
ACC-0046,SMCI,2026-05-19,-60,167.05
ACC-0046,SMCI,2026-05-21,40,162.30
ACC-0046,SMCI,2026-06-12,37,151.65
ACC-0046,SMCI,2026-06-17,-12,163.94
ACC-0046,XOM,2026-06-29,-28,321.91
ACC-0046,PLTR,2026-07-17,-10,194.79
ACC-0046,XOM,2026-07-21,41,327.80
ACC-0046,XOM,2026-07-27,5,338.25
ACC-0046,SMCI,2026-07-28,-23,159.36
ACC-0046,XOM,2026-07-30,16,340.37
ACC-0046,XOM,2026-08-05,45,334.36
ACC-0046,QQQ,2026-08-06,53,199.77
ACC-0046,XOM,2026-08-10,31,324.55
ACC-0046,SMCI,2026-08-25,19,152.27
ACC-0046,XOM,2026-08-28,-59,336.67
ACC-0046,XOM,2026-09-01,30,322.33
ACC-0047,WMT,2025-06-02,-33,123.54
ACC-0047,WMT,2025-06-03,-5,122.14
ACC-0047,CRWD,2025-06-20,38,365.58
ACC-0047,WMT,2025-06-26,-11,134.70
ACC-0047,CRWD,2025-07-08,29,392.17
ACC-0047,WMT,2025-09-26,37,149.66
ACC-0047,WMT,2025-10-23,-4,137.49
ACC-0047,WMT,2025-11-07,-11,143.17
ACC-0047,CRWD,2025-11-25,56,443.01
ACC-0047,CRWD,2025-12-15,-46,477.11
ACC-0047,WMT,2026-01-16,-32,139.78
ACC-0047,WMT,2026-01-20,-17,138.82
ACC-0047,CRWD,2026-01-30,-49,480.57
ACC-0047,WMT,2026-02-09,-7,139.36
ACC-0047,CRWD,2026-02-19,-30,464.51
ACC-0047,WMT,2026-03-02,-31,129.26
ACC-0047,CRWD,2026-03-16,-10,443.47
ACC-0047,IREN,2026-03-20,-23,287.61
ACC-0047,CRWD,2026-04-07,22,449.55
ACC-0047,WMT,2026-05-21,33,126.28
ACC-0047,XOM,2026-06-04,12,272.21
ACC-0047,CRWD,2026-06-24,51,519.23
ACC-0047,CRWD,2026-07-08,-58,540.15
ACC-0047,SNAP,2026-08-07,-5,15.00
ACC-0047,WMT,2026-08-24,-8,132.89
ACC-0047,ARM,2026-09-04,51,223.44
ACC-0048,NFLX,2025-06-03,39,234.39
ACC-0048,MRVL,2025-06-05,-58,196.23
ACC-0048,MRVL,2025-07-30,-25,166.68
ACC-0048,NFLX,2025-08-26,45,193.34
ACC-0048,NFLX,2025-09-12,-17,206.84
ACC-0048,NFLX,2025-09-23,37,201.72
ACC-0048,NFLX,2025-09-24,8,197.57
ACC-0048,NFLX,2025-09-30,-39,199.44
ACC-0048,SOFI,2025-10-22,-22,35.86
ACC-0048,XOM,2025-11-25,33,299.97
ACC-0048,MRVL,2025-12-10,-28,174.41
ACC-0048,MRVL,2026-01-13,36,158.81
ACC-0048,NFLX,2026-01-21,32,215.27
ACC-0048,MRVL,2026-01-26,-35,146.20
ACC-0048,NFLX,2026-03-12,20,205.98
ACC-0048,NFLX,2026-03-20,16,208.28
ACC-0048,NFLX,2026-04-13,11,220.26
ACC-0048,MRVL,2026-05-12,-32,186.10
ACC-0048,MRVL,2026-07-07,59,169.90
ACC-0049,XOM,2025-06-03,-37,291.92
ACC-0049,XOM,2025-06-09,27,300.51
ACC-0049,HOOD,2025-06-23,-55,159.15
ACC-0049,HOOD,2025-06-30,-14,162.03
ACC-0049,RIVN,2025-07-08,59,404.08
ACC-0049,XOM,2025-07-15,13,226.08
ACC-0049,HOOD,2025-07-17,19,163.00
ACC-0049,RIVN,2025-07-25,-10,393.93
ACC-0049,RIVN,2025-08-04,42,390.17
ACC-0049,HOOD,2025-08-07,-53,162.26
ACC-0049,HOOD,2025-08-14,-6,165.71
ACC-0049,XOM,2025-08-26,-40,242.82
ACC-0049,HOOD,2025-09-02,-21,156.91
ACC-0049,HOOD,2025-09-17,29,173.11
ACC-0049,XOM,2025-09-18,6,254.67
ACC-0049,XOM,2025-09-22,59,249.26
ACC-0049,HOOD,2025-10-03,-46,170.23
ACC-0049,PYPL,2025-10-22,41,13.52
ACC-0049,AAPL,2025-11-03,22,118.97
ACC-0049,XOM,2025-11-04,19,286.44
ACC-0049,RIVN,2025-11-18,-19,399.76
ACC-0049,HOOD,2025-11-25,-34,162.27
ACC-0049,HOOD,2025-12-10,-50,151.61
ACC-0049,RIVN,2025-12-12,-32,398.15
ACC-0049,HOOD,2025-12-18,-43,155.15
ACC-0049,XOM,2025-12-26,59,301.64
ACC-0049,HOOD,2026-01-06,46,144.39
ACC-0049,HOOD,2026-01-09,7,146.77
ACC-0049,NFLX,2026-01-19,6,214.63
ACC-0049,RIVN,2026-01-20,15,401.85
ACC-0049,HOOD,2026-02-03,-46,160.91
ACC-0049,XOM,2026-02-19,40,273.28
ACC-0049,HOOD,2026-03-20,34,176.59
ACC-0049,RIVN,2026-03-24,-12,471.32
ACC-0049,RIVN,2026-05-25,-44,428.56
ACC-0049,XOM,2026-06-23,14,300.33
ACC-0049,UNH,2026-06-24,54,112.66
ACC-0050,SMCI,2025-06-02,-14,134.19
ACC-0050,SMCI,2025-06-03,38,131.71
ACC-0050,AMD,2025-06-04,50,22.88
ACC-0050,SMCI,2025-06-13,-8,131.80
ACC-0050,SMCI,2025-06-19,-46,133.82
ACC-0050,SMCI,2025-06-24,17,134.11
ACC-0050,AMD,2025-07-02,30,25.93
ACC-0050,AMD,2025-07-10,-32,24.46
ACC-0050,AMD,2025-07-18,-14,25.11
ACC-0050,SMCI,2025-07-31,-7,152.39
ACC-0050,AMD,2025-08-04,-17,24.40
ACC-0050,SMCI,2025-08-07,28,163.08
ACC-0050,SMCI,2025-08-19,8,162.03
ACC-0050,SMCI,2025-08-21,11,164.66
ACC-0050,SOFI,2025-08-29,3,39.22
ACC-0050,PLTR,2025-09-12,-56,186.51
ACC-0050,SMCI,2025-10-06,-53,160.57
ACC-0050,UNH,2025-10-14,49,87.72
ACC-0050,SMCI,2025-10-15,48,150.97
ACC-0050,SMCI,2025-11-05,40,150.69
ACC-0050,SMCI,2025-11-11,-21,146.35
ACC-0050,SOXL,2025-11-12,-49,210.46
ACC-0050,AMD,2025-11-20,7,28.95
ACC-0050,AMD,2025-12-08,2,28.06
ACC-0050,UBER,2025-12-09,-38,207.71
ACC-0050,AMD,2025-12-17,-19,26.10
ACC-0050,SMCI,2025-12-24,-34,157.22
ACC-0050,SMCI,2026-01-01,36,162.49
ACC-0050,AMD,2026-01-08,39,21.84
ACC-0050,SMCI,2026-01-12,-31,169.37
ACC-0050,UBER,2026-01-19,32,236.84
ACC-0050,AMD,2026-01-28,48,21.38
ACC-0050,SMCI,2026-02-02,-53,192.71
ACC-0050,SMCI,2026-02-06,8,187.18
ACC-0050,AMD,2026-02-12,13,20.64
ACC-0050,SMCI,2026-03-05,-5,200.01
ACC-0050,SMCI,2026-03-06,53,194.77
ACC-0050,SMCI,2026-03-13,-33,195.93
ACC-0050,SMCI,2026-03-19,-16,192.06
ACC-0050,SHOP,2026-03-24,-32,363.07
ACC-0050,AMD,2026-03-26,-52,25.86
ACC-0050,HOOD,2026-03-27,52,170.56
ACC-0050,AMD,2026-04-13,33,27.98
ACC-0050,SMCI,2026-04-14,1,176.46
ACC-0050,SOXL,2026-04-17,-43,215.84
ACC-0050,SMCI,2026-04-23,51,176.72
ACC-0050,SMCI,2026-04-28,-4,175.71
ACC-0050,SMCI,2026-05-13,51,171.54
ACC-0050,SOFI,2026-05-18,55,18.79
ACC-0051,AVGO,2025-06-03,-49,271.01
ACC-0051,GOOGL,2025-06-19,57,169.54
ACC-0051,GOOGL,2025-06-23,-5,168.06
ACC-0051,MSFT,2025-07-07,-43,206.12
ACC-0051,SMCI,2025-07-18,-55,145.93
ACC-0051,AVGO,2025-07-21,-41,225.34
ACC-0051,MSFT,2025-07-25,55,205.33
ACC-0051,MSFT,2025-08-11,-3,219.89
ACC-0051,MSFT,2025-08-12,49,220.28
ACC-0051,CRWD,2025-08-15,13,406.72
ACC-0051,MSFT,2025-08-20,-51,212.67
ACC-0051,GOOGL,2025-08-21,15,144.79
ACC-0051,MSFT,2025-09-02,-34,213.36
ACC-0051,UBER,2025-09-12,40,197.69
ACC-0051,AVGO,2025-09-22,47,280.44
ACC-0051,AVGO,2025-09-30,-46,279.00
ACC-0051,AVGO,2025-10-02,60,289.64
ACC-0051,AVGO,2025-10-06,47,299.89
ACC-0051,GOOGL,2025-10-09,1,132.11
ACC-0051,GOOGL,2025-10-10,-38,133.78
ACC-0051,AVGO,2025-10-22,-40,278.36
ACC-0051,MSFT,2025-11-10,-59,255.54
ACC-0051,GOOGL,2025-11-19,-38,127.13
ACC-0051,MSFT,2025-11-25,-18,256.51
ACC-0051,AVGO,2025-11-27,-39,337.10
ACC-0051,AVGO,2025-12-01,50,340.28
ACC-0051,MSFT,2025-12-09,-19,247.38
ACC-0051,GOOGL,2025-12-23,46,117.74
ACC-0051,MSFT,2025-12-29,-14,252.41
ACC-0051,MSTR,2026-01-20,8,57.32
ACC-0051,HOOD,2026-01-23,31,155.88
ACC-0051,AVGO,2026-01-30,-25,279.44
ACC-0051,MSFT,2026-02-03,28,255.78
ACC-0051,AVGO,2026-02-05,-15,257.53
ACC-0051,MSFT,2026-02-09,-11,242.62
ACC-0051,AVGO,2026-02-10,-37,263.70
ACC-0051,GOOGL,2026-02-25,-30,135.28
ACC-0051,MSFT,2026-02-26,36,262.26
ACC-0051,NVDA,2026-03-06,44,344.31
ACC-0051,AVGO,2026-03-17,5,219.88
ACC-0051,MSFT,2026-03-31,-30,220.40
ACC-0051,GOOGL,2026-04-06,5,122.00
ACC-0051,GOOGL,2026-04-14,-43,126.24
ACC-0051,AVGO,2026-04-17,-7,210.57
ACC-0051,AVGO,2026-04-20,29,208.97
ACC-0051,AAPL,2026-04-27,9,147.68
ACC-0051,GOOGL,2026-05-01,-28,120.05
ACC-0051,GOOGL,2026-05-04,-22,121.65
ACC-0051,MSFT,2026-05-13,-28,281.58
ACC-0051,GOOGL,2026-05-20,-13,124.32
ACC-0051,AVGO,2026-05-22,51,181.72
ACC-0051,AVGO,2026-05-28,14,182.46
ACC-0051,AVGO,2026-06-15,34,172.85
ACC-0051,MSFT,2026-06-17,-12,265.24
ACC-0051,MSFT,2026-06-23,-35,251.50
ACC-0051,GOOGL,2026-06-24,38,129.49
ACC-0051,HOOD,2026-06-25,15,170.48
ACC-0051,AVGO,2026-07-07,-27,204.67
ACC-0051,GOOGL,2026-07-16,-41,128.55
ACC-0051,PYPL,2026-08-05,23,15.19
ACC-0051,AVGO,2026-08-10,10,202.14
ACC-0051,AVGO,2026-08-25,56,212.30
ACC-0051,AVGO,2026-08-26,-21,208.81
ACC-0051,AVGO,2026-09-02,59,212.86
ACC-0052,WMT,2025-06-26,24,135.13
ACC-0052,MRVL,2025-07-03,-57,187.17
ACC-0052,VRT,2025-07-28,-55,116.46
ACC-0052,WMT,2025-08-18,31,158.01
ACC-0052,WMT,2025-08-22,49,169.31
ACC-0052,CRWD,2025-08-25,7,410.85
ACC-0052,PLTR,2025-08-26,-24,194.52
ACC-0052,TSLA,2025-08-27,47,179.03
ACC-0052,TSLA,2025-09-22,48,193.46
ACC-0052,UBER,2025-09-29,18,187.95
ACC-0052,WMT,2025-10-22,32,132.85
ACC-0052,NVDA,2025-11-07,-46,270.14
ACC-0052,TSLA,2025-12-12,42,236.65
ACC-0052,WMT,2025-12-16,12,131.83
ACC-0052,TSLA,2025-12-23,-22,242.68
ACC-0052,TSLA,2025-12-30,41,246.10
ACC-0052,WMT,2026-02-17,59,143.80
ACC-0052,WMT,2026-03-05,1,134.70
ACC-0052,ARM,2026-03-09,29,182.20
ACC-0052,CRWD,2026-03-17,12,437.03
ACC-0052,TSLA,2026-04-08,-34,205.55
ACC-0052,PYPL,2026-04-17,-31,13.09
ACC-0052,CRWD,2026-05-01,36,471.83
ACC-0052,TSLA,2026-05-28,35,221.48
ACC-0052,CRWD,2026-06-08,-10,475.95
ACC-0052,CRWD,2026-06-25,8,519.20
ACC-0052,WMT,2026-07-03,-4,141.08
ACC-0052,AAPL,2026-07-21,-23,126.09
ACC-0053,NFLX,2025-07-10,-57,243.20
ACC-0053,NFLX,2025-08-19,7,190.14
ACC-0053,BA,2025-08-25,7,324.59
ACC-0053,BA,2025-08-26,4,328.90
ACC-0053,BA,2025-09-04,3,340.22
ACC-0053,NFLX,2025-09-19,46,191.32
ACC-0053,BA,2025-10-07,-7,342.15
ACC-0053,NFLX,2025-10-08,35,204.69
ACC-0053,BA,2025-10-27,57,321.66
ACC-0053,NFLX,2025-10-28,-31,221.23
ACC-0053,BA,2025-11-10,-53,347.05
ACC-0053,NFLX,2025-12-01,10,207.07
ACC-0053,SOFI,2025-12-11,-56,22.92
ACC-0053,NFLX,2026-01-22,49,219.67
ACC-0053,BA,2026-01-27,-52,368.25
ACC-0053,NFLX,2026-02-20,44,216.02
ACC-0053,BA,2026-02-26,11,469.28
ACC-0053,NFLX,2026-02-27,-44,211.10
ACC-0053,NFLX,2026-03-09,-44,207.91
ACC-0053,BA,2026-03-26,39,480.69
ACC-0053,NFLX,2026-03-31,-43,208.80
ACC-0053,BA,2026-04-07,-39,458.86
ACC-0053,NFLX,2026-05-25,23,213.77
ACC-0053,AMZN,2026-06-15,-2,156.95
ACC-0053,BA,2026-06-24,51,553.15
ACC-0053,NFLX,2026-06-26,24,211.62
ACC-0053,NFLX,2026-07-17,19,189.38
ACC-0053,NFLX,2026-07-23,-58,187.89
ACC-0053,BA,2026-08-06,32,489.37
ACC-0053,NFLX,2026-08-26,59,205.05
ACC-0054,INTC,2025-06-10,-21,205.38
ACC-0054,AVGO,2025-06-16,-17,264.58
ACC-0054,INTC,2025-07-02,6,186.54
ACC-0054,CRWD,2025-07-21,9,372.40
ACC-0054,AVGO,2025-07-22,-37,226.27
ACC-0054,AVGO,2025-09-09,-37,250.72
ACC-0054,AVGO,2025-09-30,-3,279.51
ACC-0054,META,2025-12-01,-13,368.39
ACC-0054,AVGO,2025-12-03,4,349.03
ACC-0054,INTC,2026-01-23,-49,230.92
ACC-0054,AVGO,2026-01-27,-37,283.77
ACC-0054,INTC,2026-03-23,7,245.45
ACC-0054,INTC,2026-07-01,17,225.05
ACC-0054,AVGO,2026-08-19,-17,210.13
ACC-0055,BA,2025-06-03,-20,380.80
ACC-0055,BA,2025-06-04,20,367.20
ACC-0055,SMCI,2025-06-06,28,142.87
ACC-0055,INTC,2025-06-16,41,206.66
ACC-0055,SMCI,2025-06-17,55,129.81
ACC-0055,SMCI,2025-06-24,1,133.48
ACC-0055,SMCI,2025-06-25,-59,135.29
ACC-0055,BA,2025-07-01,-52,346.92
ACC-0055,BA,2025-07-02,13,353.51
ACC-0055,BA,2025-07-11,28,311.34
ACC-0055,SMCI,2025-07-18,-13,145.52
ACC-0055,SMCI,2025-07-25,53,149.36
ACC-0055,SMCI,2025-07-31,51,151.10
ACC-0055,AAPL,2025-08-01,-8,125.06
ACC-0055,META,2025-08-12,1,417.14
ACC-0055,SMCI,2025-08-21,-6,165.99
ACC-0055,BA,2025-08-22,31,323.69
ACC-0055,SMCI,2025-08-26,13,172.02
ACC-0055,BA,2025-08-28,-50,334.45
ACC-0055,SMCI,2025-08-29,-41,182.31
ACC-0055,MSFT,2025-09-04,7,211.41
ACC-0055,SMCI,2025-09-10,50,179.27
ACC-0055,BA,2025-09-23,12,356.72
ACC-0055,BA,2025-09-24,-57,365.33
ACC-0055,SMCI,2025-09-26,8,174.35
ACC-0055,SMCI,2025-10-15,-32,150.40
ACC-0055,BA,2025-11-24,34,304.45
ACC-0055,SMCI,2025-11-26,-8,146.68
ACC-0055,BA,2025-11-28,24,285.00
ACC-0055,BA,2025-12-01,17,288.55
ACC-0055,SMCI,2025-12-10,-21,161.23
ACC-0055,IREN,2025-12-11,5,232.99
ACC-0055,BA,2026-01-06,-44,352.06
ACC-0055,SMCI,2026-01-12,48,168.75
ACC-0055,BA,2026-01-20,-33,352.82
ACC-0055,BA,2026-01-27,50,366.00
ACC-0055,BA,2026-02-04,-54,417.11
ACC-0055,SMCI,2026-02-19,-26,181.05
ACC-0055,SMCI,2026-03-13,-55,195.61
ACC-0055,BA,2026-04-24,-45,434.19
ACC-0055,MSFT,2026-04-29,45,263.10
ACC-0055,SMCI,2026-04-30,27,172.50
ACC-0055,BA,2026-05-07,-15,462.94
ACC-0055,SMCI,2026-05-14,-50,171.72
ACC-0055,BA,2026-05-15,15,468.89
ACC-0055,BA,2026-05-18,-20,479.34
ACC-0055,SMCI,2026-05-22,34,157.58
ACC-0055,INTC,2026-05-27,54,285.10
ACC-0055,BA,2026-05-29,23,511.90
ACC-0055,SMCI,2026-06-02,-40,160.23
ACC-0055,BA,2026-06-17,-20,543.45
ACC-0055,BA,2026-06-23,54,550.10
ACC-0055,SMCI,2026-07-01,9,145.38
ACC-0055,SMCI,2026-07-07,17,152.64
ACC-0055,BA,2026-07-14,53,527.89
ACC-0055,BA,2026-07-20,-41,520.58
ACC-0055,BA,2026-07-31,39,482.06
ACC-0055,SMCI,2026-08-19,9,145.25
ACC-0055,BA,2026-08-21,42,494.26
ACC-0055,QQQ,2026-08-28,-15,198.88
ACC-0055,SMCI,2026-09-01,41,142.13
ACC-0056,META,2025-06-02,-54,338.60
ACC-0056,META,2025-06-06,43,345.01
ACC-0056,META,2025-06-11,-57,341.44
ACC-0056,PLTR,2025-06-12,-22,182.16
ACC-0056,META,2025-06-16,-21,359.09
ACC-0056,META,2025-06-17,28,359.65
ACC-0056,META,2025-06-20,21,373.70
ACC-0056,INTC,2025-06-25,-28,185.58
ACC-0056,META,2025-07-07,21,406.31
ACC-0056,INTC,2025-07-14,1,179.06
ACC-0056,META,2025-07-15,-27,400.05
ACC-0056,META,2025-07-23,47,398.70
ACC-0056,INTC,2025-07-29,11,176.18
ACC-0056,INTC,2025-08-12,9,179.91
ACC-0056,INTC,2025-08-14,-38,182.76
ACC-0056,AMD,2025-08-19,-13,23.52
ACC-0056,META,2025-08-26,55,401.94
ACC-0056,INTC,2025-08-28,-54,211.01
ACC-0056,META,2025-09-03,19,389.18
ACC-0056,META,2025-09-04,-40,402.26
ACC-0056,META,2025-09-24,-12,382.04
ACC-0056,INTC,2025-09-26,55,205.53
ACC-0056,META,2025-10-06,8,361.25
ACC-0056,SPY,2025-10-09,-2,176.11
ACC-0056,INTC,2025-10-15,-54,217.83
ACC-0056,META,2025-10-31,33,370.83
ACC-0056,INTC,2025-11-03,58,226.71
ACC-0056,META,2025-11-10,-51,362.88
ACC-0056,META,2025-11-14,59,348.30
ACC-0056,INTC,2025-11-17,-14,236.72
ACC-0056,INTC,2025-11-24,59,245.13
ACC-0056,META,2025-12-08,52,382.66
ACC-0056,META,2025-12-09,-25,383.59
ACC-0056,INTC,2025-12-10,55,235.44
ACC-0056,INTC,2025-12-17,-29,249.97
ACC-0056,INTC,2025-12-18,-29,237.75
ACC-0056,INTC,2025-12-26,-13,232.37
ACC-0056,INTC,2026-01-08,-60,238.06
ACC-0056,META,2026-01-09,-23,472.47
ACC-0056,INTC,2026-01-12,35,244.19
ACC-0056,BA,2026-01-13,38,344.53
ACC-0056,INTC,2026-01-15,-32,246.18
ACC-0056,BA,2026-01-21,-23,360.11
ACC-0056,META,2026-01-26,48,451.75
ACC-0056,META,2026-01-27,23,446.63
ACC-0056,INTC,2026-01-28,-32,237.01
ACC-0056,DIS,2026-02-03,-40,184.30
ACC-0056,INTC,2026-02-24,30,216.82
ACC-0056,INTC,2026-03-09,-48,251.22
ACC-0056,INTC,2026-03-10,-58,242.07
ACC-0056,META,2026-03-11,-1,533.94
ACC-0056,INTC,2026-03-12,-47,233.34
ACC-0056,INTC,2026-03-13,-37,233.38
ACC-0056,INTC,2026-03-23,19,245.62
ACC-0056,META,2026-03-27,-28,607.83
ACC-0056,META,2026-03-30,45,570.16
ACC-0056,INTC,2026-03-31,52,274.34
ACC-0056,INTC,2026-04-01,2,271.75
ACC-0056,META,2026-04-07,1,533.03
ACC-0056,INTC,2026-04-13,-18,293.90
ACC-0056,META,2026-04-23,-18,519.42
ACC-0056,INTC,2026-04-24,24,320.82
ACC-0056,INTC,2026-04-28,39,309.53
ACC-0056,INTC,2026-04-30,-41,299.91
ACC-0056,META,2026-05-06,-27,523.03
ACC-0056,INTC,2026-05-20,18,283.66
ACC-0056,META,2026-05-21,40,527.49
ACC-0056,META,2026-05-25,-36,520.29
ACC-0056,TSLA,2026-05-26,1,229.88
ACC-0056,META,2026-05-28,34,522.53
ACC-0056,INTC,2026-06-03,-3,276.37
ACC-0056,INTC,2026-06-12,50,252.80
ACC-0056,AVGO,2026-06-15,-10,173.13
ACC-0056,AMD,2026-06-17,-27,31.05
ACC-0056,META,2026-06-26,-5,465.59
ACC-0056,META,2026-06-30,-48,475.54
ACC-0056,INTC,2026-07-01,27,223.67
ACC-0056,META,2026-07-08,16,514.44
ACC-0056,META,2026-07-17,-38,491.96
ACC-0056,META,2026-07-28,54,501.40
ACC-0056,INTC,2026-08-04,16,242.09
ACC-0056,INTC,2026-08-11,-42,231.75
ACC-0056,META,2026-08-12,-20,511.23
ACC-0056,META,2026-08-19,-43,541.37
ACC-0056,INTC,2026-08-20,19,241.40
ACC-0056,INTC,2026-08-24,28,234.19
ACC-0056,META,2026-08-27,-6,528.41
ACC-0056,META,2026-09-01,14,510.12
ACC-0057,META,2025-06-02,-5,338.02
ACC-0057,META,2025-06-13,52,353.41
ACC-0057,META,2025-06-17,-27,361.22
ACC-0057,META,2025-06-19,3,373.14
ACC-0057,GOOGL,2025-06-25,-17,168.62
ACC-0057,META,2025-07-09,-60,412.84
ACC-0057,META,2025-07-14,6,406.92
ACC-0057,META,2025-08-04,-48,395.59
ACC-0057,PLTR,2025-08-06,3,185.91
ACC-0057,CRWD,2025-08-07,22,400.57
ACC-0057,CRWD,2025-09-08,14,390.77
ACC-0057,META,2025-09-11,50,395.34
ACC-0057,META,2025-09-24,58,382.78
ACC-0057,META,2025-09-26,-35,366.17
ACC-0057,CRWD,2025-10-10,13,386.30
ACC-0057,META,2025-10-16,41,364.71
ACC-0057,META,2025-10-24,4,372.70
ACC-0057,CRWD,2025-10-29,-33,400.11
ACC-0057,CRWD,2025-10-30,31,403.86
ACC-0057,RIVN,2025-11-03,24,395.85
ACC-0057,CRWD,2025-11-05,-43,393.07
ACC-0057,META,2025-11-19,49,355.56
ACC-0057,CRWD,2025-11-24,-14,428.98
ACC-0057,RIVN,2025-12-05,-23,418.95
ACC-0057,CRWD,2026-01-06,-59,516.79
ACC-0057,META,2026-01-14,3,503.14
ACC-0057,META,2026-02-02,11,500.20
ACC-0057,META,2026-02-10,21,521.46
ACC-0057,META,2026-03-09,48,530.27
ACC-0057,TSM,2026-03-11,-2,276.70
ACC-0057,MU,2026-03-13,10,195.48
ACC-0057,CRWD,2026-03-16,-12,444.29
ACC-0057,CRWD,2026-03-27,-28,475.41
ACC-0057,CRWD,2026-03-31,-47,471.13
ACC-0057,CRWD,2026-04-10,13,468.09
ACC-0057,META,2026-04-21,45,511.83
ACC-0057,META,2026-04-23,59,523.30
ACC-0057,META,2026-05-06,58,524.62
ACC-0058,NFLX,2025-06-02,-11,232.95
ACC-0058,SNAP,2025-06-09,-45,14.49
ACC-0058,SNAP,2025-06-10,-44,15.28
ACC-0058,NFLX,2025-06-16,48,234.57
ACC-0058,NFLX,2025-07-15,-1,239.74
ACC-0058,AVGO,2025-07-17,19,216.03
ACC-0058,BA,2025-08-04,-21,330.20
ACC-0058,BA,2025-08-05,-40,317.66
ACC-0058,BA,2025-08-07,39,316.70
ACC-0058,NFLX,2025-08-13,8,201.56
ACC-0058,NFLX,2025-08-22,-33,200.84
ACC-0058,NFLX,2025-09-03,-14,201.81
ACC-0058,BA,2025-09-10,-39,357.90
ACC-0058,BA,2025-09-16,-24,356.90
ACC-0058,SNAP,2025-09-19,-44,15.93
ACC-0058,TSLA,2025-10-01,-3,201.91
ACC-0058,SNAP,2025-10-08,22,15.01
ACC-0058,SNAP,2025-10-17,-58,14.82
ACC-0058,BA,2025-10-31,33,334.34
ACC-0058,BA,2025-11-18,24,313.23
ACC-0058,NFLX,2025-11-19,45,199.59
ACC-0058,NFLX,2025-11-20,53,206.02
ACC-0058,NFLX,2025-12-08,-12,203.16
ACC-0058,BA,2025-12-10,50,294.60
ACC-0058,BA,2025-12-23,-12,332.83
ACC-0058,BA,2025-12-31,51,362.28
ACC-0058,SNAP,2026-01-07,23,19.79
ACC-0058,NFLX,2026-01-14,38,214.26
ACC-0058,NFLX,2026-02-12,45,210.42
ACC-0058,NFLX,2026-02-26,46,213.81
ACC-0058,BA,2026-03-06,58,461.63
ACC-0058,BA,2026-03-12,14,457.72
ACC-0058,MRVL,2026-03-19,-33,179.86
ACC-0058,BA,2026-03-23,-46,474.82
ACC-0058,SNAP,2026-03-31,38,18.23
ACC-0058,NFLX,2026-04-20,46,214.33
ACC-0058,SPY,2026-05-13,43,146.27
ACC-0058,BA,2026-05-26,36,477.20
ACC-0058,BA,2026-05-28,-58,506.98
ACC-0058,SNAP,2026-06-09,-25,13.67
ACC-0058,BA,2026-06-24,-57,555.76
ACC-0058,NFLX,2026-07-10,-55,200.36
ACC-0058,SNAP,2026-07-28,-32,15.47
ACC-0058,NFLX,2026-08-10,-43,198.66
ACC-0058,NFLX,2026-08-11,-9,205.84
ACC-0058,SNAP,2026-09-02,14,15.30
ACC-0059,AAPL,2025-06-27,27,127.43
ACC-0059,IREN,2025-07-01,-27,181.38
ACC-0059,IREN,2025-07-04,-31,190.17
ACC-0059,AAPL,2025-08-01,27,124.50
ACC-0059,SPY,2025-08-04,-58,150.67
ACC-0059,IREN,2025-08-06,31,206.21
ACC-0059,IREN,2025-08-18,23,200.24
ACC-0059,AAPL,2025-09-15,38,105.84
ACC-0059,IREN,2025-10-01,56,226.85
ACC-0059,IREN,2025-10-02,30,224.80
ACC-0059,AAPL,2025-10-08,56,111.33
ACC-0059,AMZN,2025-10-09,-31,109.52
ACC-0059,SHOP,2025-10-13,13,321.73
ACC-0059,AAPL,2025-10-24,21,120.24
ACC-0059,AAPL,2025-10-29,-37,119.30
ACC-0059,AAPL,2025-11-14,-39,117.36
ACC-0059,IREN,2025-11-19,-54,227.63
ACC-0059,IREN,2025-11-25,30,231.27
ACC-0059,AAPL,2025-11-27,-34,126.44
ACC-0059,AAPL,2025-12-12,-41,135.68
ACC-0059,AAPL,2025-12-30,-56,140.59
ACC-0059,AAPL,2026-01-05,9,137.35
ACC-0059,UNH,2026-01-07,-43,107.30
ACC-0059,AAPL,2026-01-08,6,131.07
ACC-0059,IREN,2026-01-15,-24,237.66
ACC-0059,IREN,2026-01-19,-48,248.96
ACC-0059,HOOD,2026-01-21,-54,166.92
ACC-0059,IREN,2026-01-26,-12,257.16
ACC-0059,SMCI,2026-01-29,-10,187.41
ACC-0059,AAPL,2026-02-04,-12,127.07
ACC-0059,IREN,2026-02-12,-35,259.67
ACC-0059,IREN,2026-03-03,-3,245.20
ACC-0059,IREN,2026-03-09,9,249.88
ACC-0059,AVGO,2026-03-17,20,218.40
ACC-0059,IREN,2026-03-23,-8,296.08
ACC-0059,AAPL,2026-03-24,-51,141.06
ACC-0059,XOM,2026-03-25,-25,227.47
ACC-0059,AAPL,2026-03-27,-6,140.65
ACC-0059,IREN,2026-04-21,54,305.94
ACC-0059,CRWD,2026-04-23,-51,454.00
ACC-0059,AAPL,2026-05-08,50,159.07
ACC-0059,IREN,2026-05-14,-9,334.79
ACC-0059,IREN,2026-05-20,18,316.07
ACC-0059,AAPL,2026-05-22,26,152.74
ACC-0059,AAPL,2026-05-27,44,156.59
ACC-0059,IREN,2026-06-03,13,317.41
ACC-0059,AAPL,2026-06-12,-20,150.64
ACC-0059,AAPL,2026-06-24,46,135.83
ACC-0059,AAPL,2026-06-25,-15,132.23
ACC-0059,IREN,2026-06-26,-44,291.77
ACC-0059,IREN,2026-07-13,-29,302.27
ACC-0059,IREN,2026-07-16,49,295.53
ACC-0059,AAPL,2026-07-27,-36,124.89
ACC-0059,IREN,2026-07-30,-37,294.35
ACC-0059,IREN,2026-08-13,22,308.00
ACC-0059,IREN,2026-08-17,-34,303.36
ACC-0059,IREN,2026-08-20,-16,305.80
ACC-0059,AAPL,2026-09-04,23,139.98
ACC-0060,NFLX,2025-06-09,-24,226.29
ACC-0060,AMD,2025-06-18,-25,23.67
ACC-0060,MSTR,2025-07-16,-32,56.10
ACC-0060,NFLX,2025-07-24,21,237.23
ACC-0060,WMT,2025-07-30,7,145.99
ACC-0060,WMT,2025-08-28,-25,167.50
ACC-0060,WMT,2025-09-17,-25,149.10
ACC-0060,NFLX,2025-11-18,-42,195.14
ACC-0060,MSTR,2025-12-23,-55,56.28
ACC-0060,WMT,2026-02-23,7,140.04
ACC-0060,NFLX,2026-02-27,-11,209.95
ACC-0060,WMT,2026-03-23,-5,117.18
ACC-0060,NFLX,2026-04-03,32,211.79
ACC-0060,MSTR,2026-04-07,-59,66.55
ACC-0060,WMT,2026-05-04,5,121.33
ACC-0060,NFLX,2026-05-26,34,209.58
ACC-0061,DIS,2025-06-03,-1,279.84
ACC-0061,META,2025-07-01,-54,407.29
ACC-0061,CRWD,2025-07-11,12,388.31
ACC-0061,META,2025-07-21,17,405.20
ACC-0061,CRWD,2025-09-16,-56,370.77
ACC-0061,META,2025-09-25,-36,368.21
ACC-0061,META,2025-10-01,9,344.47
ACC-0061,META,2025-10-28,7,362.42
ACC-0061,NFLX,2025-11-04,-48,204.98
ACC-0061,CRWD,2025-12-03,31,484.13
ACC-0061,NFLX,2025-12-04,15,208.66
ACC-0061,NFLX,2026-01-22,31,219.33
ACC-0061,META,2026-01-27,54,445.14
ACC-0061,META,2026-01-29,-55,475.53
ACC-0061,NFLX,2026-02-03,-17,213.74
ACC-0061,CRWD,2026-02-20,29,467.15
ACC-0061,NFLX,2026-02-25,33,222.50
ACC-0061,CRWD,2026-03-04,11,456.23
ACC-0061,META,2026-03-11,12,532.00
ACC-0061,META,2026-03-12,30,537.80
ACC-0061,NFLX,2026-04-09,30,218.86
ACC-0061,META,2026-04-15,-19,515.36
ACC-0061,META,2026-05-11,-26,515.60
ACC-0061,CRWD,2026-05-21,35,481.29
ACC-0061,META,2026-05-22,-19,524.48
ACC-0061,NFLX,2026-05-25,-37,214.74
ACC-0061,PLTR,2026-05-28,-8,199.69
ACC-0061,NFLX,2026-06-19,42,199.93
ACC-0061,NFLX,2026-06-23,40,201.65
ACC-0061,META,2026-06-25,8,459.70
ACC-0061,CRWD,2026-07-07,-20,556.22
ACC-0061,META,2026-07-08,-59,514.34
ACC-0062,MSTR,2025-06-13,13,54.41
ACC-0062,NFLX,2025-06-17,41,228.99
ACC-0062,META,2025-06-19,18,370.35
ACC-0062,NFLX,2025-07-01,-22,241.84
ACC-0062,MU,2025-07-07,-58,157.41
ACC-0062,NFLX,2025-07-09,-43,243.70
ACC-0062,NFLX,2025-07-28,-35,238.70
ACC-0062,AMZN,2025-07-30,-35,90.26
ACC-0062,NFLX,2025-08-08,-32,200.76
ACC-0062,NFLX,2025-08-15,-31,196.64
ACC-0062,MSTR,2025-09-11,33,65.88
ACC-0062,GOOGL,2025-09-12,39,152.44
ACC-0062,NFLX,2025-09-15,20,196.95
ACC-0062,MSTR,2025-09-25,-44,66.69
ACC-0062,NVDA,2025-10-01,-15,284.94
ACC-0062,NFLX,2025-10-20,26,215.18
ACC-0062,AAPL,2025-11-04,59,118.11
ACC-0062,NFLX,2025-11-14,47,189.44
ACC-0062,MSTR,2025-11-24,-60,69.58
ACC-0062,MRVL,2025-12-12,21,178.51
ACC-0062,NFLX,2025-12-16,9,207.10
ACC-0062,NFLX,2025-12-22,-21,225.29
ACC-0062,HOOD,2026-01-21,48,165.89
ACC-0062,INTC,2026-02-04,-11,242.39
ACC-0062,INTC,2026-02-10,17,230.84
ACC-0062,MSTR,2026-03-10,55,62.98
ACC-0062,MSTR,2026-03-25,-9,66.30
ACC-0062,MSTR,2026-03-31,-30,66.77
ACC-0062,AVGO,2026-04-01,-43,229.08
ACC-0062,META,2026-04-03,-33,547.47
ACC-0062,MSTR,2026-04-16,30,64.39
ACC-0062,NFLX,2026-04-20,33,214.19
ACC-0062,NFLX,2026-04-22,28,210.10
ACC-0062,MSTR,2026-04-27,24,65.70
ACC-0062,MSTR,2026-04-28,36,64.38
ACC-0062,NFLX,2026-04-30,47,216.13
ACC-0062,MSTR,2026-05-05,-58,65.35
ACC-0062,MSTR,2026-05-08,3,66.15
ACC-0062,NFLX,2026-05-13,-54,219.61
ACC-0062,MSTR,2026-05-20,34,69.72
ACC-0062,INTC,2026-05-25,-9,280.16
ACC-0062,MSTR,2026-05-26,26,70.33
ACC-0062,MSTR,2026-05-29,48,65.15
ACC-0062,MSTR,2026-06-03,-14,64.74
ACC-0062,MSTR,2026-06-12,-24,69.07
ACC-0062,MSTR,2026-06-16,-49,68.87
ACC-0062,MSTR,2026-06-18,-56,71.50
ACC-0062,MSTR,2026-06-30,-46,73.16
ACC-0062,MSTR,2026-07-07,13,71.19
ACC-0062,MSTR,2026-07-15,-31,66.90
ACC-0062,MSTR,2026-07-20,39,66.48
ACC-0062,NFLX,2026-07-27,-55,188.25
ACC-0062,NVDA,2026-07-31,28,339.99
ACC-0063,SMCI,2025-06-13,33,131.75
ACC-0063,DIS,2025-06-16,-30,280.89
ACC-0063,DIS,2025-07-07,21,299.08
ACC-0063,SMCI,2025-08-21,-16,165.57
ACC-0063,DIS,2025-09-30,-14,265.47
ACC-0063,SMCI,2025-11-03,-12,156.95
ACC-0063,SMCI,2025-11-12,36,144.55
ACC-0063,SMCI,2025-11-24,-1,147.63
ACC-0063,SMCI,2026-01-21,57,175.70
ACC-0063,DIS,2026-02-12,-45,171.27
ACC-0063,SMCI,2026-02-17,-50,182.87
ACC-0063,DIS,2026-03-05,-50,179.75
ACC-0063,SMCI,2026-03-12,56,188.45
ACC-0063,SMCI,2026-04-15,-44,179.77
ACC-0063,SMCI,2026-06-19,13,163.82
ACC-0063,DIS,2026-08-05,-24,343.93
ACC-0064,HOOD,2025-06-16,-32,158.25
ACC-0064,SOFI,2025-06-23,8,41.41
ACC-0064,RIVN,2025-06-24,-39,419.97
ACC-0064,SNAP,2025-06-26,43,14.13
ACC-0064,HOOD,2025-07-03,-43,166.98
ACC-0064,HOOD,2025-07-21,59,169.92
ACC-0064,SOFI,2025-08-04,-53,39.04
ACC-0064,SOFI,2025-08-18,-52,39.09
ACC-0064,SOFI,2025-09-16,-29,34.95
ACC-0064,HOOD,2025-10-06,-18,169.56
ACC-0064,HOOD,2025-11-06,-26,168.52
ACC-0064,SOFI,2025-11-18,6,27.46
ACC-0064,SOFI,2025-12-08,24,22.68
ACC-0064,SPY,2025-12-15,42,168.11
ACC-0064,SPY,2025-12-31,56,174.73
ACC-0064,SPY,2026-01-16,58,168.05
ACC-0064,SOFI,2026-01-20,38,21.53
ACC-0064,SPY,2026-01-23,-53,171.65
ACC-0064,SPY,2026-01-27,5,179.10
ACC-0064,SPY,2026-01-29,-17,183.04
ACC-0064,NFLX,2026-02-16,-2,216.29
ACC-0064,HOOD,2026-02-24,-12,173.77
ACC-0064,HOOD,2026-03-10,47,171.20
ACC-0064,SPY,2026-04-13,27,152.68
ACC-0064,SOFI,2026-04-16,54,20.46
ACC-0064,SOFI,2026-04-24,55,19.24
ACC-0064,HOOD,2026-05-12,-13,152.76
ACC-0064,MSTR,2026-05-25,8,68.49
ACC-0064,HOOD,2026-06-02,-31,166.31
ACC-0064,SOFI,2026-06-17,8,19.58
ACC-0064,SPY,2026-06-26,18,166.04
ACC-0064,UBER,2026-06-29,-31,259.70
ACC-0064,HOOD,2026-07-02,60,161.74
ACC-0064,COIN,2026-07-06,5,223.44
ACC-0064,SOFI,2026-07-22,24,18.51
ACC-0064,SOFI,2026-07-24,39,18.00
ACC-0064,MRVL,2026-08-06,9,188.56
ACC-0064,SHOP,2026-08-13,57,358.19
ACC-0065,RIVN,2025-06-05,-6,383.54
ACC-0065,NVDA,2025-06-11,-24,227.79
ACC-0065,RIVN,2025-07-02,44,408.08
ACC-0065,INTC,2025-07-03,30,189.59
ACC-0065,ARM,2025-07-14,34,186.10
ACC-0065,RIVN,2025-07-15,59,420.66
ACC-0065,NVDA,2025-07-16,21,232.47
ACC-0065,NVDA,2025-08-13,52,258.68
ACC-0065,NVDA,2025-08-21,22,260.19
ACC-0065,RIVN,2025-09-01,40,404.17
ACC-0065,DIS,2025-09-22,41,267.37
ACC-0065,NVDA,2025-09-26,-20,275.05
ACC-0065,VRT,2025-10-03,5,100.49
ACC-0065,NVDA,2025-10-15,-4,295.00
ACC-0065,NVDA,2025-10-22,-11,282.93
ACC-0065,NVDA,2025-10-23,46,284.90
ACC-0065,NVDA,2025-10-31,-2,278.27
ACC-0065,NVDA,2025-11-04,40,282.62
ACC-0065,NVDA,2025-11-07,13,270.03
ACC-0065,RIVN,2025-11-10,-47,387.50
ACC-0065,RIVN,2025-11-12,-57,396.33
ACC-0065,AMZN,2025-11-14,9,120.64
ACC-0065,NVDA,2025-11-21,-4,274.78
ACC-0065,NVDA,2025-11-26,-9,270.72
ACC-0065,NVDA,2025-11-28,6,268.75
ACC-0065,SMCI,2025-12-01,-58,147.25
ACC-0065,NVDA,2025-12-03,-48,277.81
ACC-0065,NVDA,2025-12-05,-49,272.46
ACC-0065,SPY,2025-12-29,-7,178.93
ACC-0065,RIVN,2026-01-27,25,383.11
ACC-0065,NVDA,2026-01-29,-16,306.40
ACC-0065,NVDA,2026-02-02,-50,336.07
ACC-0065,QQQ,2026-02-09,-50,234.21
ACC-0065,NVDA,2026-02-13,-41,365.46
ACC-0065,RIVN,2026-02-18,-44,411.37
ACC-0065,NVDA,2026-03-30,57,365.20
ACC-0065,RIVN,2026-04-01,15,486.16
ACC-0065,RIVN,2026-04-17,27,450.90
ACC-0065,NVDA,2026-04-29,58,303.24
ACC-0065,NVDA,2026-04-30,-9,299.78
ACC-0065,RIVN,2026-05-20,49,444.02
ACC-0065,RIVN,2026-05-22,12,422.84
ACC-0065,RIVN,2026-05-28,-17,419.03
ACC-0065,AMZN,2026-06-04,-46,148.00
ACC-0065,SMCI,2026-09-04,23,156.32
ACC-0065,SMCI,2026-09-04,21,156.46
ACC-0066,MSTR,2025-06-06,12,54.27
ACC-0066,MSFT,2025-06-09,-43,199.17
ACC-0066,MSFT,2025-06-17,-54,202.81
ACC-0066,TSLA,2025-06-20,-27,187.07
ACC-0066,TSLA,2025-06-30,47,185.55
ACC-0066,TSLA,2025-07-07,-50,179.49
ACC-0066,MSFT,2025-07-14,23,212.05
ACC-0066,TSLA,2025-07-15,60,176.24
ACC-0066,TSLA,2025-07-21,27,176.55
ACC-0066,MSFT,2025-07-22,-23,210.29
ACC-0066,MSFT,2025-08-04,11,226.52
ACC-0066,TSLA,2025-08-05,22,176.32
ACC-0066,MSFT,2025-08-08,-49,223.08
ACC-0066,TSLA,2025-08-11,-25,176.85
ACC-0066,TSLA,2025-08-26,39,170.46
ACC-0066,SHOP,2025-08-27,17,385.34
ACC-0066,TSM,2025-09-02,-12,273.50
ACC-0066,TSLA,2025-09-03,15,175.64
ACC-0066,TSLA,2025-09-11,19,184.84
ACC-0066,TSLA,2025-09-23,20,193.79
ACC-0066,TSLA,2025-09-29,43,201.23
ACC-0066,MSFT,2025-10-06,5,246.60
ACC-0066,MSFT,2025-10-10,44,269.85
ACC-0066,MSFT,2025-10-24,-52,265.95
ACC-0066,MSFT,2025-10-28,9,258.39
ACC-0066,TSLA,2025-11-03,38,213.44
ACC-0066,MSFT,2025-11-05,42,249.60
ACC-0066,MSFT,2025-11-06,-38,253.00
ACC-0066,TSLA,2025-11-25,-23,232.69
ACC-0066,TSLA,2025-11-27,-25,239.57
ACC-0066,MSFT,2025-12-10,-34,250.50
ACC-0066,TSLA,2025-12-11,44,242.06
ACC-0066,MSFT,2025-12-22,60,249.83
ACC-0066,MSFT,2026-01-08,-53,270.80
ACC-0066,TSLA,2026-01-09,31,271.85
ACC-0066,MSFT,2026-02-11,-1,232.61
ACC-0066,TSLA,2026-02-12,-37,219.77
ACC-0066,TSLA,2026-02-17,-36,237.53
ACC-0066,MSFT,2026-02-25,20,260.55
ACC-0066,MSFT,2026-03-16,29,242.07
ACC-0066,MSTR,2026-03-19,-30,68.76
ACC-0066,TSLA,2026-03-20,29,220.12
ACC-0066,MSFT,2026-03-23,40,235.89
ACC-0066,MSFT,2026-04-13,7,248.47
ACC-0066,TSLA,2026-04-14,12,205.19
ACC-0066,TSLA,2026-04-15,46,204.18
ACC-0066,MSFT,2026-04-21,41,258.66
ACC-0066,WMT,2026-04-28,-43,119.21
ACC-0066,MSFT,2026-05-05,-59,270.25
ACC-0066,MSFT,2026-05-12,19,283.91
ACC-0066,MSFT,2026-05-27,23,288.01
ACC-0066,TSLA,2026-06-01,60,205.44
ACC-0066,MSFT,2026-07-16,-4,247.23
ACC-0066,TSLA,2026-08-04,38,279.16
ACC-0066,MSFT,2026-08-14,13,213.07
ACC-0066,MSFT,2026-08-18,-44,210.36
ACC-0066,MSFT,2026-08-21,-44,224.07
ACC-0066,MSFT,2026-08-24,-29,222.87
ACC-0066,MSFT,2026-09-04,5,226.03
ACC-0067,MSFT,2025-06-20,29,193.05
ACC-0067,NFLX,2025-08-12,-60,200.04
ACC-0067,WMT,2025-10-01,-47,150.64
ACC-0067,DIS,2025-10-02,-59,269.67
ACC-0067,MSFT,2025-11-13,-33,255.21
ACC-0067,NFLX,2025-12-09,2,204.38
ACC-0067,NFLX,2026-01-22,35,220.76
ACC-0067,BA,2026-01-23,56,367.19
ACC-0067,MSFT,2026-03-03,-12,253.94
ACC-0067,SMCI,2026-03-04,-28,201.48
ACC-0067,NFLX,2026-03-10,15,202.90
ACC-0067,TSM,2026-04-15,-40,279.54
ACC-0067,NFLX,2026-06-01,38,217.42
ACC-0067,SMCI,2026-07-09,3,153.65
ACC-0068,MSTR,2025-06-02,-16,53.92
ACC-0068,MSFT,2025-06-05,-13,204.64
ACC-0068,MRVL,2025-06-09,-57,194.08
ACC-0068,MRVL,2025-06-10,-11,192.50
ACC-0068,MSTR,2025-06-19,59,54.05
ACC-0068,MSTR,2025-06-27,-48,57.77
ACC-0068,MSFT,2025-07-01,25,206.76
ACC-0068,MSTR,2025-07-04,44,56.05
ACC-0068,MSTR,2025-07-21,60,57.37
ACC-0068,MRVL,2025-07-29,16,168.56
ACC-0068,MSTR,2025-08-04,-49,65.29
ACC-0068,MSTR,2025-08-07,-44,63.70
ACC-0068,MSFT,2025-08-08,24,222.03
ACC-0068,MU,2025-08-11,-42,160.99
ACC-0068,MSFT,2025-08-28,-46,221.01
ACC-0068,VRT,2025-09-12,-37,103.89
ACC-0068,MSTR,2025-09-16,57,64.76
ACC-0068,MSFT,2025-09-18,-55,241.30
ACC-0068,MRVL,2025-09-22,4,171.20
ACC-0068,MSFT,2025-09-23,-60,242.82
ACC-0068,MSTR,2025-10-02,40,64.93
ACC-0068,MSTR,2025-10-08,-35,67.68
ACC-0068,MRVL,2025-10-09,-15,157.87
ACC-0068,MSFT,2025-10-31,-13,262.69
ACC-0068,MSFT,2025-11-05,58,250.42
ACC-0068,MRVL,2025-11-06,46,154.39
ACC-0068,MSFT,2025-11-17,-6,251.90
ACC-0068,XOM,2025-11-19,-37,300.97
ACC-0068,XOM,2025-11-21,-59,302.45
ACC-0068,BA,2025-11-25,60,302.08
ACC-0068,MSTR,2025-12-01,44,66.02
ACC-0068,MSTR,2025-12-05,-12,63.37
ACC-0068,MSTR,2025-12-15,25,61.75
ACC-0068,MRVL,2025-12-17,-56,179.82
ACC-0068,MSTR,2025-12-18,-58,59.42
ACC-0068,MSTR,2026-01-05,34,56.58
ACC-0068,MRVL,2026-01-06,-57,161.76
ACC-0068,MRVL,2026-01-16,10,155.29
ACC-0068,MSFT,2026-01-27,43,252.84
ACC-0068,MRVL,2026-02-05,31,161.36
ACC-0068,MRVL,2026-02-09,46,160.50
ACC-0068,MSFT,2026-02-19,-8,255.71
ACC-0068,MSFT,2026-02-23,38,261.62
ACC-0068,MSTR,2026-02-27,-33,65.21
ACC-0068,MRVL,2026-03-05,56,168.89
ACC-0068,MSTR,2026-03-11,43,63.52
ACC-0068,MSFT,2026-03-17,-38,229.58
ACC-0068,MRVL,2026-03-24,-21,178.10
ACC-0068,MSFT,2026-04-16,-51,254.12
ACC-0068,AMD,2026-04-17,-8,28.45
ACC-0068,MSFT,2026-04-30,41,268.15
ACC-0068,META,2026-05-14,31,518.98
ACC-0068,ARM,2026-05-15,-8,173.33
ACC-0068,MSFT,2026-05-19,14,286.38
ACC-0068,MSTR,2026-05-21,36,69.17
ACC-0069,AVGO,2025-07-18,44,218.08
ACC-0069,CRWD,2025-07-31,-19,370.27
ACC-0069,GOOGL,2025-08-04,-6,149.95
ACC-0069,MSTR,2025-10-10,6,68.23
ACC-0069,GOOGL,2025-10-16,-25,139.39
ACC-0069,GOOGL,2025-11-10,46,128.54
ACC-0069,AMD,2025-11-11,-17,30.77
ACC-0069,PYPL,2025-11-19,46,14.34
ACC-0069,CRWD,2025-12-19,26,449.97
ACC-0069,GOOGL,2025-12-31,-52,111.62
ACC-0069,GOOGL,2026-01-14,46,115.81
ACC-0069,SNAP,2026-01-29,51,19.88
ACC-0069,CRWD,2026-02-04,-45,493.81
ACC-0069,CRWD,2026-02-11,-29,455.46
ACC-0069,CRWD,2026-03-05,-17,451.35
ACC-0069,CRWD,2026-04-27,-55,472.60
ACC-0069,PYPL,2026-04-30,-27,13.26
ACC-0069,SMCI,2026-05-04,27,173.59
ACC-0069,CRWD,2026-05-11,43,470.20
ACC-0069,CRWD,2026-06-08,-5,475.21
ACC-0069,GOOGL,2026-06-15,33,122.26
ACC-0069,CRWD,2026-06-30,53,527.58
ACC-0069,GOOGL,2026-07-14,52,132.69
ACC-0069,GOOGL,2026-08-14,-12,130.44
ACC-0069,PYPL,2026-08-17,-29,15.99
ACC-0070,BA,2025-06-10,-52,361.42
ACC-0070,MRVL,2025-07-09,-50,173.09
ACC-0070,MRVL,2025-07-14,25,179.92
ACC-0070,MRVL,2025-09-15,26,158.22
ACC-0070,CRWD,2025-09-26,13,388.14
ACC-0070,MRVL,2025-10-03,20,161.14
ACC-0070,MRVL,2025-10-20,-30,150.51
ACC-0070,TSLA,2025-10-31,22,217.06
ACC-0070,BA,2025-11-05,-43,337.79
ACC-0070,MRVL,2025-12-05,55,168.56
ACC-0070,MRVL,2025-12-12,51,177.55
ACC-0070,MRVL,2026-01-01,-8,167.74
ACC-0070,MRVL,2026-01-08,-8,157.42
ACC-0070,BA,2026-02-06,-38,444.25
ACC-0070,MRVL,2026-05-28,-58,182.16
ACC-0070,PLTR,2026-06-01,-57,209.51
ACC-0070,BA,2026-07-21,40,519.40
ACC-0071,XOM,2025-06-10,-35,299.22
ACC-0071,DIS,2025-06-12,31,273.17
ACC-0071,GOOGL,2025-06-26,-15,167.37
ACC-0071,WMT,2025-06-30,-25,131.42
ACC-0071,DIS,2025-07-01,-3,292.55
ACC-0071,GOOGL,2025-07-02,-3,156.26
ACC-0071,DIS,2025-07-10,-13,287.44
ACC-0071,WMT,2025-07-17,16,139.24
ACC-0071,WMT,2025-07-21,6,135.09
ACC-0071,WMT,2025-08-01,-45,151.42
ACC-0071,GOOGL,2025-08-08,-16,143.07
ACC-0071,WMT,2025-08-14,20,159.14
ACC-0071,WMT,2025-08-18,31,158.59
ACC-0071,WMT,2025-08-20,57,164.20
ACC-0071,WMT,2025-08-26,36,171.13
ACC-0071,NFLX,2025-08-28,-54,195.14
ACC-0071,MRVL,2025-09-08,-34,161.36
ACC-0071,WMT,2025-09-09,-47,169.52
ACC-0071,VRT,2025-09-18,33,102.77
ACC-0071,GOOGL,2025-09-22,29,146.24
ACC-0071,DIS,2025-09-25,-1,262.72
ACC-0071,XOM,2025-09-30,-53,256.97
ACC-0071,DIS,2025-10-06,-44,266.50
ACC-0071,DIS,2025-10-20,40,243.60
ACC-0071,WMT,2025-10-21,5,129.09
ACC-0071,GOOGL,2025-10-23,-1,137.70
ACC-0071,XOM,2025-10-29,-56,300.49
ACC-0071,AMZN,2025-10-31,40,109.12
ACC-0071,SHOP,2025-11-17,16,380.35
ACC-0071,GOOGL,2025-11-27,6,129.87
ACC-0071,WMT,2025-12-03,42,134.76
ACC-0071,GOOGL,2025-12-25,-26,115.43
ACC-0071,DIS,2026-01-16,50,215.93
ACC-0071,GOOGL,2026-01-21,-8,114.11
ACC-0071,DIS,2026-01-29,36,195.80
ACC-0071,WMT,2026-02-04,-9,133.67
ACC-0071,WMT,2026-02-12,13,140.32
ACC-0071,DIS,2026-02-18,-43,171.16
ACC-0071,DIS,2026-02-23,-30,172.45
ACC-0071,WMT,2026-02-25,43,137.02
ACC-0071,GOOGL,2026-03-16,12,127.42
ACC-0071,GOOGL,2026-03-17,-22,130.00
ACC-0071,DIS,2026-04-01,42,187.55
ACC-0071,GOOGL,2026-04-10,6,126.54
ACC-0071,GOOGL,2026-04-16,18,125.22
ACC-0071,DIS,2026-04-17,-50,200.49
ACC-0071,DIS,2026-04-27,-39,207.28
ACC-0071,GOOGL,2026-05-04,-31,120.95
ACC-0071,DIS,2026-05-05,5,225.75
ACC-0071,DIS,2026-05-15,5,222.64
ACC-0071,WMT,2026-05-22,-13,126.90
ACC-0071,GOOGL,2026-05-25,33,130.90
ACC-0071,WMT,2026-05-26,45,129.60
ACC-0071,DIS,2026-06-09,-44,241.02
ACC-0071,WMT,2026-06-25,26,146.77
ACC-0071,WMT,2026-06-26,36,148.15
ACC-0071,WMT,2026-06-29,56,146.26
ACC-0071,WMT,2026-07-10,24,138.04
ACC-0071,GOOGL,2026-07-13,24,133.64
ACC-0072,META,2025-06-04,27,344.23
ACC-0072,IREN,2025-06-09,-5,188.59
ACC-0072,SOFI,2025-06-10,4,40.01
ACC-0072,IREN,2025-06-11,-38,192.11
ACC-0072,IREN,2025-06-13,25,198.10
ACC-0072,SOFI,2025-06-24,1,42.28
ACC-0072,META,2025-06-25,59,400.47
ACC-0072,SOFI,2025-07-01,-50,41.04
ACC-0072,SOFI,2025-07-10,24,35.88
ACC-0072,IREN,2025-07-11,-5,189.12
ACC-0072,SOFI,2025-07-14,-32,34.79
ACC-0072,IREN,2025-07-21,-30,183.05
ACC-0072,SOFI,2025-07-23,2,38.66
ACC-0072,META,2025-07-29,57,409.98
ACC-0072,IREN,2025-08-04,52,202.45
ACC-0072,IREN,2025-08-06,-8,206.31
ACC-0072,IREN,2025-08-20,-51,197.82
ACC-0072,META,2025-08-21,41,402.26
ACC-0072,AMZN,2025-08-27,-26,103.87
ACC-0072,IREN,2025-09-11,59,193.06
ACC-0072,IREN,2025-09-19,59,196.15
ACC-0072,IREN,2025-09-24,-7,205.45
ACC-0072,IREN,2025-09-26,-2,215.43
ACC-0072,META,2025-10-10,60,363.13
ACC-0072,META,2025-10-14,40,376.67
ACC-0072,IREN,2025-10-15,9,237.58
ACC-0072,IREN,2025-10-16,28,235.03
ACC-0072,META,2025-10-22,-50,373.31
ACC-0072,XOM,2025-10-27,2,291.63
ACC-0072,IREN,2025-10-30,-22,216.83
ACC-0072,IREN,2025-10-31,-40,219.13
ACC-0072,IREN,2025-11-04,-3,213.21
ACC-0072,SOFI,2025-11-12,6,29.03
ACC-0072,SNAP,2025-11-19,-20,16.96
ACC-0072,AVGO,2025-11-20,-34,321.42
ACC-0072,IREN,2025-11-25,-35,230.72
ACC-0072,IREN,2025-11-26,-18,224.65
ACC-0072,IREN,2025-11-28,-52,225.06
ACC-0072,SOFI,2025-12-02,-51,23.79
ACC-0072,META,2025-12-10,-13,375.00
ACC-0072,SOFI,2025-12-18,16,21.98
ACC-0072,IREN,2026-01-05,21,241.63
ACC-0072,IREN,2026-01-06,31,247.12
ACC-0072,META,2026-01-09,-31,471.73
ACC-0072,SOFI,2026-01-14,-49,21.42
ACC-0072,SOFI,2026-01-30,-35,21.02
ACC-0072,META,2026-02-02,-21,502.73
ACC-0072,NVDA,2026-02-03,1,348.23
ACC-0072,META,2026-02-04,-14,502.95
ACC-0072,PYPL,2026-02-10,-9,16.04
ACC-0072,IREN,2026-02-12,35,259.89
ACC-0072,IREN,2026-03-02,-34,242.71
ACC-0072,IREN,2026-03-17,-50,273.17
ACC-0072,IREN,2026-03-18,-3,274.02
ACC-0072,META,2026-03-25,-13,565.42
ACC-0072,SOFI,2026-03-27,60,20.12
ACC-0072,SOFI,2026-04-13,52,21.50
ACC-0072,META,2026-05-05,-33,520.08
ACC-0072,SOFI,2026-05-08,-39,18.55
ACC-0072,SOFI,2026-05-12,14,18.76
ACC-0073,HOOD,2025-06-02,8,145.78
ACC-0073,HOOD,2025-06-03,-40,144.11
ACC-0073,AAPL,2025-06-11,-8,138.14
ACC-0073,RIVN,2025-06-16,-32,384.59
ACC-0073,AAPL,2025-06-23,9,130.56
ACC-0073,HOOD,2025-07-01,11,165.77
ACC-0073,HOOD,2025-07-04,-33,166.87
ACC-0073,MSFT,2025-07-10,6,213.02
ACC-0073,AAPL,2025-08-04,-47,124.18
ACC-0073,INTC,2025-08-18,48,190.69
ACC-0073,AAPL,2025-08-19,32,129.96
ACC-0073,HOOD,2025-08-28,-21,157.71
ACC-0073,AAPL,2025-09-18,-3,108.88
ACC-0073,UNH,2025-09-24,-38,98.38
ACC-0073,AAPL,2025-09-26,21,113.77
ACC-0073,HOOD,2025-09-29,-26,164.99
ACC-0073,HOOD,2025-10-16,-12,172.96
ACC-0073,HOOD,2025-10-17,8,170.13
ACC-0073,AAPL,2025-10-30,-45,122.66
ACC-0073,AAPL,2025-10-31,3,122.45
ACC-0073,AAPL,2025-12-03,55,135.17
ACC-0073,TSM,2026-01-05,21,213.01
ACC-0073,HOOD,2026-01-09,54,146.92
ACC-0073,HOOD,2026-01-19,18,159.06
ACC-0073,AAPL,2026-02-06,-59,129.11
ACC-0073,HOOD,2026-03-03,-38,173.68
ACC-0073,AAPL,2026-03-04,3,129.59
ACC-0073,HOOD,2026-03-11,49,166.28
ACC-0073,AAPL,2026-03-27,-6,140.12
ACC-0073,AAPL,2026-04-15,56,159.18
ACC-0073,AAPL,2026-04-27,31,148.14
ACC-0073,SOXL,2026-05-11,-44,221.99
ACC-0073,HOOD,2026-06-03,51,168.80
ACC-0073,QQQ,2026-06-04,44,213.26
ACC-0073,AAPL,2026-06-18,22,145.60
ACC-0074,QQQ,2025-06-06,13,229.67
ACC-0074,QQQ,2025-06-11,-2,229.62
ACC-0074,QQQ,2025-06-12,-20,225.52
ACC-0074,MU,2025-06-18,29,165.67
ACC-0074,QQQ,2025-06-20,-52,222.40
ACC-0074,MU,2025-06-26,9,165.61
ACC-0074,QQQ,2025-07-09,20,218.77
ACC-0074,QQQ,2025-07-11,4,210.70
ACC-0074,QQQ,2025-07-14,-39,221.72
ACC-0074,MRVL,2025-07-22,51,186.24
ACC-0074,MU,2025-08-04,-6,154.87
ACC-0074,QQQ,2025-08-13,14,219.79
ACC-0074,MU,2025-08-20,-42,168.57
ACC-0074,MU,2025-08-28,55,168.37
ACC-0074,MU,2025-08-29,-33,165.14
ACC-0074,QQQ,2025-09-29,-29,196.85
ACC-0074,MU,2025-10-10,55,164.65
ACC-0074,QQQ,2025-11-06,-38,223.14
ACC-0074,QQQ,2025-11-14,-42,220.59
ACC-0074,QQQ,2025-11-17,-37,224.08
ACC-0074,QQQ,2025-12-15,-6,221.77
ACC-0074,QQQ,2025-12-24,-2,244.11
ACC-0074,MU,2025-12-29,-18,173.98
ACC-0074,MU,2025-12-31,-6,182.22
ACC-0074,QQQ,2026-01-01,41,228.34
ACC-0074,QQQ,2026-01-14,9,239.49
ACC-0074,QQQ,2026-02-09,49,234.41
ACC-0074,QQQ,2026-02-16,22,230.78
ACC-0074,QQQ,2026-03-11,-48,238.73
ACC-0074,SOFI,2026-03-17,51,19.71
ACC-0074,MU,2026-03-24,-50,195.17
ACC-0074,MU,2026-03-26,59,190.39
ACC-0074,MU,2026-04-02,1,201.20
ACC-0074,QQQ,2026-04-03,-59,262.16
ACC-0074,QQQ,2026-04-07,11,247.31
ACC-0074,AMD,2026-04-21,-16,29.89
ACC-0074,MU,2026-04-22,-25,223.30
ACC-0074,MU,2026-04-30,29,229.13
ACC-0074,QQQ,2026-05-08,-28,264.66
ACC-0074,MU,2026-05-15,36,266.09
ACC-0074,MU,2026-05-20,-9,252.81
ACC-0074,QQQ,2026-06-10,-58,213.38
ACC-0074,MU,2026-06-17,44,253.02
ACC-0074,PLTR,2026-06-23,-38,192.14
ACC-0074,QQQ,2026-06-29,29,204.91
ACC-0074,QQQ,2026-06-30,-4,205.10
ACC-0074,MU,2026-07-20,-13,228.27
ACC-0074,MU,2026-07-29,2,236.81
ACC-0074,SOFI,2026-08-04,-51,16.71
ACC-0074,MU,2026-08-07,-13,226.20
ACC-0074,MU,2026-08-21,12,222.61
ACC-0074,MU,2026-09-02,45,207.20
ACC-0075,HOOD,2025-06-17,43,157.92
ACC-0075,HOOD,2025-06-27,-7,161.01
ACC-0075,AVGO,2025-07-11,44,236.72
ACC-0075,AVGO,2025-09-22,-59,281.43
ACC-0075,META,2025-10-01,-50,346.03
ACC-0075,META,2025-10-21,-32,381.21
ACC-0075,HOOD,2025-10-30,26,164.13
ACC-0075,META,2025-11-03,31,365.78
ACC-0075,HOOD,2025-11-27,-21,163.34
ACC-0075,AVGO,2025-12-03,-4,348.87
ACC-0075,HOOD,2025-12-22,25,150.63
ACC-0075,META,2026-01-13,-27,487.13
ACC-0075,HOOD,2026-01-26,-27,154.16
ACC-0075,META,2026-01-27,59,444.13
ACC-0075,SHOP,2026-01-28,-6,444.56
ACC-0075,NVDA,2026-02-25,-52,366.69
ACC-0075,META,2026-03-18,-56,567.50
ACC-0075,META,2026-03-20,35,564.06
ACC-0075,HOOD,2026-03-30,7,167.00
ACC-0075,NFLX,2026-04-10,34,222.22
ACC-0075,META,2026-06-24,-40,466.06
ACC-0075,META,2026-06-25,-43,457.41
ACC-0076,NVDA,2025-06-13,-19,220.76
ACC-0076,META,2025-06-16,9,358.85
ACC-0076,CRWD,2025-06-20,30,363.95
ACC-0076,META,2025-06-24,43,387.91
ACC-0076,CRWD,2025-06-27,-58,370.57
ACC-0076,CRWD,2025-07-24,18,379.51
ACC-0076,META,2025-07-30,21,411.23
ACC-0076,META,2025-08-06,-48,387.30
ACC-0076,GOOGL,2025-08-07,29,143.58
ACC-0076,CRWD,2025-08-18,-11,391.59
ACC-0076,CRWD,2025-09-10,5,391.25
ACC-0076,SHOP,2025-09-25,32,317.06
ACC-0076,CRWD,2025-10-06,8,379.95
ACC-0076,CRWD,2025-10-08,-27,378.56
ACC-0076,META,2025-10-10,3,364.75
ACC-0076,META,2025-10-15,-24,370.79
ACC-0076,META,2025-10-24,-14,369.77
ACC-0076,AMD,2025-11-03,-51,29.57
ACC-0076,META,2025-11-12,33,348.37
ACC-0076,META,2025-11-14,-17,350.36
ACC-0076,META,2025-11-20,42,352.72
ACC-0076,CRWD,2025-11-24,-23,431.14
ACC-0076,GOOGL,2025-12-02,-36,128.68
ACC-0076,CRWD,2025-12-15,-58,476.99
ACC-0076,UNH,2025-12-22,7,95.30
ACC-0076,META,2025-12-25,-3,433.09
ACC-0076,CRWD,2026-02-04,-38,491.17
ACC-0076,META,2026-02-20,10,542.41
ACC-0076,UNH,2026-03-04,24,121.58
ACC-0076,META,2026-03-16,-18,540.72
ACC-0076,SPY,2026-04-06,-44,148.04
ACC-0076,CRWD,2026-04-07,44,447.51
ACC-0076,IREN,2026-04-09,51,315.39
ACC-0076,META,2026-04-14,50,523.95
ACC-0076,CRWD,2026-04-20,-28,464.64
ACC-0076,META,2026-05-19,30,520.11
ACC-0076,CRWD,2026-05-22,-51,481.58
ACC-0076,META,2026-05-29,-38,496.18
ACC-0076,CRWD,2026-06-08,-33,475.53
ACC-0076,META,2026-06-17,16,481.32
ACC-0076,SNAP,2026-06-25,37,14.13
ACC-0076,CRWD,2026-07-01,24,545.33
ACC-0076,SPY,2026-07-15,38,158.16
ACC-0076,CRWD,2026-07-21,4,571.45
ACC-0076,META,2026-07-22,-8,502.98
ACC-0076,CRWD,2026-07-30,41,543.64
ACC-0077,MRVL,2025-06-02,-55,206.96
ACC-0077,SHOP,2025-06-06,-5,326.95
ACC-0077,SOFI,2025-06-11,-43,39.72
ACC-0077,MRVL,2025-07-22,-29,185.31
ACC-0077,SHOP,2025-08-05,-36,368.06
ACC-0077,SHOP,2025-08-07,37,359.73
ACC-0077,SHOP,2025-08-20,-47,345.96
ACC-0077,SHOP,2025-09-12,15,336.99
ACC-0077,MRVL,2025-10-03,-52,161.89
ACC-0077,SHOP,2025-10-16,-19,324.67
ACC-0077,SHOP,2025-10-22,27,334.94
ACC-0077,IREN,2025-10-23,33,229.17
ACC-0077,SNAP,2025-11-11,44,15.91
ACC-0077,MRVL,2025-11-12,-37,154.10
ACC-0077,MRVL,2025-12-04,-6,162.70
ACC-0077,WMT,2025-12-11,34,134.41
ACC-0077,SHOP,2025-12-12,15,379.10
ACC-0077,MRVL,2026-01-14,-54,157.87
ACC-0077,BA,2026-01-21,-36,361.64
ACC-0077,MRVL,2026-01-23,-35,151.46
ACC-0077,MRVL,2026-02-09,-18,159.58
ACC-0077,META,2026-02-23,-52,550.33
ACC-0077,SHOP,2026-03-03,-35,410.83
ACC-0077,MRVL,2026-03-06,-41,167.18
ACC-0077,MU,2026-03-19,-58,196.41
ACC-0077,SHOP,2026-03-20,57,369.12
ACC-0077,MRVL,2026-04-14,22,173.86
ACC-0077,MRVL,2026-05-07,-37,191.34
ACC-0077,MRVL,2026-05-11,6,184.84
ACC-0077,MRVL,2026-05-14,-53,186.50
ACC-0077,MRVL,2026-05-25,46,183.34
ACC-0077,MRVL,2026-06-02,35,182.42
ACC-0077,SHOP,2026-06-03,59,330.89
ACC-0077,MRVL,2026-06-05,-53,172.59
ACC-0077,SHOP,2026-06-09,-56,303.81
ACC-0077,MRVL,2026-06-10,-56,185.74
ACC-0077,SHOP,2026-06-15,58,312.09
ACC-0077,SHOP,2026-06-17,-29,307.56
ACC-0077,BA,2026-06-19,8,543.30
ACC-0077,MRVL,2026-07-14,27,179.49
ACC-0077,CRWD,2026-07-20,38,578.01
ACC-0077,SHOP,2026-08-06,46,349.40
ACC-0077,MRVL,2026-09-01,23,208.15
ACC-0077,MRVL,2026-09-03,-40,202.14
ACC-0078,UNH,2025-06-06,-44,109.41
ACC-0078,NVDA,2025-06-16,-33,213.94
ACC-0078,NVDA,2025-06-17,-49,218.11
ACC-0078,NVDA,2025-06-18,5,216.67
ACC-0078,TSLA,2025-06-26,-45,180.38
ACC-0078,UNH,2025-07-08,-8,96.52
ACC-0078,NVDA,2025-07-14,51,227.60
ACC-0078,UNH,2025-07-17,-12,92.14
ACC-0078,UNH,2025-07-23,-16,94.83
ACC-0078,NVDA,2025-07-28,45,243.93
ACC-0078,ARM,2025-08-04,-50,187.35
ACC-0078,NVDA,2025-08-05,22,236.94
ACC-0078,UNH,2025-08-08,19,95.33
ACC-0078,NVDA,2025-08-12,3,253.04
ACC-0078,UNH,2025-08-14,39,86.92
ACC-0078,SOXL,2025-08-18,34,240.38
ACC-0078,NVDA,2025-08-19,-10,256.71
ACC-0078,UNH,2025-08-28,41,81.03
ACC-0078,NVDA,2025-08-29,24,261.11
ACC-0078,UNH,2025-09-08,9,81.79
ACC-0078,NVDA,2025-09-15,-49,260.82
ACC-0078,NVDA,2025-09-16,19,271.54
ACC-0078,NVDA,2025-09-17,-26,267.14
ACC-0078,UNH,2025-09-23,-37,96.18
ACC-0078,NVDA,2025-09-26,-8,273.21
ACC-0078,UNH,2025-09-29,31,94.51
ACC-0078,UNH,2025-10-02,-12,90.89
ACC-0078,NVDA,2025-10-15,5,296.48
ACC-0078,UNH,2025-10-17,-37,82.71
ACC-0078,UNH,2025-10-20,34,83.19
ACC-0078,UNH,2025-10-21,18,86.31
ACC-0078,UNH,2025-10-22,-52,84.03
ACC-0078,UNH,2025-10-24,36,80.20
ACC-0078,UNH,2025-10-29,48,82.61
ACC-0078,UNH,2025-11-04,-27,76.34
ACC-0078,NVDA,2025-11-12,55,281.54
ACC-0078,NVDA,2025-11-19,1,273.42
ACC-0078,PYPL,2025-11-20,9,14.41
ACC-0078,UNH,2025-11-24,-37,92.85
ACC-0078,UNH,2025-12-02,-29,88.09
ACC-0078,NVDA,2025-12-04,-22,284.70
ACC-0078,GOOGL,2025-12-11,12,127.80
ACC-0078,UNH,2025-12-19,-4,97.58
ACC-0078,UNH,2025-12-22,-26,95.63
ACC-0078,MSFT,2025-12-25,53,259.69
ACC-0078,UNH,2025-12-31,-3,96.57
ACC-0078,WMT,2026-01-22,41,137.33
ACC-0078,NVDA,2026-01-23,-29,304.79
ACC-0078,UNH,2026-01-26,-53,101.94
ACC-0078,NVDA,2026-01-30,37,325.60
ACC-0078,NVDA,2026-02-03,-15,347.92
ACC-0078,NVDA,2026-02-10,-36,369.96
ACC-0078,NVDA,2026-02-11,-10,361.15
ACC-0078,NVDA,2026-02-12,41,359.99
ACC-0078,UNH,2026-02-13,-55,119.14
ACC-0078,NVDA,2026-02-18,-55,371.67
ACC-0078,NVDA,2026-02-20,-54,370.92
ACC-0078,UNH,2026-02-27,-2,122.21
ACC-0078,UNH,2026-03-02,4,123.20
ACC-0078,UNH,2026-03-04,-58,121.51
ACC-0078,INTC,2026-03-05,32,245.99
ACC-0078,UNH,2026-03-09,-1,119.83
ACC-0078,NVDA,2026-03-11,7,353.11
ACC-0078,UNH,2026-03-18,-30,117.73
ACC-0078,NVDA,2026-03-26,45,354.89
ACC-0078,NVDA,2026-03-27,-13,355.30
ACC-0078,NVDA,2026-03-31,12,354.62
ACC-0078,NVDA,2026-04-03,29,356.91
ACC-0078,NVDA,2026-04-14,-45,357.36
ACC-0078,UNH,2026-04-16,26,119.79
ACC-0078,TSM,2026-04-20,-42,285.99
ACC-0078,UNH,2026-04-28,-12,122.58
ACC-0078,UNH,2026-04-29,-22,122.22
ACC-0078,RIVN,2026-05-01,51,424.87
ACC-0079,DIS,2025-06-11,-52,267.83
ACC-0079,DIS,2025-06-17,11,275.60
ACC-0079,DIS,2025-07-11,10,292.07
ACC-0079,DIS,2025-07-18,-15,285.19
ACC-0079,SOFI,2025-07-30,-6,40.68
ACC-0079,DIS,2025-08-04,-47,283.15
ACC-0079,RIVN,2025-08-13,-10,403.97
ACC-0079,DIS,2025-08-14,54,261.47
ACC-0079,TSLA,2025-08-19,18,183.18
ACC-0079,RIVN,2025-08-25,15,418.88
ACC-0079,GOOGL,2025-08-28,-27,144.99
ACC-0079,RIVN,2025-09-03,22,393.05
ACC-0079,DIS,2025-09-15,-55,261.37
ACC-0079,RIVN,2025-09-16,-54,376.48
ACC-0079,AMD,2025-09-17,-15,25.30
ACC-0079,PYPL,2025-09-29,-2,15.12
ACC-0079,RIVN,2025-10-08,-57,429.03
ACC-0079,RIVN,2025-10-30,39,394.47
ACC-0079,DIS,2025-11-17,54,226.87
ACC-0079,DIS,2025-11-26,54,229.56
ACC-0079,DIS,2025-11-27,53,235.05
ACC-0079,RIVN,2025-12-04,48,405.14
ACC-0079,RIVN,2025-12-23,49,386.99
ACC-0079,DIS,2025-12-25,6,240.25
ACC-0079,RIVN,2026-01-05,41,409.97
ACC-0079,DIS,2026-02-19,-5,172.44
ACC-0079,DIS,2026-03-06,52,181.56
ACC-0079,DIS,2026-03-09,6,180.92
ACC-0079,RIVN,2026-03-20,-12,475.49
ACC-0079,RIVN,2026-03-25,-53,469.89
ACC-0079,RIVN,2026-04-14,7,463.80
ACC-0079,RIVN,2026-04-16,27,460.32
ACC-0079,DIS,2026-04-20,33,201.41
ACC-0079,DIS,2026-04-23,-22,198.81
ACC-0079,RIVN,2026-05-01,11,424.76
ACC-0079,DIS,2026-05-08,17,217.43
ACC-0079,RIVN,2026-05-15,6,450.07
ACC-0079,AAPL,2026-05-27,-5,156.98
ACC-0079,PYPL,2026-05-29,-40,12.31
ACC-0079,RIVN,2026-06-04,31,425.13
ACC-0079,RIVN,2026-06-08,-9,412.52
ACC-0079,RIVN,2026-06-10,-42,411.13
ACC-0079,DIS,2026-06-22,59,260.79
ACC-0079,RIVN,2026-07-03,-34,437.99
ACC-0079,UBER,2026-07-07,49,258.60
ACC-0079,DIS,2026-07-08,41,253.73
ACC-0079,HOOD,2026-07-13,-48,155.73
ACC-0079,RIVN,2026-07-20,42,429.92
ACC-0079,TSLA,2026-07-24,12,250.08
ACC-0079,DIS,2026-07-28,-5,319.49
ACC-0079,DIS,2026-07-31,-27,325.31
ACC-0079,DIS,2026-08-07,-43,346.34
ACC-0079,RIVN,2026-08-10,18,463.02
ACC-0079,DIS,2026-08-14,-45,358.98
ACC-0079,RIVN,2026-08-25,38,472.90
ACC-0079,DIS,2026-08-27,11,336.04
ACC-0079,RIVN,2026-09-01,-13,466.76
ACC-0080,IREN,2025-06-02,1,206.31
ACC-0080,WMT,2025-06-11,-4,122.98
ACC-0080,ARM,2025-06-16,-24,198.06
ACC-0080,IREN,2025-06-23,39,193.45
ACC-0080,IREN,2025-06-24,-55,190.35
ACC-0080,IREN,2025-06-30,25,180.13
ACC-0080,IREN,2025-07-21,12,183.67
ACC-0080,WMT,2025-07-28,36,145.08
ACC-0080,WMT,2025-08-15,54,159.56
ACC-0080,WMT,2025-09-09,-57,169.43
ACC-0080,IREN,2025-09-12,9,189.94
ACC-0080,MU,2025-09-22,14,160.82
ACC-0080,WMT,2025-09-26,47,150.21
ACC-0080,WMT,2025-09-29,58,152.23
ACC-0080,IREN,2025-09-30,5,220.99
ACC-0080,IREN,2025-10-01,-30,226.93
ACC-0080,IREN,2025-10-06,-30,224.78
ACC-0080,WMT,2025-10-10,46,140.67
ACC-0080,WMT,2025-11-19,-8,140.31
ACC-0080,WMT,2025-11-26,17,131.25
ACC-0080,WMT,2025-12-03,27,134.28
ACC-0080,IREN,2025-12-10,10,230.29
ACC-0080,WMT,2025-12-23,59,129.57
ACC-0080,WMT,2025-12-29,-15,129.49
ACC-0080,IREN,2026-01-05,-47,241.94
ACC-0080,SOXL,2026-01-15,-27,201.76
ACC-0080,WMT,2026-01-23,36,142.10
ACC-0080,IREN,2026-01-27,-46,256.19
ACC-0080,WMT,2026-02-20,-43,141.84
ACC-0080,WMT,2026-02-27,-8,130.91
ACC-0080,IREN,2026-03-02,48,243.84
ACC-0080,IREN,2026-03-05,-57,246.99
ACC-0080,IREN,2026-03-25,40,295.66
ACC-0080,SHOP,2026-04-09,-20,355.33
ACC-0080,IREN,2026-04-16,57,313.64
ACC-0080,WMT,2026-04-20,23,118.19
ACC-0080,WMT,2026-05-15,57,123.90
ACC-0080,WMT,2026-05-18,9,125.18
ACC-0080,IREN,2026-07-09,-48,290.12
ACC-0080,IREN,2026-07-16,12,295.64
ACC-0080,WMT,2026-07-20,50,143.86
ACC-0080,WMT,2026-07-24,39,144.00
ACC-0081,MSFT,2025-06-05,-10,205.62
ACC-0081,GOOGL,2025-06-09,-11,172.45
ACC-0081,MU,2025-06-18,34,167.00
ACC-0081,GOOGL,2025-06-20,18,171.70
ACC-0081,GOOGL,2025-06-27,-56,163.78
ACC-0081,MU,2025-07-01,-38,164.37
ACC-0081,MU,2025-07-03,-42,163.77
ACC-0081,GOOGL,2025-07-14,-5,154.52
ACC-0081,MU,2025-07-18,-10,157.33
ACC-0081,SMCI,2025-07-23,34,147.17
ACC-0081,MSFT,2025-08-01,-28,213.55
ACC-0081,MU,2025-08-04,-16,154.45
ACC-0081,MU,2025-08-07,58,150.62
ACC-0081,MSFT,2025-08-11,31,221.06
ACC-0081,GOOGL,2025-08-13,-56,149.18
ACC-0081,MU,2025-08-20,-17,169.32
ACC-0081,MU,2025-08-28,-52,167.44
ACC-0081,MU,2025-09-16,-31,166.28
ACC-0081,DIS,2025-09-25,40,261.83
ACC-0081,MU,2025-10-01,6,166.94
ACC-0081,MU,2025-10-02,60,166.58
ACC-0081,GOOGL,2025-10-08,15,131.33
ACC-0081,MSFT,2025-10-14,-23,268.79
ACC-0081,MU,2025-10-22,-23,173.37
ACC-0081,MU,2025-10-23,-7,176.26
ACC-0081,MSFT,2025-11-03,47,257.65
ACC-0081,ARM,2025-11-07,41,211.96
ACC-0081,GOOGL,2025-11-11,23,125.44
ACC-0081,GOOGL,2025-11-12,-56,126.82
ACC-0081,MSFT,2025-11-14,-51,249.54
ACC-0081,MU,2025-11-17,-52,184.23
ACC-0081,GOOGL,2025-11-21,-18,131.07
ACC-0081,META,2025-11-25,16,345.12
ACC-0081,MSFT,2025-12-10,-29,248.59
ACC-0081,MSFT,2025-12-24,20,251.33
ACC-0081,GOOGL,2025-12-30,-46,112.89
ACC-0081,SMCI,2026-01-02,11,164.02
ACC-0081,MSFT,2026-01-12,-25,273.39
ACC-0081,MSFT,2026-01-13,-49,275.60
ACC-0081,MSFT,2026-01-16,12,263.93
ACC-0081,GOOGL,2026-01-21,43,114.66
ACC-0081,MSFT,2026-01-26,22,254.16
ACC-0081,MSFT,2026-01-27,-44,252.87
ACC-0081,MU,2026-01-28,2,204.51
ACC-0081,GOOGL,2026-02-04,-16,123.31
ACC-0081,MSFT,2026-02-13,-39,234.62
ACC-0081,MSFT,2026-02-17,-30,241.37
ACC-0081,MSFT,2026-02-26,38,260.03
ACC-0081,MU,2026-02-27,19,204.30
ACC-0081,MSFT,2026-03-10,43,253.82
ACC-0081,MU,2026-03-19,37,197.37
ACC-0081,MSFT,2026-03-20,22,234.65
ACC-0081,MSFT,2026-03-24,60,233.61
ACC-0081,GOOGL,2026-04-02,-18,124.64
ACC-0081,GOOGL,2026-04-03,37,125.75
ACC-0081,GOOGL,2026-04-08,36,125.46
ACC-0081,MU,2026-04-15,59,213.01
ACC-0081,MSFT,2026-04-24,-50,261.48
ACC-0081,GOOGL,2026-05-01,-36,120.01
ACC-0081,MSFT,2026-05-06,-26,274.86
ACC-0081,GOOGL,2026-05-26,53,130.43
ACC-0081,MU,2026-05-28,-9,264.73
ACC-0081,MSFT,2026-06-05,-42,271.88
ACC-0081,MU,2026-06-24,9,236.86
ACC-0081,GOOGL,2026-06-26,38,128.17
ACC-0081,MSFT,2026-07-09,6,262.36
ACC-0081,RIVN,2026-07-29,-17,458.50
ACC-0081,BA,2026-07-30,20,499.92
ACC-0081,MU,2026-08-07,22,225.51
ACC-0081,MSFT,2026-08-14,-47,213.17
ACC-0081,GOOGL,2026-09-02,-16,133.78
ACC-0081,GOOGL,2026-09-03,49,135.86
ACC-0081,MU,2026-09-04,17,204.94
ACC-0082,PYPL,2025-06-13,-54,15.77
ACC-0082,TSM,2025-07-02,35,296.12
ACC-0082,MU,2025-07-08,-15,160.50
ACC-0082,MRVL,2025-07-21,6,184.15
ACC-0082,PYPL,2025-08-14,37,14.67
ACC-0082,MRVL,2025-08-26,-51,177.62
ACC-0082,PYPL,2025-09-02,15,14.05
ACC-0082,SMCI,2025-09-05,-46,181.53
ACC-0082,PYPL,2025-10-15,1,14.00
ACC-0082,MRVL,2025-10-31,1,152.44
ACC-0082,PYPL,2025-11-13,-36,14.14
ACC-0082,MRVL,2025-11-21,-4,148.42
ACC-0082,RIVN,2025-12-23,32,387.67
ACC-0082,MRVL,2025-12-31,-16,168.14
ACC-0082,PYPL,2026-01-01,-10,14.44
ACC-0082,MRVL,2026-01-05,3,168.26
ACC-0082,MRVL,2026-01-16,40,155.13
ACC-0082,MRVL,2026-01-22,12,157.96
ACC-0082,PYPL,2026-02-13,-57,15.58
ACC-0082,PYPL,2026-02-16,-33,15.58
ACC-0082,PYPL,2026-02-17,-59,15.68
ACC-0082,MRVL,2026-02-18,45,167.54
ACC-0082,PYPL,2026-02-19,26,15.47
ACC-0082,PYPL,2026-02-26,46,15.38
ACC-0082,ARM,2026-03-06,-5,175.25
ACC-0082,PYPL,2026-03-25,7,13.49
ACC-0082,TSM,2026-03-27,-23,261.87
ACC-0082,PYPL,2026-04-07,-4,12.42
ACC-0082,MRVL,2026-05-04,46,195.90
ACC-0082,PYPL,2026-05-05,44,14.11
ACC-0082,PYPL,2026-05-19,-38,13.01
ACC-0082,PYPL,2026-05-25,57,11.98
ACC-0082,MRVL,2026-06-24,50,172.26
ACC-0082,MRVL,2026-06-25,-36,172.53
ACC-0082,MRVL,2026-06-30,13,168.98
ACC-0082,MRVL,2026-07-10,19,174.50
ACC-0082,MRVL,2026-07-24,22,179.74
ACC-0082,SPY,2026-07-27,-48,146.04
ACC-0082,PYPL,2026-08-03,-11,14.84
ACC-0083,AVGO,2025-06-09,58,278.44
ACC-0083,TSM,2025-06-19,14,304.63
ACC-0083,TSM,2025-06-30,-28,295.78
ACC-0083,TSM,2025-07-04,-19,307.75
ACC-0083,TSM,2025-07-14,-36,276.21
ACC-0083,AVGO,2025-07-22,-46,224.93
ACC-0083,AVGO,2025-07-24,52,208.72
ACC-0083,TSM,2025-07-31,-24,286.08
ACC-0083,SHOP,2025-08-05,53,368.34
ACC-0083,AVGO,2025-08-06,-54,238.92
ACC-0083,TSM,2025-09-16,19,282.22
ACC-0083,TSM,2025-09-24,-38,302.93
ACC-0083,AVGO,2025-09-29,25,277.49
ACC-0083,TSM,2025-10-16,44,252.40
ACC-0083,AVGO,2025-10-17,-33,279.42
ACC-0083,TSM,2025-11-03,-53,232.39
ACC-0083,QQQ,2025-11-04,-4,229.74
ACC-0083,WMT,2025-11-11,-48,140.66
ACC-0083,TSM,2025-11-19,20,234.01
ACC-0083,UNH,2025-11-26,52,91.23
ACC-0083,AMD,2025-12-01,-28,25.77
ACC-0083,AVGO,2025-12-08,45,355.54
ACC-0083,AVGO,2025-12-10,9,375.01
ACC-0083,IREN,2025-12-11,-18,232.75
ACC-0083,TSM,2025-12-29,13,204.21
ACC-0083,AVGO,2025-12-31,53,315.76
ACC-0083,TSM,2026-01-12,5,228.90
ACC-0083,TSM,2026-02-10,-47,231.70
ACC-0083,TSM,2026-03-24,39,260.94
ACC-0083,TSM,2026-03-26,-19,260.68
ACC-0083,TSM,2026-04-01,12,263.56
ACC-0083,TSM,2026-04-20,14,284.69
ACC-0083,TSM,2026-04-21,3,278.09
ACC-0083,AVGO,2026-04-23,-9,200.18
ACC-0083,TSM,2026-05-08,60,255.00
ACC-0083,TSM,2026-05-13,16,252.96
ACC-0083,TSM,2026-05-27,21,236.85
ACC-0083,AVGO,2026-06-10,44,174.71
ACC-0083,AVGO,2026-06-15,60,172.31
ACC-0083,TSM,2026-06-29,45,203.20
ACC-0083,AVGO,2026-07-16,1,179.98
ACC-0083,TSM,2026-07-20,-2,199.55
ACC-0083,TSM,2026-07-31,54,185.01
ACC-0083,TSM,2026-08-05,-45,192.13
ACC-0083,AVGO,2026-08-21,-52,208.02
ACC-0083,TSM,2026-09-03,-20,185.21
ACC-0083,AVGO,2026-09-04,-21,215.80
ACC-0084,RIVN,2025-06-11,23,376.33
ACC-0084,META,2025-06-20,-10,373.34
ACC-0084,DIS,2025-07-08,31,292.52
ACC-0084,DIS,2025-09-04,-39,252.11
ACC-0084,DIS,2025-09-26,-12,263.38
ACC-0084,META,2025-10-06,33,358.24
ACC-0084,META,2025-10-17,-11,365.87
ACC-0084,DIS,2025-11-10,-40,246.71
ACC-0084,DIS,2025-12-03,26,228.05
ACC-0084,META,2026-01-13,52,488.75
ACC-0084,DIS,2026-03-05,8,179.32
ACC-0084,META,2026-03-20,-22,564.38
ACC-0084,META,2026-04-09,14,531.37
ACC-0084,META,2026-04-16,-6,527.59
ACC-0084,DIS,2026-05-11,-24,221.87
ACC-0084,META,2026-05-15,25,524.54
ACC-0084,META,2026-06-09,-44,504.90
ACC-0084,META,2026-06-17,-16,479.46
ACC-0084,WMT,2026-06-22,22,147.58
ACC-0084,META,2026-06-30,18,476.23
ACC-0084,DIS,2026-07-09,-52,269.76
ACC-0084,META,2026-08-07,46,509.36
ACC-0085,COIN,2025-06-05,38,383.68
ACC-0085,COIN,2025-06-24,25,339.42
ACC-0085,NFLX,2025-07-02,-49,246.51
ACC-0085,COIN,2025-07-15,29,381.39
ACC-0085,COIN,2025-07-30,5,388.11
ACC-0085,COIN,2025-07-31,28,387.29
ACC-0085,COIN,2025-08-27,23,414.92
ACC-0085,NVDA,2025-09-05,51,252.98
ACC-0085,COIN,2025-09-10,10,446.22
ACC-0085,NVDA,2025-09-12,-50,262.31
ACC-0085,COIN,2025-09-15,39,455.87
ACC-0085,NVDA,2025-09-16,42,271.40
ACC-0085,COIN,2025-09-17,-16,456.38
ACC-0085,COIN,2025-09-18,-14,442.76
ACC-0085,NVDA,2025-10-10,47,297.90
ACC-0085,COIN,2025-11-28,1,326.71
ACC-0085,COIN,2025-12-02,-4,316.17
ACC-0085,NVDA,2025-12-08,30,276.26
ACC-0085,AAPL,2025-12-09,53,133.09
ACC-0085,NVDA,2025-12-16,-41,303.45
ACC-0085,NVDA,2025-12-18,7,296.56
ACC-0085,NVDA,2026-01-02,-20,289.42
ACC-0085,NVDA,2026-01-08,-46,289.83
ACC-0085,SMCI,2026-01-19,8,173.33
ACC-0085,COIN,2026-01-22,48,282.77
ACC-0085,COIN,2026-01-28,45,271.49
ACC-0085,COIN,2026-03-05,-21,248.32
ACC-0085,COIN,2026-04-08,23,232.20
ACC-0085,NVDA,2026-04-10,-35,355.75
ACC-0085,NVDA,2026-04-13,-41,360.55
ACC-0085,NVDA,2026-04-20,-47,320.95
ACC-0085,COIN,2026-04-21,40,220.21
ACC-0085,COIN,2026-04-27,22,225.53
ACC-0085,COIN,2026-05-08,-11,204.10
ACC-0085,COIN,2026-05-21,5,205.88
ACC-0085,NVDA,2026-05-26,-43,295.27
ACC-0085,SPY,2026-06-12,34,163.05
ACC-0085,COIN,2026-06-15,-13,219.10
ACC-0085,NVDA,2026-06-18,25,306.52
ACC-0085,COIN,2026-06-26,-45,228.53
ACC-0085,MSFT,2026-06-29,28,256.65
ACC-0085,NVDA,2026-07-10,-56,345.25
ACC-0086,INTC,2025-06-03,22,197.83
ACC-0086,ARM,2025-06-05,52,205.73
ACC-0086,XOM,2025-06-16,50,292.24
ACC-0086,INTC,2025-07-07,46,179.91
ACC-0086,INTC,2025-08-08,-58,185.55
ACC-0086,AAPL,2025-09-18,27,109.62
ACC-0086,INTC,2025-09-26,15,205.42
ACC-0086,AAPL,2025-09-29,55,116.60
ACC-0086,INTC,2025-10-07,38,210.24
ACC-0086,INTC,2025-10-15,59,218.45
ACC-0086,INTC,2025-10-16,2,211.48
ACC-0086,AAPL,2025-11-05,18,117.47
ACC-0086,AAPL,2025-11-07,-25,120.70
ACC-0086,INTC,2025-12-03,19,238.20
ACC-0086,AMD,2025-12-12,-59,25.90
ACC-0086,AAPL,2026-03-09,-9,138.01
ACC-0086,VRT,2026-03-11,53,108.43
ACC-0086,AAPL,2026-03-12,55,132.47
ACC-0086,INTC,2026-03-16,-48,235.40
ACC-0086,AAPL,2026-03-24,58,140.73
ACC-0086,AAPL,2026-03-25,-10,140.61
ACC-0086,AMD,2026-03-30,-4,26.73
ACC-0086,AAPL,2026-03-31,-51,145.48
ACC-0086,AAPL,2026-04-01,16,141.79
ACC-0086,AAPL,2026-04-02,-9,146.23
ACC-0086,AAPL,2026-04-08,-44,151.01
ACC-0086,AAPL,2026-04-20,-54,144.77
ACC-0086,INTC,2026-04-21,14,318.86
ACC-0086,INTC,2026-05-04,-38,295.80
ACC-0086,AAPL,2026-05-20,57,146.46
ACC-0086,AAPL,2026-05-21,-59,146.57
ACC-0086,INTC,2026-05-27,-50,286.73
ACC-0086,HOOD,2026-06-03,58,168.10
ACC-0086,INTC,2026-06-04,46,274.84
ACC-0086,AAPL,2026-06-10,28,153.96
ACC-0086,INTC,2026-06-11,33,261.60
ACC-0086,AAPL,2026-07-02,-13,121.04
ACC-0086,INTC,2026-07-06,57,219.00
ACC-0086,INTC,2026-07-14,-56,203.13
ACC-0086,SNAP,2026-07-28,-53,15.46
ACC-0086,AAPL,2026-07-31,2,126.27
ACC-0086,AAPL,2026-08-03,39,132.22
ACC-0086,AAPL,2026-08-05,-49,131.34
ACC-0086,AAPL,2026-08-12,37,136.32
ACC-0087,TSM,2025-06-25,7,300.93
ACC-0087,CRWD,2025-07-07,-22,385.03
ACC-0087,PLTR,2025-07-14,18,189.69
ACC-0087,PLTR,2025-07-17,47,185.94
ACC-0087,PLTR,2025-08-19,41,188.07
ACC-0087,XOM,2025-08-21,3,243.41
ACC-0087,PLTR,2025-08-22,-34,194.46
ACC-0087,PLTR,2025-09-08,-56,195.92
ACC-0087,PLTR,2025-11-25,51,198.15
ACC-0087,PLTR,2025-11-28,-14,194.81
ACC-0087,XOM,2026-01-14,-5,325.17
ACC-0087,AAPL,2026-02-11,-44,135.67
ACC-0087,PLTR,2026-05-13,46,181.64
ACC-0087,XOM,2026-05-29,-30,275.07
ACC-0087,AMZN,2026-06-09,-11,155.76
ACC-0087,PLTR,2026-07-09,-17,183.37
ACC-0087,UBER,2026-08-03,37,253.35
ACC-0088,WMT,2025-06-12,58,124.59
ACC-0088,BA,2025-06-20,-44,359.98
ACC-0088,WMT,2025-06-23,41,126.72
ACC-0088,WMT,2025-06-25,-9,130.31
ACC-0088,CRWD,2025-07-07,19,385.17
ACC-0088,BA,2025-07-16,-10,328.64
ACC-0088,WMT,2025-07-24,-52,142.11
ACC-0088,BA,2025-08-06,9,310.75
ACC-0088,WMT,2025-08-11,-54,148.77
ACC-0088,BA,2025-08-20,50,325.65
ACC-0088,BA,2025-08-28,20,333.63
ACC-0088,BA,2025-08-29,40,343.54
ACC-0088,WMT,2025-09-02,-27,167.43
ACC-0088,WMT,2025-09-03,-19,168.42
ACC-0088,WMT,2025-09-22,51,155.55
ACC-0088,WMT,2025-09-30,18,150.21
ACC-0088,BA,2025-10-07,42,340.60
ACC-0088,TSLA,2025-10-08,-10,212.29
ACC-0088,WMT,2025-10-31,51,138.70
ACC-0088,BA,2025-11-11,-60,350.03
ACC-0088,BA,2025-11-20,-1,318.59
ACC-0088,WMT,2025-12-10,-19,132.71
ACC-0088,ARM,2025-12-24,10,202.73
ACC-0088,WMT,2026-01-09,57,140.59
ACC-0088,BA,2026-01-19,-34,355.07
ACC-0088,WMT,2026-01-22,-20,137.27
ACC-0088,WMT,2026-01-30,48,140.96
ACC-0088,WMT,2026-02-10,-43,139.03
ACC-0088,WMT,2026-02-16,-4,140.54
ACC-0088,WMT,2026-03-02,-31,130.44
ACC-0088,MRVL,2026-03-04,37,166.20
ACC-0088,BA,2026-03-05,12,465.20
ACC-0088,WMT,2026-03-31,45,113.76
ACC-0088,BA,2026-04-10,5,455.25
ACC-0088,WMT,2026-04-13,-32,119.97
ACC-0088,BA,2026-04-21,30,437.72
ACC-0088,BA,2026-04-23,-9,433.31
ACC-0088,BA,2026-05-05,-13,459.75
ACC-0089,UBER,2025-06-23,51,203.99
ACC-0089,XOM,2025-07-09,-23,228.19
ACC-0089,XOM,2025-07-17,24,229.08
ACC-0089,XOM,2025-08-04,43,235.93
ACC-0089,XOM,2025-08-12,-27,230.61
ACC-0089,UBER,2025-08-28,45,198.34
ACC-0089,SMCI,2025-09-29,-32,175.02
ACC-0089,XOM,2025-10-01,9,258.44
ACC-0089,UBER,2025-10-28,20,199.97
ACC-0089,UBER,2025-11-07,50,194.75
ACC-0089,XOM,2025-11-12,50,273.92
ACC-0089,XOM,2025-12-10,-11,301.48
ACC-0089,XOM,2026-01-01,53,317.85
ACC-0089,UBER,2026-03-11,-11,257.19
ACC-0089,UBER,2026-04-01,11,254.62
ACC-0089,UBER,2026-04-07,-35,246.51
ACC-0089,UBER,2026-05-29,35,222.39
ACC-0089,XOM,2026-06-11,23,272.47
ACC-0089,XOM,2026-06-19,49,295.78
ACC-0090,AAPL,2025-06-12,12,138.71
ACC-0090,AAPL,2025-06-13,31,139.79
ACC-0090,AAPL,2025-07-18,-19,132.03
ACC-0090,SOFI,2025-08-04,-13,39.27
ACC-0090,AAPL,2025-08-14,37,125.00
ACC-0090,AMZN,2025-08-20,21,94.94
ACC-0090,AAPL,2025-08-22,38,125.77
ACC-0090,AAPL,2025-08-27,-2,118.90
ACC-0090,AMZN,2025-10-14,-30,113.22
ACC-0090,AMZN,2025-10-16,26,108.84
ACC-0090,AMZN,2025-10-17,60,110.96
ACC-0090,AMZN,2025-10-28,59,112.87
ACC-0090,AMZN,2025-10-29,5,108.56
ACC-0090,AMZN,2025-11-07,-45,114.36
ACC-0090,SOFI,2025-11-14,-34,28.01
ACC-0090,AAPL,2025-11-28,55,126.34
ACC-0090,AAPL,2025-12-10,23,136.11
ACC-0090,AAPL,2025-12-11,40,135.44
ACC-0090,AAPL,2025-12-17,34,130.62
ACC-0090,AAPL,2025-12-30,-20,139.74
ACC-0090,AAPL,2026-01-23,-15,127.77
ACC-0090,AAPL,2026-01-30,54,124.34
ACC-0090,AMZN,2026-02-05,15,125.07
ACC-0090,AAPL,2026-02-13,-48,143.41
ACC-0090,AAPL,2026-02-19,6,141.88
ACC-0090,AAPL,2026-02-27,-45,138.16
ACC-0090,AMZN,2026-03-10,35,135.28
ACC-0090,AMZN,2026-03-17,27,132.64
ACC-0090,AMZN,2026-04-02,54,138.55
ACC-0090,AMZN,2026-04-14,12,138.92
ACC-0090,AAPL,2026-04-15,-16,159.10
ACC-0090,IREN,2026-04-30,-20,310.16
ACC-0090,AAPL,2026-05-07,-60,165.32
ACC-0090,AAPL,2026-05-29,-3,152.64
ACC-0090,AAPL,2026-06-03,-38,148.68
ACC-0091,MU,2025-06-02,-45,169.72
ACC-0091,MU,2025-06-10,-10,166.59
ACC-0091,MU,2025-06-13,33,168.97
ACC-0091,GOOGL,2025-06-16,26,164.87
ACC-0091,VRT,2025-06-17,-54,118.45
ACC-0091,MU,2025-07-07,-8,157.88
ACC-0091,MU,2025-07-11,-43,160.44
ACC-0091,TSLA,2025-07-23,16,181.83
ACC-0091,GOOGL,2025-07-31,4,144.66
ACC-0091,MU,2025-08-18,-56,169.75
ACC-0091,GOOGL,2025-08-27,33,150.17
ACC-0091,UBER,2025-08-28,-21,198.91
ACC-0091,MU,2025-09-05,59,159.89
ACC-0091,MU,2025-09-08,12,155.39
ACC-0091,SOFI,2025-09-09,31,36.38
ACC-0091,MU,2025-09-18,-21,158.50
ACC-0091,GOOGL,2025-09-22,-21,145.31
ACC-0091,GOOGL,2025-09-23,-23,142.85
ACC-0091,MU,2025-10-02,6,166.88
ACC-0091,COIN,2025-10-03,-30,396.18
ACC-0091,GOOGL,2025-10-07,-35,132.78
ACC-0091,MU,2025-10-10,43,164.82
ACC-0091,GOOGL,2025-10-13,-18,136.67
ACC-0091,MU,2025-10-15,-51,164.60
ACC-0091,GOOGL,2025-10-16,-5,138.42
ACC-0091,GOOGL,2025-11-12,32,127.35
ACC-0091,UNH,2025-11-13,18,83.68
ACC-0091,GOOGL,2025-11-19,-8,127.35
ACC-0091,MU,2025-11-24,-22,174.47
ACC-0091,GOOGL,2025-12-29,-6,112.08
ACC-0091,SOFI,2026-01-01,31,21.55
ACC-0091,GOOGL,2026-01-02,-37,109.74
ACC-0091,MU,2026-01-06,32,185.03
ACC-0091,MU,2026-01-12,-17,191.61
ACC-0091,MU,2026-01-19,-39,200.55
ACC-0091,GOOGL,2026-01-22,2,117.63
ACC-0091,GOOGL,2026-01-23,47,119.48
ACC-0091,MU,2026-01-27,45,199.65
ACC-0091,MU,2026-01-28,34,203.29
ACC-0091,GOOGL,2026-01-29,25,121.86
ACC-0091,MU,2026-02-12,-30,193.82
ACC-0091,WMT,2026-02-16,-47,141.05
ACC-0091,MU,2026-03-20,-8,191.04
ACC-0091,GOOGL,2026-03-31,-40,133.31
ACC-0091,GOOGL,2026-04-03,-44,125.71
ACC-0091,XOM,2026-04-24,-7,246.18
ACC-0091,GOOGL,2026-04-28,33,118.23
ACC-0091,GOOGL,2026-04-30,-17,121.52
ACC-0091,IREN,2026-05-01,-17,315.31
ACC-0091,SOFI,2026-05-25,9,18.42
ACC-0091,GOOGL,2026-05-26,-19,131.48
ACC-0091,UNH,2026-06-01,49,111.66
ACC-0091,MU,2026-06-08,17,254.21
ACC-0091,GOOGL,2026-06-09,-28,131.01
ACC-0091,GOOGL,2026-06-18,44,127.65
ACC-0091,MU,2026-07-13,-22,222.33
ACC-0091,GOOGL,2026-08-03,-59,121.32
ACC-0091,GOOGL,2026-08-13,58,128.61
ACC-0091,MU,2026-09-01,48,218.89
ACC-0091,GOOGL,2026-09-02,29,133.08
ACC-0092,NFLX,2025-06-09,-28,225.87
ACC-0092,SNAP,2025-06-16,-33,14.39
ACC-0092,SNAP,2025-06-19,31,14.27
ACC-0092,NFLX,2025-06-24,-59,236.61
ACC-0092,DIS,2025-06-27,28,278.95
ACC-0092,SMCI,2025-07-11,58,143.18
ACC-0092,SNAP,2025-08-04,-53,13.86
ACC-0092,INTC,2025-08-21,-12,201.72
ACC-0092,SNAP,2025-08-22,21,13.92
ACC-0092,SNAP,2025-09-18,56,15.69
ACC-0092,NFLX,2025-09-19,1,191.92
ACC-0092,RIVN,2025-10-20,-57,407.17
ACC-0092,NFLX,2025-11-20,22,205.49
ACC-0092,NFLX,2025-12-18,27,216.18
ACC-0092,NFLX,2025-12-22,-22,224.65
ACC-0092,NFLX,2025-12-26,48,216.95
ACC-0092,SNAP,2026-01-05,-47,19.67
ACC-0092,SNAP,2026-01-08,11,19.60
ACC-0092,SNAP,2026-01-15,-11,18.91
ACC-0092,SNAP,2026-01-21,-53,17.84
ACC-0092,MSTR,2026-01-26,57,56.46
ACC-0092,AMZN,2026-01-27,-21,124.89
ACC-0092,NFLX,2026-02-03,-39,214.30
ACC-0092,NFLX,2026-02-09,44,206.16
ACC-0092,RIVN,2026-02-11,-46,420.46
ACC-0092,GOOGL,2026-02-26,51,134.40
ACC-0092,SNAP,2026-03-09,-56,19.15
ACC-0092,NFLX,2026-03-26,9,206.30
ACC-0092,SNAP,2026-04-06,58,18.75
ACC-0092,NFLX,2026-04-07,21,220.73
ACC-0092,NFLX,2026-04-15,-14,220.67
ACC-0092,NFLX,2026-04-16,-25,213.00
ACC-0092,SNAP,2026-04-27,48,19.61
ACC-0092,SNAP,2026-04-29,-10,18.91
ACC-0092,SNAP,2026-05-22,1,15.75
ACC-0092,AAPL,2026-05-26,49,154.57
ACC-0093,MSTR,2025-07-08,-26,55.67
ACC-0093,INTC,2025-08-06,-11,180.79
ACC-0093,MSTR,2025-08-22,25,64.35
ACC-0093,INTC,2025-10-27,40,215.09
ACC-0093,INTC,2026-03-05,38,243.61
ACC-0093,COIN,2026-03-18,7,245.72
ACC-0093,MSTR,2026-04-09,-6,66.59
ACC-0093,MSTR,2026-04-17,-36,64.59
ACC-0093,INTC,2026-05-25,44,279.83
ACC-0093,INTC,2026-06-22,-50,246.20
ACC-0093,QQQ,2026-07-27,-25,212.05
ACC-0093,INTC,2026-08-14,-25,243.62
ACC-0094,PLTR,2025-06-06,-32,186.10
ACC-0094,PLTR,2025-06-10,-46,189.69
ACC-0094,PLTR,2025-06-11,-23,184.80
ACC-0094,PLTR,2025-06-27,18,175.77
ACC-0094,UNH,2025-06-30,-10,107.37
ACC-0094,PLTR,2025-07-04,43,184.23
ACC-0094,PLTR,2025-07-11,-51,190.54
ACC-0094,PLTR,2025-07-23,-10,197.88
ACC-0094,UNH,2025-07-25,44,97.48
ACC-0094,UNH,2025-07-30,-51,97.85
ACC-0094,SPY,2025-08-12,-19,168.00
ACC-0094,UNH,2025-08-13,3,89.90
ACC-0094,PLTR,2025-09-05,43,193.96
ACC-0094,VRT,2025-09-30,-48,99.64
ACC-0094,PLTR,2025-10-02,56,202.96
ACC-0094,PLTR,2025-10-22,41,196.46
ACC-0094,UNH,2025-10-24,-22,80.27
ACC-0094,QQQ,2025-11-03,14,226.82
ACC-0094,PLTR,2025-11-04,-18,214.12
ACC-0094,UNH,2025-11-06,-59,78.51
ACC-0094,UNH,2025-11-12,46,83.48
ACC-0094,UNH,2025-11-13,-14,83.30
ACC-0094,PLTR,2025-11-21,-35,197.01
ACC-0094,UNH,2025-11-27,38,90.92
ACC-0094,PLTR,2025-12-15,-13,201.56
ACC-0094,PLTR,2025-12-18,-50,209.12
ACC-0094,NVDA,2025-12-23,38,310.73
ACC-0094,PLTR,2026-01-01,-46,188.64
ACC-0094,AMD,2026-01-05,6,23.02
ACC-0094,UNH,2026-01-13,-50,102.07
ACC-0094,PLTR,2026-01-20,-54,188.83
ACC-0094,PLTR,2026-02-16,-15,179.26
ACC-0094,UNH,2026-02-25,-14,121.77
ACC-0094,UNH,2026-03-02,8,122.60
ACC-0094,UNH,2026-03-12,-37,115.65
ACC-0094,UNH,2026-03-17,29,113.06
ACC-0094,UNH,2026-03-23,3,119.20
ACC-0094,UNH,2026-03-31,54,120.47
ACC-0094,XOM,2026-04-03,-1,238.17
ACC-0094,MRVL,2026-04-07,-45,170.23
ACC-0094,PLTR,2026-04-09,40,166.06
ACC-0094,SOFI,2026-04-20,25,19.98
ACC-0094,UNH,2026-04-28,-12,122.00
ACC-0094,PLTR,2026-05-13,-28,180.95
ACC-0094,PLTR,2026-05-19,3,187.26
ACC-0094,UNH,2026-05-29,-54,111.57
ACC-0094,UNH,2026-06-01,-25,111.80
ACC-0094,PLTR,2026-06-05,-30,211.68
ACC-0094,PLTR,2026-06-08,35,212.05
ACC-0094,PLTR,2026-06-16,-17,203.85
ACC-0094,UNH,2026-06-22,60,112.78
ACC-0094,UNH,2026-07-03,40,121.19
ACC-0094,UNH,2026-07-29,18,119.57
ACC-0094,UNH,2026-07-31,-29,113.20
ACC-0094,INTC,2026-08-11,-49,231.72
ACC-0094,IREN,2026-08-13,-13,308.30
ACC-0094,UNH,2026-08-28,50,110.11
ACC-0094,UNH,2026-09-01,8,111.91
ACC-0094,PLTR,2026-09-04,-9,198.16
ACC-0095,SNAP,2025-06-10,-39,15.26
ACC-0095,NVDA,2025-07-23,34,236.98
ACC-0095,ARM,2025-07-29,28,198.68
ACC-0095,WMT,2025-11-11,43,139.87
ACC-0095,SNAP,2025-12-03,-33,17.79
ACC-0095,WMT,2026-03-24,56,115.61
ACC-0095,WMT,2026-04-13,-12,119.92
ACC-0095,WMT,2026-04-20,-26,117.58
ACC-0095,SNAP,2026-04-27,51,19.52
ACC-0095,WMT,2026-05-14,21,121.79
ACC-0095,WMT,2026-06-12,22,143.98
ACC-0095,SNAP,2026-07-20,51,15.25
ACC-0095,SMCI,2026-08-03,1,151.26
ACC-0096,SOFI,2025-06-20,-51,40.81
ACC-0096,SOFI,2025-06-27,36,41.08
ACC-0096,XOM,2025-07-10,46,227.17
ACC-0096,SOFI,2025-07-14,-17,34.75
ACC-0096,UNH,2025-07-17,18,92.15
ACC-0096,SOFI,2025-07-23,59,38.54
ACC-0096,XOM,2025-07-24,41,231.13
ACC-0096,RIVN,2025-10-29,-5,403.57
ACC-0096,SOFI,2025-11-24,27,26.12
ACC-0096,SOFI,2025-11-27,-40,23.68
ACC-0096,SOFI,2026-01-16,-18,20.98
ACC-0096,SOFI,2026-01-29,13,21.00
ACC-0096,RIVN,2026-02-03,-52,389.24
ACC-0096,XOM,2026-02-11,-22,278.21
ACC-0096,XOM,2026-02-12,23,283.55
ACC-0096,XOM,2026-04-03,14,236.63
ACC-0096,SOFI,2026-06-03,-9,18.20
ACC-0096,SOFI,2026-08-17,15,16.40
ACC-0096,XOM,2026-08-19,-58,350.58
ACC-0097,PYPL,2025-06-05,-36,15.29
ACC-0097,ARM,2025-06-06,44,214.15
ACC-0097,ARM,2025-07-14,-47,186.62
ACC-0097,ARM,2025-07-18,-40,195.81
ACC-0097,PYPL,2025-08-05,21,14.58
ACC-0097,PYPL,2025-08-18,-54,14.68
ACC-0097,TSM,2025-08-19,44,267.82
ACC-0097,PYPL,2025-09-01,28,13.83
ACC-0097,PYPL,2025-09-15,-49,14.10
ACC-0097,ARM,2025-10-06,34,178.74
ACC-0097,TSLA,2025-10-10,-25,202.72
ACC-0097,IREN,2025-10-15,58,237.38
ACC-0097,ARM,2025-10-29,-1,193.42
ACC-0097,PYPL,2025-11-06,-34,13.95
ACC-0097,ARM,2025-11-07,20,211.76
ACC-0097,PYPL,2025-11-12,29,13.73
ACC-0097,ARM,2025-12-18,25,212.95
ACC-0097,ARM,2025-12-19,1,211.93
ACC-0097,ARM,2026-01-05,-46,204.51
ACC-0097,PYPL,2026-01-15,4,14.02
ACC-0097,SPY,2026-02-05,46,188.60
ACC-0097,ARM,2026-02-09,-40,170.24
ACC-0097,ARM,2026-02-17,16,184.04
ACC-0097,ARM,2026-03-23,31,185.20
ACC-0097,PYPL,2026-04-20,20,12.95
ACC-0097,PYPL,2026-05-04,-51,13.65
ACC-0097,PYPL,2026-05-14,-60,13.20
ACC-0097,ARM,2026-05-18,10,175.59
ACC-0097,ARM,2026-06-01,19,189.19
ACC-0097,ARM,2026-06-11,28,184.22
ACC-0097,PYPL,2026-06-15,-10,13.20
ACC-0097,PYPL,2026-07-10,-28,14.72
ACC-0097,ARM,2026-07-15,-7,185.11
ACC-0098,NVDA,2025-06-03,28,222.97
ACC-0098,IREN,2025-06-09,-54,187.84
ACC-0098,SHOP,2025-06-16,-53,320.42
ACC-0098,PYPL,2025-07-18,-46,14.63
ACC-0098,NVDA,2025-08-06,29,243.01
ACC-0098,PYPL,2025-08-19,-17,14.45
ACC-0098,NVDA,2025-08-29,17,263.59
ACC-0098,PYPL,2025-09-02,49,14.07
ACC-0098,NVDA,2025-09-04,40,259.52
ACC-0098,PYPL,2025-09-05,57,14.22
ACC-0098,PYPL,2025-09-12,-44,14.35
ACC-0098,PYPL,2025-09-16,13,14.41
ACC-0098,PYPL,2025-09-23,56,15.02
ACC-0098,PYPL,2025-09-26,55,14.77
ACC-0098,PYPL,2025-09-30,27,15.19
ACC-0098,NVDA,2025-10-21,-30,277.96
ACC-0098,PYPL,2025-10-22,29,13.42
ACC-0098,COIN,2025-11-04,-5,318.87
ACC-0098,PYPL,2025-12-18,-54,15.35
ACC-0098,PYPL,2025-12-29,-12,13.88
ACC-0098,NVDA,2026-01-06,-3,285.15
ACC-0098,PYPL,2026-01-07,49,14.02
ACC-0098,NVDA,2026-01-13,-32,291.26
ACC-0098,NVDA,2026-01-14,-24,302.93
ACC-0098,PYPL,2026-01-15,31,14.11
ACC-0098,PYPL,2026-01-21,-54,14.13
ACC-0098,PYPL,2026-01-26,57,15.49
ACC-0098,PYPL,2026-01-29,-1,15.58
ACC-0098,PYPL,2026-02-09,26,15.94
ACC-0098,NVDA,2026-02-12,-10,360.90
ACC-0098,NVDA,2026-02-23,-36,372.92
ACC-0098,PYPL,2026-03-17,14,13.56
ACC-0098,PYPL,2026-03-18,15,13.61
ACC-0098,PYPL,2026-03-19,-26,14.00
ACC-0098,NVDA,2026-04-15,44,345.31
ACC-0098,PYPL,2026-04-28,-16,13.07
ACC-0098,ARM,2026-05-15,-31,174.23
ACC-0098,NVDA,2026-05-18,50,305.16
ACC-0098,PYPL,2026-05-25,41,11.93
ACC-0098,PYPL,2026-06-05,13,12.99
ACC-0098,PYPL,2026-06-10,32,12.94
ACC-0098,PYPL,2026-07-15,-3,14.67
ACC-0098,PYPL,2026-07-16,-2,14.79
ACC-0098,NVDA,2026-07-21,1,347.19
ACC-0098,PYPL,2026-07-24,5,13.63
ACC-0098,PYPL,2026-07-27,-41,14.19
ACC-0098,PYPL,2026-07-31,-11,14.54
ACC-0098,PYPL,2026-08-11,51,15.60
ACC-0099,MSFT,2025-06-09,-14,200.23
ACC-0099,MSFT,2025-06-18,40,195.98
ACC-0099,MSFT,2025-06-23,-27,191.45
ACC-0099,MSFT,2025-06-24,-58,195.17
ACC-0099,AMD,2025-06-27,-56,24.97
ACC-0099,AMD,2025-06-30,-1,25.94
ACC-0099,MSFT,2025-07-07,6,207.62
ACC-0099,MSFT,2025-07-17,11,212.63
ACC-0099,MSFT,2025-07-24,33,209.02
ACC-0099,AMD,2025-07-28,11,24.72
ACC-0099,AMD,2025-07-30,-21,25.02
ACC-0099,AMD,2025-08-01,-60,24.98
ACC-0099,COIN,2025-08-05,-55,376.82
ACC-0099,AMZN,2025-08-12,14,95.53
ACC-0099,MSFT,2025-08-15,-40,214.52
ACC-0099,AMD,2025-08-27,-40,21.43
ACC-0099,MSFT,2025-09-19,15,239.37
ACC-0099,MSFT,2025-10-01,2,248.09
ACC-0099,AMD,2025-10-03,-4,30.53
ACC-0099,AMD,2025-10-06,60,29.76
ACC-0099,MSFT,2025-10-22,-54,260.63
ACC-0099,MSFT,2025-11-06,-1,254.01
ACC-0099,AMD,2025-11-18,-21,30.06
ACC-0099,AMD,2025-11-20,33,29.04
ACC-0099,MSFT,2025-11-26,36,253.05
ACC-0099,MSFT,2025-11-27,-18,249.64
ACC-0099,AMD,2025-12-11,-23,26.41
ACC-0099,AMD,2025-12-17,23,26.17
ACC-0099,AMD,2025-12-22,-20,24.76
ACC-0099,AMD,2026-01-02,-29,24.30
ACC-0099,AMD,2026-01-05,-20,22.90
ACC-0099,AMD,2026-01-06,50,22.46
ACC-0099,MSFT,2026-01-13,-8,274.66
ACC-0099,NFLX,2026-01-15,24,219.47
ACC-0099,AMD,2026-01-22,-4,21.22
ACC-0099,AMD,2026-02-05,42,19.70
ACC-0099,AMD,2026-02-11,40,20.90
ACC-0099,MSFT,2026-02-25,52,261.91
ACC-0099,AMD,2026-03-05,-46,23.73
ACC-0099,AMD,2026-03-09,12,23.85
ACC-0099,AMD,2026-03-18,-44,24.91
ACC-0099,AMD,2026-03-23,-58,25.15
ACC-0099,MSFT,2026-03-24,-26,232.81
ACC-0099,MSFT,2026-03-26,12,233.69
ACC-0099,INTC,2026-04-06,10,273.14
ACC-0099,MSFT,2026-04-07,-57,237.13
ACC-0099,AMD,2026-04-16,55,28.05
ACC-0099,BA,2026-04-27,-17,436.09
ACC-0099,MSFT,2026-05-04,18,276.23
ACC-0099,AMD,2026-05-07,-17,29.47
ACC-0099,AMD,2026-05-18,51,28.84
ACC-0099,ARM,2026-05-20,-37,174.40
ACC-0099,MSFT,2026-05-21,9,284.95
ACC-0099,AMD,2026-05-22,-30,28.53
ACC-0099,MSFT,2026-05-27,14,285.61
ACC-0099,MSFT,2026-05-28,-8,280.20
ACC-0099,AMD,2026-06-08,16,27.62
ACC-0099,AMD,2026-06-10,-44,28.26
ACC-0099,MSFT,2026-06-15,-33,267.45
ACC-0099,AMD,2026-06-24,30,29.99
ACC-0099,META,2026-07-02,22,505.57
ACC-0099,AMD,2026-07-03,19,29.17
ACC-0099,MSFT,2026-07-10,59,256.10
ACC-0099,MSFT,2026-07-15,-50,246.72
ACC-0099,MSFT,2026-07-21,-60,255.19
ACC-0099,AMD,2026-07-27,49,28.24
ACC-0099,MSFT,2026-08-03,7,229.08
ACC-0099,MSFT,2026-08-17,-10,214.29
ACC-0099,MSFT,2026-08-18,22,210.90
ACC-0099,MSFT,2026-08-19,49,221.21
ACC-0099,SOXL,2026-08-20,-46,218.42
ACC-0099,MSFT,2026-08-25,54,233.91
ACC-0099,AMD,2026-08-31,12,29.06
ACC-0099,AMD,2026-09-03,-53,29.47
ACC-0100,NFLX,2025-06-02,57,231.86
ACC-0100,NFLX,2025-06-04,15,232.68
ACC-0100,INTC,2025-06-05,10,197.00
ACC-0100,NFLX,2025-06-11,51,223.17
ACC-0100,MSTR,2025-06-13,-7,54.63
ACC-0100,IREN,2025-06-19,-19,188.09
ACC-0100,MSTR,2025-06-20,42,55.75
ACC-0100,NFLX,2025-07-16,-42,244.24
ACC-0100,NFLX,2025-08-11,36,202.89
ACC-0100,NFLX,2025-08-18,35,190.37
ACC-0100,MSTR,2025-08-19,-47,64.78
ACC-0100,MSTR,2025-08-21,-57,65.02
ACC-0100,AMZN,2025-09-12,29,103.81
ACC-0100,MSTR,2025-09-22,-23,62.08
ACC-0100,MSTR,2025-10-01,-43,64.93
ACC-0100,NFLX,2025-10-23,-53,220.63
ACC-0100,NFLX,2025-10-24,22,222.45
ACC-0100,MSTR,2025-10-27,-23,67.62
ACC-0100,AVGO,2025-11-10,-2,290.32
ACC-0100,MSTR,2025-12-01,-49,66.27
ACC-0100,MSTR,2025-12-04,34,65.23
ACC-0100,NFLX,2025-12-05,17,209.08
ACC-0100,NFLX,2025-12-09,1,205.42
ACC-0100,MSTR,2025-12-16,14,60.61
ACC-0100,IREN,2026-01-01,27,247.77
ACC-0100,MSTR,2026-01-05,23,56.37
ACC-0100,MSTR,2026-01-06,-44,59.37
ACC-0100,MSTR,2026-01-12,-21,57.75
ACC-0100,AVGO,2026-01-13,-22,291.47
ACC-0100,MSTR,2026-01-14,10,57.51
ACC-0100,MSTR,2026-01-15,1,56.45
ACC-0100,NFLX,2026-01-16,29,217.16
ACC-0100,NFLX,2026-01-19,32,215.07
ACC-0100,CRWD,2026-01-21,51,509.59
ACC-0100,NFLX,2026-01-22,22,220.73
ACC-0100,NFLX,2026-01-26,-41,212.08
ACC-0100,NVDA,2026-02-04,59,358.58
ACC-0100,SOFI,2026-02-24,48,18.77
ACC-0100,MSTR,2026-03-04,31,64.75
ACC-0100,MSTR,2026-03-05,-46,65.01
ACC-0100,MSTR,2026-03-06,-26,65.00
ACC-0100,NFLX,2026-03-10,-35,203.75
ACC-0100,MSTR,2026-03-11,-1,63.10
ACC-0100,NFLX,2026-03-13,-56,207.27
ACC-0100,MSTR,2026-03-27,-48,68.43
ACC-0100,CRWD,2026-04-09,4,458.81
ACC-0100,MSTR,2026-04-10,-7,65.52
ACC-0100,MSTR,2026-04-13,-17,67.18
ACC-0100,AAPL,2026-04-29,44,151.81
ACC-0100,NFLX,2026-05-14,-16,217.87
ACC-0100,MSTR,2026-05-18,28,70.72
ACC-0100,MSTR,2026-05-26,-56,69.87
ACC-0100,NFLX,2026-05-27,13,216.20
ACC-0100,MSTR,2026-06-05,50,65.41
ACC-0100,NFLX,2026-06-11,-32,190.90
ACC-0101,MSTR,2025-07-17,50,57.27
ACC-0101,PLTR,2025-07-28,14,194.99
ACC-0101,MRVL,2025-09-10,-7,160.30
ACC-0101,MU,2025-10-30,-8,181.52
ACC-0101,PLTR,2026-05-01,51,182.20
ACC-0101,SNAP,2026-05-08,31,16.26
ACC-0102,SMCI,2025-06-13,23,132.94
ACC-0102,SHOP,2025-06-27,54,326.44
ACC-0102,PYPL,2025-07-01,-52,15.89
ACC-0102,SHOP,2025-07-09,-22,358.32
ACC-0102,SHOP,2025-07-15,-36,355.40
ACC-0102,PLTR,2025-07-25,-29,193.94
ACC-0102,PYPL,2025-08-21,-33,13.91
ACC-0102,PYPL,2025-09-17,39,14.77
ACC-0102,SHOP,2025-09-18,-15,315.23
ACC-0102,SHOP,2025-10-03,-60,326.44
ACC-0102,PYPL,2025-10-28,21,14.39
ACC-0102,AMD,2025-10-29,-47,29.25
ACC-0102,SHOP,2025-11-11,-54,369.71
ACC-0102,PYPL,2025-11-13,-46,14.15
ACC-0102,PYPL,2025-12-02,49,14.72
ACC-0102,PYPL,2025-12-04,56,14.19
ACC-0102,SOFI,2025-12-11,1,22.94
ACC-0102,SHOP,2025-12-18,28,395.99
ACC-0102,SHOP,2025-12-30,57,392.75
ACC-0102,SHOP,2026-01-16,-14,427.02
ACC-0102,TSLA,2026-01-19,-43,253.78
ACC-0102,SHOP,2026-01-21,34,424.79
ACC-0102,SHOP,2026-01-28,-7,445.73
ACC-0102,SHOP,2026-01-29,-35,450.88
ACC-0102,SHOP,2026-02-03,-14,428.84
ACC-0102,PYPL,2026-02-06,-21,15.91
ACC-0102,PYPL,2026-02-09,-29,15.92
ACC-0102,SHOP,2026-02-13,33,424.72
ACC-0102,AMZN,2026-02-23,-27,124.43
ACC-0102,PYPL,2026-02-25,26,15.94
ACC-0102,SHOP,2026-03-03,4,411.55
ACC-0102,PYPL,2026-03-04,22,13.66
ACC-0102,PYPL,2026-03-05,-22,13.68
ACC-0102,QQQ,2026-03-11,-60,238.04
ACC-0102,SHOP,2026-03-12,42,392.26
ACC-0102,SHOP,2026-03-13,-39,391.30
ACC-0102,SHOP,2026-03-16,-56,389.36
ACC-0102,SHOP,2026-03-20,-43,371.12
ACC-0102,PYPL,2026-03-27,-49,12.89
ACC-0102,PYPL,2026-03-30,-54,13.17
ACC-0102,AMD,2026-04-09,-8,27.19
ACC-0102,PYPL,2026-04-15,-5,12.56
ACC-0102,PYPL,2026-04-16,-21,12.97
ACC-0102,TSM,2026-04-22,13,274.12
ACC-0102,PYPL,2026-04-28,-10,13.03
ACC-0102,MSTR,2026-05-04,10,66.73
ACC-0102,GOOGL,2026-05-11,53,117.91
ACC-0102,SHOP,2026-05-18,-31,346.48
ACC-0102,SHOP,2026-05-20,-24,334.50
ACC-0103,SMCI,2025-06-03,-49,131.73
ACC-0103,BA,2025-06-12,44,355.34
ACC-0103,COIN,2025-07-03,-13,365.07
ACC-0103,COIN,2025-07-07,-38,372.02
ACC-0103,INTC,2025-07-10,16,181.83
ACC-0103,COIN,2025-07-15,51,380.65
ACC-0103,SMCI,2025-07-16,6,144.68
ACC-0103,INTC,2025-07-25,41,171.37
ACC-0103,COIN,2025-08-04,-42,375.11
ACC-0103,AMZN,2025-08-07,28,92.50
ACC-0103,COIN,2025-08-15,-54,402.44
ACC-0103,COIN,2025-09-03,-58,431.80
ACC-0103,COIN,2025-09-10,14,448.32
ACC-0103,SMCI,2025-09-24,4,171.29
ACC-0103,COIN,2025-09-30,-21,409.13
ACC-0103,SNAP,2025-10-14,-12,14.84
ACC-0103,SMCI,2025-10-22,5,150.47
ACC-0103,SMCI,2025-10-30,31,151.92
ACC-0103,COIN,2025-11-12,4,330.67
ACC-0103,INTC,2025-11-13,-55,242.08
ACC-0103,SMCI,2025-11-17,-16,148.85
ACC-0103,COIN,2025-12-24,-4,282.43
ACC-0103,INTC,2025-12-29,-51,233.72
ACC-0103,SMCI,2026-01-08,59,168.25
ACC-0103,INTC,2026-01-14,-60,244.18
ACC-0103,SMCI,2026-01-19,-10,172.96
ACC-0103,INTC,2026-02-05,20,236.20
ACC-0103,INTC,2026-02-13,-7,223.87
ACC-0103,INTC,2026-02-19,-35,216.19
ACC-0103,INTC,2026-03-09,6,252.32
ACC-0103,SMCI,2026-03-16,49,195.92
ACC-0103,SMCI,2026-04-01,-46,180.92
ACC-0103,SMCI,2026-04-08,-34,185.96
ACC-0103,SMCI,2026-04-09,48,179.12
ACC-0103,INTC,2026-04-13,-8,292.68
ACC-0103,INTC,2026-06-05,58,270.65
ACC-0103,COIN,2026-06-25,-10,230.90
ACC-0103,INTC,2026-07-10,-50,207.85
ACC-0103,SMCI,2026-07-14,-3,154.56
ACC-0103,SMCI,2026-07-22,-54,160.74
ACC-0103,COIN,2026-07-24,-37,231.84
ACC-0103,INTC,2026-07-27,46,223.19
ACC-0103,INTC,2026-08-21,-3,230.82
ACC-0103,COIN,2026-09-02,-1,262.40
ACC-0104,SOXL,2025-06-13,-16,240.59
ACC-0104,MRVL,2025-10-22,34,149.37
ACC-0104,META,2025-11-12,34,349.98
ACC-0104,MRVL,2026-01-12,-42,157.78
ACC-0104,META,2026-02-24,-3,540.66
ACC-0104,META,2026-02-26,7,559.40
ACC-0104,META,2026-03-06,25,527.28
ACC-0104,META,2026-03-13,-25,538.92
ACC-0104,META,2026-03-16,34,540.35
ACC-0104,META,2026-05-29,4,494.05
ACC-0104,MRVL,2026-06-12,49,183.28
ACC-0105,SNAP,2025-06-06,-44,14.56
ACC-0105,MSFT,2025-06-16,26,198.58
ACC-0105,SMCI,2025-07-08,46,142.42
ACC-0105,SMCI,2025-07-09,53,142.14
ACC-0105,SMCI,2025-07-16,-41,144.85
ACC-0105,MSFT,2025-08-04,-37,224.68
ACC-0105,MSFT,2025-08-05,-27,226.72
ACC-0105,SMCI,2025-08-18,-26,153.78
ACC-0105,MSFT,2025-08-29,35,221.14
ACC-0105,MSFT,2025-09-02,-9,213.50
ACC-0105,SMCI,2025-09-11,31,174.78
ACC-0105,SMCI,2025-09-15,-28,184.22
ACC-0105,NFLX,2025-09-18,-27,191.34
ACC-0105,SMCI,2025-09-22,9,175.13
ACC-0105,SMCI,2025-09-24,-47,170.22
ACC-0105,SMCI,2025-09-30,-9,168.67
ACC-0105,SMCI,2025-10-01,26,167.47
ACC-0105,XOM,2025-10-02,-44,257.65
ACC-0105,MSFT,2025-10-06,31,245.60
ACC-0105,SMCI,2025-10-10,36,151.39
ACC-0105,SPY,2025-10-13,29,178.61
ACC-0105,MSFT,2025-10-14,-41,268.66
ACC-0105,SMCI,2025-10-17,-21,147.64
ACC-0105,SMCI,2025-10-23,-33,153.06
ACC-0105,SMCI,2025-11-06,-22,145.84
ACC-0105,MSFT,2025-11-18,-60,248.39
ACC-0105,SMCI,2025-11-26,23,147.11
ACC-0105,SMCI,2025-12-08,-47,162.18
ACC-0105,SMCI,2025-12-12,-13,156.57
ACC-0105,MSFT,2025-12-17,-15,246.65
ACC-0105,MSFT,2025-12-30,-58,252.64
ACC-0105,SMCI,2026-01-09,-38,166.81
ACC-0105,SMCI,2026-01-12,48,168.81
ACC-0105,MSFT,2026-01-13,-1,275.97
ACC-0105,SMCI,2026-01-20,52,174.47
ACC-0105,MSFT,2026-01-22,40,255.72
ACC-0105,SMCI,2026-01-26,-37,187.95
ACC-0105,MSFT,2026-01-29,41,261.06
ACC-0105,SMCI,2026-02-18,-50,180.25
ACC-0105,MSFT,2026-02-26,-32,261.71
ACC-0105,MSFT,2026-03-03,-40,256.03
ACC-0105,MSFT,2026-03-12,-28,251.50
ACC-0105,MSFT,2026-03-17,27,231.67
ACC-0105,AAPL,2026-03-18,45,140.91
ACC-0105,XOM,2026-03-19,-17,244.01
ACC-0105,MSFT,2026-03-31,-22,219.10
ACC-0105,MSFT,2026-04-16,-47,253.42
ACC-0105,SMCI,2026-04-20,-56,171.04
ACC-0105,NVDA,2026-04-24,-8,318.57
ACC-0105,MSFT,2026-05-07,-15,270.64
ACC-0105,MSFT,2026-05-13,-37,280.79
ACC-0105,SMCI,2026-06-09,57,158.45
ACC-0105,SMCI,2026-06-12,-5,151.16
ACC-0105,MSFT,2026-06-16,38,265.33
ACC-0105,MSFT,2026-06-19,48,267.28
ACC-0105,SMCI,2026-06-25,-31,167.43
ACC-0105,SMCI,2026-07-06,1,150.66
ACC-0105,SMCI,2026-07-09,-36,153.46
ACC-0105,MSFT,2026-07-13,60,250.86
ACC-0105,MSFT,2026-08-11,-43,219.06
ACC-0105,SMCI,2026-08-14,39,143.88
ACC-0105,SMCI,2026-08-19,59,145.11
ACC-0105,BA,2026-08-25,-37,507.49
ACC-0105,SMCI,2026-09-01,-46,141.49
ACC-0105,SMCI,2026-09-02,31,143.97
ACC-0106,WMT,2025-12-01,-39,138.36
ACC-0106,TSLA,2026-01-20,-39,251.38
ACC-0106,AMZN,2026-02-11,-36,129.49
ACC-0106,WMT,2026-02-18,-60,142.58
ACC-0106,AMZN,2026-06-29,-60,156.28
ACC-0106,AMZN,2026-07-17,4,152.84
ACC-0106,AMZN,2026-07-24,-2,154.27
ACC-0107,MU,2025-06-03,59,171.76
ACC-0107,UNH,2025-06-04,12,115.04
ACC-0107,UNH,2025-06-12,24,110.21
ACC-0107,UNH,2025-06-17,-48,108.59
ACC-0107,UNH,2025-06-18,-32,107.13
ACC-0107,SMCI,2025-07-01,2,131.63
ACC-0107,BA,2025-07-03,27,343.26
ACC-0107,SHOP,2025-07-04,22,340.63
ACC-0107,PLTR,2025-07-14,-34,191.10
ACC-0107,PLTR,2025-07-29,-56,198.37
ACC-0107,SMCI,2025-08-07,-37,163.49
ACC-0107,PLTR,2025-08-12,49,187.52
ACC-0107,UNH,2025-08-18,19,87.56
ACC-0107,BA,2025-08-19,48,318.66
ACC-0107,UNH,2025-08-28,-52,80.52
ACC-0107,BA,2025-09-03,2,344.63
ACC-0107,IREN,2025-09-10,-8,192.72
ACC-0107,PLTR,2025-09-18,57,195.21
ACC-0107,PLTR,2025-09-25,44,209.69
ACC-0107,UNH,2025-09-30,-55,92.92
ACC-0107,DIS,2025-10-02,-28,268.07
ACC-0107,UNH,2025-10-22,-52,84.51
ACC-0107,PLTR,2025-11-04,-31,215.79
ACC-0107,BA,2025-11-14,31,340.64
ACC-0107,UNH,2025-11-21,-22,93.10
ACC-0107,UNH,2025-11-26,55,91.35
ACC-0107,UNH,2025-11-28,24,90.39
ACC-0107,BA,2025-12-02,-50,289.98
ACC-0107,PLTR,2025-12-11,-14,192.62
ACC-0107,PLTR,2025-12-16,-59,207.47
ACC-0107,UNH,2025-12-18,-43,94.71
ACC-0107,UNH,2025-12-25,-18,94.65
ACC-0107,PLTR,2026-01-08,59,191.86
ACC-0107,PLTR,2026-01-23,-44,184.55
ACC-0107,AMD,2026-01-26,-21,21.57
ACC-0107,PLTR,2026-02-10,-28,186.19
ACC-0107,BA,2026-02-20,4,458.62
ACC-0107,UNH,2026-03-06,-42,118.46
ACC-0107,BA,2026-03-11,34,464.62
ACC-0107,UNH,2026-03-12,-29,115.77
ACC-0107,UNH,2026-03-16,-7,116.64
ACC-0107,PLTR,2026-03-30,18,187.82
ACC-0107,BA,2026-04-08,-4,461.14
ACC-0107,UNH,2026-04-21,-18,127.14
ACC-0107,BA,2026-04-29,-56,438.62
ACC-0107,UNH,2026-05-04,55,114.36
ACC-0107,GOOGL,2026-05-05,-34,120.28
ACC-0107,PLTR,2026-05-13,13,181.09
ACC-0107,BA,2026-05-21,33,481.41
ACC-0107,COIN,2026-06-08,-56,213.27
ACC-0107,BA,2026-06-15,-45,517.99
ACC-0107,BA,2026-06-16,57,541.00
ACC-0107,PLTR,2026-06-18,53,199.82
ACC-0107,NFLX,2026-07-01,19,203.35
ACC-0107,BA,2026-07-03,-42,535.46
ACC-0107,UNH,2026-07-06,-59,124.56
ACC-0107,UNH,2026-07-07,45,121.57
ACC-0107,INTC,2026-07-27,-58,223.02
ACC-0107,PLTR,2026-07-29,-56,208.41
ACC-0107,BA,2026-07-30,-2,499.68
ACC-0107,HOOD,2026-08-21,16,138.97
ACC-0107,BA,2026-08-31,-50,486.37
ACC-0107,BA,2026-09-04,54,488.41
ACC-0108,DIS,2025-06-04,5,276.42
ACC-0108,META,2025-06-09,-20,340.25
ACC-0108,DIS,2025-06-16,-39,279.10
ACC-0108,DIS,2025-06-26,-48,275.89
ACC-0108,UNH,2025-07-28,33,97.15
ACC-0108,DIS,2025-08-29,-47,256.16
ACC-0108,DIS,2025-09-12,-15,256.02
ACC-0108,META,2025-09-24,38,384.09
ACC-0108,SOFI,2025-09-25,29,34.27
ACC-0108,UNH,2025-10-23,8,81.27
ACC-0108,META,2025-10-27,-39,360.66
ACC-0108,META,2025-11-07,50,355.84
ACC-0108,UNH,2025-11-28,-20,90.41
ACC-0108,DIS,2025-12-08,26,228.68
ACC-0108,HOOD,2026-01-02,57,150.68
ACC-0108,META,2026-01-06,60,464.54
ACC-0108,UNH,2026-01-07,-1,106.72
ACC-0108,UNH,2026-01-13,-58,102.09
ACC-0108,PLTR,2026-01-15,-41,188.23
ACC-0108,UNH,2026-02-24,-12,122.39
ACC-0108,META,2026-03-05,-3,545.71
ACC-0108,META,2026-03-12,-28,538.38
ACC-0108,SOFI,2026-03-16,39,20.03
ACC-0108,META,2026-03-18,-55,570.50
ACC-0108,SPY,2026-04-15,16,156.15
ACC-0108,DIS,2026-04-17,18,200.28
ACC-0108,META,2026-04-20,37,516.93
ACC-0108,META,2026-04-24,-30,516.37
ACC-0108,UNH,2026-04-27,-37,120.42
ACC-0108,META,2026-05-06,-36,523.45
ACC-0108,META,2026-06-08,-32,509.76
ACC-0108,DIS,2026-06-23,-9,257.14
ACC-0108,UNH,2026-07-02,-43,121.11
ACC-0108,DIS,2026-07-03,-14,253.84
ACC-0108,UNH,2026-07-16,11,119.50
ACC-0108,DIS,2026-07-21,-59,298.79
ACC-0108,DIS,2026-07-28,-34,319.25
ACC-0108,UNH,2026-08-05,-21,113.01
ACC-0108,UNH,2026-08-13,-3,118.78
ACC-0109,NFLX,2025-06-04,6,234.17
ACC-0109,NFLX,2025-06-23,-24,235.98
ACC-0109,AMD,2025-07-09,9,24.65
ACC-0109,AMD,2025-07-23,18,25.09
ACC-0109,AMD,2025-08-05,-42,24.55
ACC-0109,AMD,2025-08-21,-11,21.86
ACC-0109,AMD,2025-10-07,35,29.81
ACC-0109,AMD,2025-10-10,59,31.41
ACC-0109,AMD,2025-10-28,-41,30.58
ACC-0109,AMD,2025-11-20,-44,29.04
ACC-0109,AMD,2026-01-06,-13,22.57
ACC-0109,NFLX,2026-01-12,-11,212.59
ACC-0109,TSM,2026-01-28,-33,218.98
ACC-0109,AMD,2026-03-24,47,25.37
ACC-0109,NFLX,2026-05-08,44,224.47
ACC-0109,NFLX,2026-06-08,-18,206.86
ACC-0109,NFLX,2026-06-12,-30,197.77
ACC-0109,AMD,2026-08-10,-54,30.82
ACC-0109,NFLX,2026-08-24,-34,204.74
ACC-0110,PLTR,2025-06-02,6,181.35
ACC-0110,AVGO,2025-06-10,24,283.00
ACC-0110,AVGO,2025-06-11,-6,280.43
ACC-0110,PLTR,2025-06-23,36,182.38
ACC-0110,AVGO,2025-06-25,-23,246.32
ACC-0110,SHOP,2025-07-01,39,325.74
ACC-0110,AVGO,2025-07-02,10,247.84
ACC-0110,SHOP,2025-07-04,26,340.55
ACC-0110,PLTR,2025-07-08,-19,186.26
ACC-0110,PLTR,2025-07-17,49,184.95
ACC-0110,SHOP,2025-08-06,-41,356.53
ACC-0110,MSTR,2025-08-12,-32,65.71
ACC-0110,AVGO,2025-08-15,7,211.67
ACC-0110,PLTR,2025-08-22,32,195.27
ACC-0110,SHOP,2025-08-25,10,377.73
ACC-0110,SHOP,2025-08-27,-50,383.84
ACC-0110,PLTR,2025-09-15,52,182.19
ACC-0110,SHOP,2025-09-25,46,316.44
ACC-0110,SHOP,2025-09-29,42,317.25
ACC-0110,AVGO,2025-10-03,-39,295.76
ACC-0110,SHOP,2025-10-06,-10,328.88
ACC-0110,PLTR,2025-10-08,20,198.55
ACC-0110,AVGO,2025-10-14,51,286.64
ACC-0110,AVGO,2025-10-30,-60,290.22
ACC-0110,SHOP,2025-10-31,-30,342.71
ACC-0110,PLTR,2025-11-04,7,215.30
ACC-0110,SHOP,2025-11-10,-57,371.55
ACC-0110,AVGO,2025-11-13,-39,313.82
ACC-0110,SHOP,2025-11-25,10,405.51
ACC-0110,AVGO,2025-12-03,-13,346.99
ACC-0110,AVGO,2025-12-09,-19,364.32
ACC-0110,AVGO,2025-12-17,-37,341.63
ACC-0110,PLTR,2025-12-30,4,194.40
ACC-0110,AVGO,2026-01-20,23,292.19
ACC-0110,ARM,2026-01-23,5,179.79
ACC-0110,SHOP,2026-02-18,8,441.05
ACC-0110,SHOP,2026-02-24,-17,417.27
ACC-0110,SHOP,2026-03-06,20,395.66
ACC-0110,SHOP,2026-03-10,35,382.45
ACC-0110,SHOP,2026-03-12,54,392.93
ACC-0110,SHOP,2026-03-18,-50,378.78
ACC-0110,BA,2026-03-30,-41,487.90
ACC-0110,SHOP,2026-04-21,35,365.71
ACC-0110,AVGO,2026-05-13,-2,183.52
ACC-0110,SHOP,2026-06-08,-57,312.92
ACC-0110,SHOP,2026-07-01,-53,333.77
ACC-0110,PLTR,2026-07-03,4,192.64
ACC-0110,SHOP,2026-07-09,-18,347.58
ACC-0110,SHOP,2026-07-16,31,384.63
ACC-0110,AVGO,2026-07-17,27,179.48
ACC-0110,PLTR,2026-07-22,2,196.57
ACC-0110,RIVN,2026-08-19,41,481.64
ACC-0110,SHOP,2026-08-25,-11,346.42
ACC-0110,PLTR,2026-09-02,14,190.24
ACC-0111,PYPL,2025-06-11,11,15.64
ACC-0111,NFLX,2025-11-14,11,190.06
ACC-0111,VRT,2025-12-08,-19,85.50
ACC-0111,MU,2026-07-09,-53,224.16
ACC-0111,PYPL,2026-08-27,20,15.81
ACC-0112,DIS,2025-06-10,11,269.72
ACC-0112,HOOD,2025-06-26,-50,160.22
ACC-0112,DIS,2025-06-30,-59,282.43
ACC-0112,AAPL,2025-07-10,-44,134.24
ACC-0112,SMCI,2025-07-14,-7,148.51
ACC-0112,DIS,2025-07-18,42,284.57
ACC-0112,MRVL,2025-07-23,8,180.63
ACC-0112,TSLA,2025-08-01,52,173.79
ACC-0112,TSM,2025-08-15,38,268.19
ACC-0112,CRWD,2025-08-19,17,390.49
ACC-0112,DIS,2025-08-25,-17,257.93
ACC-0112,DIS,2025-09-04,-58,252.03
ACC-0112,DIS,2025-09-08,-24,246.53
ACC-0112,UBER,2025-09-11,24,199.19
ACC-0112,DIS,2025-09-15,19,259.16
ACC-0112,TSM,2025-10-02,-56,288.09
ACC-0112,TSM,2025-10-03,33,282.63
ACC-0112,TSM,2025-10-09,-46,276.41
ACC-0112,DIS,2025-10-17,40,252.44
ACC-0112,INTC,2025-10-27,3,214.44
ACC-0112,TSM,2025-11-04,-36,234.57
ACC-0112,TSLA,2025-11-10,-42,225.91
ACC-0112,TSM,2025-11-18,1,237.31
ACC-0112,TSM,2025-11-25,-57,222.90
ACC-0112,TSM,2025-12-16,-6,199.19
ACC-0112,DIS,2025-12-24,52,233.96
ACC-0112,DIS,2026-01-05,51,228.88
ACC-0112,TSM,2026-01-07,-18,219.16
ACC-0112,XOM,2026-01-08,-50,326.23
ACC-0112,UBER,2026-01-16,15,241.83
ACC-0112,DIS,2026-01-20,35,211.11
ACC-0112,DIS,2026-01-23,23,206.46
ACC-0112,SMCI,2026-01-28,-36,186.40
ACC-0112,TSM,2026-02-11,45,230.07
ACC-0112,TSM,2026-02-18,-40,250.24
ACC-0112,TSM,2026-02-20,1,244.12
ACC-0112,DIS,2026-02-23,-17,172.34
ACC-0112,DIS,2026-03-11,-14,172.23
ACC-0112,NFLX,2026-03-13,59,207.00
ACC-0112,DIS,2026-03-19,7,173.28
ACC-0112,DIS,2026-03-27,-44,177.25
ACC-0112,DIS,2026-04-09,54,189.77
ACC-0112,DIS,2026-04-10,12,195.20
ACC-0112,TSM,2026-04-21,-40,278.70
ACC-0113,ARM,2025-06-25,53,196.83
ACC-0113,QQQ,2025-07-08,-37,224.08
ACC-0113,ARM,2025-07-16,60,191.24
ACC-0113,ARM,2025-07-18,-12,195.44
ACC-0113,AMZN,2025-07-21,-1,93.41
ACC-0113,AVGO,2025-07-23,-34,220.91
ACC-0113,AMZN,2025-08-05,55,90.07
ACC-0113,ARM,2025-08-06,-11,203.06
ACC-0113,ARM,2025-08-20,-60,199.88
ACC-0113,ARM,2025-08-22,41,197.23
ACC-0113,XOM,2025-09-01,5,249.21
ACC-0113,ARM,2025-09-08,40,173.13
ACC-0113,XOM,2025-09-10,53,242.66
ACC-0113,AMZN,2025-09-11,58,105.13
ACC-0113,ARM,2025-09-15,-60,165.43
ACC-0113,VRT,2025-09-29,-7,96.88
ACC-0113,XOM,2025-10-06,-48,263.39
ACC-0113,AMZN,2025-10-07,-9,108.93
ACC-0113,XOM,2025-10-24,25,295.60
ACC-0113,XOM,2025-11-04,29,284.80
ACC-0113,ARM,2025-11-10,14,211.09
ACC-0113,XOM,2025-11-17,-46,287.42
ACC-0113,ARM,2025-12-12,15,220.52
ACC-0113,AMZN,2026-01-07,5,139.40
ACC-0113,XOM,2026-01-19,-21,340.50
ACC-0113,XOM,2026-01-26,57,320.42
ACC-0113,XOM,2026-02-02,29,297.38
ACC-0113,AMZN,2026-02-03,-2,132.91
ACC-0113,PYPL,2026-02-16,-46,15.57
ACC-0113,XOM,2026-02-25,26,265.16
ACC-0113,XOM,2026-03-11,53,256.46
ACC-0113,AMZN,2026-03-20,-46,137.89
ACC-0113,XOM,2026-03-23,-24,230.35
ACC-0113,XOM,2026-03-24,-25,226.52
ACC-0113,AMZN,2026-04-07,60,138.10
ACC-0113,BA,2026-04-08,42,463.13
ACC-0113,ARM,2026-04-13,44,183.73
ACC-0113,XOM,2026-04-30,-30,254.66
ACC-0113,AMZN,2026-05-06,-57,150.13
ACC-0113,XOM,2026-05-07,-44,281.99
ACC-0113,AMZN,2026-05-21,-52,154.47
ACC-0113,ARM,2026-05-25,-52,188.47
ACC-0113,XOM,2026-05-27,8,279.70
ACC-0113,AMZN,2026-05-28,33,148.87
ACC-0113,XOM,2026-06-01,-29,274.89
ACC-0113,AMZN,2026-06-04,-57,147.37
ACC-0113,ARM,2026-06-09,-59,190.16
ACC-0113,ARM,2026-06-30,-46,193.33
ACC-0113,ARM,2026-07-03,-3,185.73
ACC-0113,AMZN,2026-07-09,-24,153.19
ACC-0113,AMZN,2026-07-14,17,157.23
ACC-0113,XOM,2026-07-23,-19,340.52
ACC-0113,META,2026-07-29,42,493.19
ACC-0114,TSLA,2025-07-18,25,179.77
ACC-0114,TSLA,2025-07-25,-16,176.65
ACC-0114,TSLA,2025-08-05,22,176.25
ACC-0114,SOXL,2025-08-14,-1,237.19
ACC-0114,SOXL,2025-09-17,57,223.71
ACC-0114,TSLA,2025-11-03,-23,213.25
ACC-0114,SOXL,2025-11-05,37,212.10
ACC-0114,SOXL,2025-11-28,-1,232.68
ACC-0114,TSLA,2025-12-04,45,228.82
ACC-0114,SOXL,2025-12-18,-33,207.89
ACC-0114,TSLA,2026-01-02,42,262.18
ACC-0114,TSLA,2026-01-20,-29,251.38
ACC-0114,SOXL,2026-01-21,30,196.50
ACC-0114,TSLA,2026-01-29,39,247.65
ACC-0114,SOXL,2026-02-13,-3,216.06
ACC-0114,AVGO,2026-02-26,-23,255.14
ACC-0114,UNH,2026-03-26,-28,125.09
ACC-0114,SOXL,2026-04-14,-10,234.65
ACC-0114,SOXL,2026-05-20,-50,229.69
ACC-0115,AVGO,2025-06-06,-29,275.09
ACC-0115,CRWD,2025-06-25,20,383.34
ACC-0115,CRWD,2025-06-26,31,383.47
ACC-0115,AVGO,2025-06-27,-39,238.52
ACC-0115,CRWD,2025-07-07,-45,386.08
ACC-0115,CRWD,2025-07-09,59,395.67
ACC-0115,AVGO,2025-07-16,45,225.09
ACC-0115,AVGO,2025-07-21,-32,223.80
ACC-0115,TSLA,2025-07-25,38,175.90
ACC-0115,AVGO,2025-07-30,56,220.65
ACC-0115,CRWD,2025-08-06,-52,397.12
ACC-0115,AVGO,2025-08-14,45,219.88
ACC-0115,CRWD,2025-08-27,-14,405.46
ACC-0115,CRWD,2025-09-08,-46,394.08
ACC-0115,RIVN,2025-09-12,-33,382.68
ACC-0115,AVGO,2025-09-22,-45,281.65
ACC-0115,AVGO,2025-09-29,11,277.92
ACC-0115,CRWD,2025-09-30,-16,388.88
ACC-0115,CRWD,2025-10-13,14,382.98
ACC-0115,NVDA,2025-10-15,1,295.55
ACC-0115,ARM,2025-10-23,-40,181.62
ACC-0115,CRWD,2025-10-28,-14,403.72
ACC-0115,AVGO,2025-11-03,-31,289.33
ACC-0115,CRWD,2025-11-05,25,393.88
ACC-0115,TSM,2025-11-06,-52,240.18
ACC-0115,AVGO,2025-11-11,53,301.45
ACC-0115,CRWD,2025-11-20,-52,428.13
ACC-0115,AVGO,2025-12-10,-37,376.56
ACC-0115,AVGO,2025-12-15,-34,351.34
ACC-0115,CRWD,2025-12-17,59,456.67
ACC-0115,AVGO,2025-12-30,50,315.43
ACC-0115,AVGO,2025-12-31,31,315.31
ACC-0115,CRWD,2026-01-01,41,484.57
ACC-0115,MSFT,2026-01-14,-55,274.85
ACC-0115,CRWD,2026-01-20,-32,505.13
ACC-0115,DIS,2026-02-09,35,174.85
ACC-0115,CRWD,2026-02-17,-23,461.54
ACC-0115,AVGO,2026-02-18,-31,258.04
ACC-0115,CRWD,2026-02-23,-10,475.19
ACC-0115,AVGO,2026-02-27,-18,250.36
ACC-0115,AVGO,2026-03-03,-57,255.47
ACC-0115,AVGO,2026-03-09,-12,245.83
ACC-0115,AVGO,2026-03-10,-35,246.55
ACC-0115,AVGO,2026-03-12,-24,231.07
ACC-0115,AVGO,2026-03-26,-14,223.99
ACC-0115,CRWD,2026-03-27,-56,474.39
ACC-0115,AVGO,2026-04-07,-52,234.82
ACC-0115,AVGO,2026-04-13,42,225.30
ACC-0115,CRWD,2026-04-15,-39,455.16
ACC-0115,AVGO,2026-04-17,-5,209.08
ACC-0115,CRWD,2026-05-15,-12,501.36
ACC-0115,CRWD,2026-05-21,32,478.60
ACC-0115,CRWD,2026-05-26,41,506.76
ACC-0115,CRWD,2026-06-09,3,475.56
ACC-0115,CRWD,2026-06-19,46,529.03
ACC-0115,CRWD,2026-06-22,-14,525.94
ACC-0115,AVGO,2026-06-30,7,201.45
ACC-0115,CRWD,2026-07-01,-56,542.37
ACC-0115,AVGO,2026-07-02,-22,198.27
ACC-0115,AVGO,2026-07-15,-11,178.27
ACC-0115,AVGO,2026-07-22,-60,188.71
ACC-0115,AVGO,2026-07-24,44,195.42
ACC-0115,UBER,2026-08-03,21,253.84
ACC-0115,CRWD,2026-08-05,28,534.51
ACC-0115,AVGO,2026-08-07,-22,207.59
ACC-0116,SMCI,2025-06-02,-9,135.37
ACC-0116,NFLX,2025-06-06,17,227.39
ACC-0116,SMCI,2025-06-26,42,133.08
ACC-0116,UBER,2025-07-01,-12,209.98
ACC-0116,AMZN,2025-07-22,11,92.79
ACC-0116,SMCI,2025-07-29,15,147.70
ACC-0116,UBER,2025-08-14,3,177.87
ACC-0116,UBER,2025-08-18,-59,172.08
ACC-0116,UBER,2025-08-20,-5,180.41
ACC-0116,SMCI,2025-08-21,56,164.95
ACC-0116,SMCI,2025-08-26,48,171.48
ACC-0116,UBER,2025-09-11,-30,199.80
ACC-0116,UBER,2025-09-16,-2,191.30
ACC-0116,RIVN,2025-10-08,-27,425.49
ACC-0116,AMZN,2025-10-23,42,112.44
ACC-0116,AMZN,2025-11-06,35,114.48
ACC-0116,SMCI,2025-11-12,-47,144.27
ACC-0116,AMZN,2025-11-19,2,122.48
ACC-0116,SMCI,2025-11-20,46,147.56
ACC-0116,UBER,2025-12-05,-4,203.79
ACC-0116,AMZN,2025-12-23,39,132.07
ACC-0116,SMCI,2025-12-29,19,160.21
ACC-0116,AMZN,2025-12-30,27,136.57
ACC-0116,AMZN,2026-01-05,-39,143.30
ACC-0116,AMZN,2026-01-14,60,137.10
ACC-0116,SMCI,2026-01-22,32,179.50
ACC-0116,AMZN,2026-02-16,43,127.02
ACC-0116,SMCI,2026-03-02,30,195.11
ACC-0116,UBER,2026-03-16,-2,237.87
ACC-0116,SNAP,2026-04-02,-29,18.68
ACC-0116,UBER,2026-04-06,-7,250.70
ACC-0116,NVDA,2026-04-22,-45,328.29
ACC-0116,AMZN,2026-05-13,15,153.30
ACC-0116,UBER,2026-05-22,-33,230.11
ACC-0116,AMZN,2026-05-26,32,148.18
ACC-0116,AMZN,2026-06-08,-20,153.07
ACC-0116,SMCI,2026-06-16,28,161.19
ACC-0116,UBER,2026-06-24,3,262.98
ACC-0116,AMZN,2026-07-03,32,154.52
ACC-0116,AMZN,2026-07-06,47,152.21
ACC-0116,AMZN,2026-07-13,52,155.58
ACC-0116,AMZN,2026-08-18,-15,136.51
ACC-0116,SMCI,2026-08-19,-26,145.54
ACC-0116,UBER,2026-08-26,29,274.35
ACC-0116,UBER,2026-08-28,-21,272.46
ACC-0116,SMCI,2026-09-04,-56,156.02
ACC-0117,AAPL,2025-06-06,-32,132.70
ACC-0117,AAPL,2025-06-10,-17,137.06
ACC-0117,XOM,2025-06-19,-40,289.48
ACC-0117,XOM,2025-06-20,60,288.28
ACC-0117,XOM,2025-07-17,-46,227.46
ACC-0117,XOM,2025-07-18,48,231.58
ACC-0117,AAPL,2025-07-22,15,128.35
ACC-0117,AAPL,2025-07-23,56,130.93
ACC-0117,AAPL,2025-08-11,-17,118.99
ACC-0117,XOM,2025-08-12,-48,230.52
ACC-0117,XOM,2025-08-19,-35,236.88
ACC-0117,XOM,2025-08-20,48,234.91
ACC-0117,XOM,2025-08-22,-33,228.75
ACC-0117,XOM,2025-08-27,56,250.83
ACC-0117,XOM,2025-08-28,43,252.57
ACC-0117,PLTR,2025-09-09,-29,197.71
ACC-0117,XOM,2025-09-17,-6,254.49
ACC-0117,MU,2025-09-18,20,159.68
ACC-0117,XOM,2025-09-22,-1,248.94
ACC-0117,AAPL,2025-09-23,58,114.89
ACC-0117,XOM,2025-10-16,36,273.14
ACC-0117,AAPL,2025-10-22,22,118.40
ACC-0117,AAPL,2025-10-23,-53,117.35
ACC-0117,INTC,2025-10-30,44,227.16
ACC-0117,XOM,2025-11-03,36,283.64
ACC-0117,AAPL,2025-11-04,-16,118.53
ACC-0117,XOM,2025-11-12,-37,274.69
ACC-0117,WMT,2025-11-13,-35,136.75
ACC-0117,AAPL,2025-11-14,-5,117.66
ACC-0117,XOM,2025-11-27,-7,298.33
ACC-0117,XOM,2025-12-03,18,301.88
ACC-0117,AAPL,2025-12-12,11,136.42
ACC-0117,AAPL,2025-12-15,-8,140.80
ACC-0117,AAPL,2025-12-25,-34,134.88
ACC-0117,AAPL,2025-12-30,-20,139.77
ACC-0117,XOM,2026-01-09,-57,329.09
ACC-0117,AAPL,2026-01-13,-22,130.40
ACC-0117,AAPL,2026-01-15,50,136.66
ACC-0117,AAPL,2026-01-20,49,130.51
ACC-0117,AAPL,2026-02-04,48,127.01
ACC-0117,XOM,2026-02-05,59,298.55
ACC-0117,AAPL,2026-02-10,-47,133.62
ACC-0117,SMCI,2026-02-12,-33,188.83
ACC-0117,XOM,2026-03-02,30,258.11
ACC-0117,AAPL,2026-03-26,2,139.05
ACC-0117,XOM,2026-04-09,12,240.86
ACC-0117,XOM,2026-04-15,-25,246.53
ACC-0117,AAPL,2026-04-20,52,144.27
ACC-0117,XOM,2026-04-21,36,270.36
ACC-0117,XOM,2026-04-23,17,251.25
ACC-0117,XOM,2026-05-04,1,267.21
ACC-0117,AAPL,2026-05-11,-32,156.06
ACC-0117,XOM,2026-05-26,-54,278.79
ACC-0117,XOM,2026-06-02,-33,269.98
ACC-0117,AAPL,2026-06-05,-11,149.11
ACC-0117,XOM,2026-06-11,-52,272.70
ACC-0117,XOM,2026-06-24,-39,303.47
ACC-0117,AAPL,2026-07-01,-27,126.24
ACC-0117,AAPL,2026-07-03,23,123.77
ACC-0117,AAPL,2026-07-08,-56,115.27
ACC-0117,XOM,2026-07-09,-60,322.80
ACC-0117,WMT,2026-07-13,-3,138.64
ACC-0117,XOM,2026-07-14,31,319.99
ACC-0117,AAPL,2026-07-20,39,125.53
ACC-0117,INTC,2026-07-31,-48,238.98
ACC-0117,AAPL,2026-08-03,54,131.69
ACC-0117,AAPL,2026-08-07,26,135.19
ACC-0117,AAPL,2026-08-19,-51,138.98
ACC-0117,AAPL,2026-08-21,2,134.82
ACC-0117,AAPL,2026-09-01,-17,144.44
ACC-0118,RIVN,2025-06-03,-51,379.13
ACC-0118,RIVN,2025-06-25,27,414.69
ACC-0118,UNH,2025-07-02,21,103.50
ACC-0118,SOFI,2025-07-16,20,36.26
ACC-0118,RIVN,2025-07-29,36,398.69
ACC-0118,GOOGL,2025-07-30,-28,141.14
ACC-0118,SOFI,2025-08-04,9,39.11
ACC-0118,SOFI,2025-08-07,38,39.83
ACC-0118,RIVN,2025-08-12,-46,402.77
ACC-0118,SOFI,2025-08-13,7,38.24
ACC-0118,SOXL,2025-08-26,-22,218.03
ACC-0118,UNH,2025-09-01,1,81.78
ACC-0118,SOFI,2025-09-03,-31,38.00
ACC-0118,AMZN,2025-09-12,-16,103.75
ACC-0118,SOFI,2025-09-17,13,33.81
ACC-0118,SOFI,2025-09-19,57,34.14
ACC-0118,RIVN,2025-09-22,-43,374.61
ACC-0118,RIVN,2025-09-30,7,418.89
ACC-0118,RIVN,2025-10-14,38,416.57
ACC-0118,SHOP,2025-10-15,17,328.76
ACC-0118,RIVN,2025-10-17,-46,410.05
ACC-0118,RIVN,2025-10-28,-26,404.14
ACC-0118,RIVN,2025-11-07,7,393.39
ACC-0118,RIVN,2025-11-11,39,403.89
ACC-0118,AMZN,2025-11-25,-42,128.02
ACC-0118,RIVN,2025-11-26,-44,373.53
ACC-0118,SOFI,2025-11-27,-1,23.58
ACC-0118,SOFI,2025-12-05,-22,22.86
ACC-0118,SOFI,2025-12-10,57,22.97
ACC-0118,QQQ,2025-12-15,-2,222.33
ACC-0118,SOFI,2025-12-25,-16,23.66
ACC-0118,RIVN,2025-12-31,-24,416.29
ACC-0118,RIVN,2026-01-09,40,413.16
ACC-0118,RIVN,2026-01-14,-16,426.93
ACC-0118,SOFI,2026-01-21,-28,22.02
ACC-0118,RIVN,2026-02-02,48,385.13
ACC-0118,BA,2026-02-13,-36,430.95
ACC-0118,RIVN,2026-02-16,-51,422.54
ACC-0118,QQQ,2026-02-17,16,233.08
ACC-0118,SOFI,2026-03-05,18,19.09
ACC-0118,RIVN,2026-03-10,27,462.26
ACC-0118,SOFI,2026-04-03,52,21.13
ACC-0118,SOFI,2026-04-06,-54,20.90
ACC-0118,SOFI,2026-04-08,-56,21.26
ACC-0118,SOFI,2026-04-13,17,21.58
ACC-0118,RIVN,2026-04-15,-55,463.22
ACC-0118,RIVN,2026-04-16,48,459.91
ACC-0118,QQQ,2026-04-21,40,272.57
ACC-0118,SOFI,2026-04-29,33,18.28
ACC-0118,SOFI,2026-04-30,28,18.00
ACC-0118,RIVN,2026-05-13,-2,428.15
ACC-0118,SOFI,2026-05-15,30,19.18
ACC-0118,RIVN,2026-05-18,45,441.64
ACC-0118,SOFI,2026-05-28,48,19.20
ACC-0118,RIVN,2026-06-05,58,428.56
ACC-0118,RIVN,2026-06-08,37,409.75
ACC-0118,RIVN,2026-06-11,-27,404.51
ACC-0118,WMT,2026-06-19,38,148.95
ACC-0118,SOFI,2026-06-24,-4,18.40
ACC-0118,NFLX,2026-06-29,6,208.33
ACC-0118,SOFI,2026-06-30,-7,18.34
ACC-0118,RIVN,2026-07-09,-1,421.61
ACC-0118,RIVN,2026-07-16,14,418.98
ACC-0118,RIVN,2026-07-17,-37,417.03
ACC-0118,SOFI,2026-07-23,18,18.07
ACC-0118,SOFI,2026-08-13,-2,17.01
ACC-0118,RIVN,2026-08-18,-45,472.45
ACC-0118,RIVN,2026-08-20,35,490.82
ACC-0118,RIVN,2026-08-24,60,479.01
ACC-0118,RIVN,2026-08-27,-21,471.17
ACC-0118,AAPL,2026-08-31,54,142.84
ACC-0118,SOFI,2026-09-01,-28,16.35
ACC-0119,IREN,2025-06-09,5,187.78
ACC-0119,AVGO,2025-07-02,-45,247.18
ACC-0119,SOFI,2025-07-15,7,35.60
ACC-0119,SOFI,2025-09-11,21,35.97
ACC-0119,AVGO,2025-10-02,-5,289.58
ACC-0119,AVGO,2025-10-10,2,283.76
ACC-0119,AVGO,2025-10-14,-3,285.98
ACC-0119,AVGO,2025-10-31,-35,295.59
ACC-0119,SOFI,2025-11-13,43,28.31
ACC-0119,SOFI,2025-11-14,40,27.81
ACC-0119,AVGO,2025-12-01,-7,339.29
ACC-0119,IREN,2026-01-07,30,246.54
ACC-0119,QQQ,2026-01-08,-3,240.80
ACC-0119,META,2026-01-22,55,447.36
ACC-0119,IREN,2026-01-27,-10,256.05
ACC-0119,DIS,2026-02-05,-25,176.08
ACC-0119,SOFI,2026-02-18,-60,19.42
ACC-0119,SOFI,2026-02-23,-52,19.22
ACC-0119,SOFI,2026-03-05,-17,19.22
ACC-0119,IREN,2026-04-17,-47,310.37
ACC-0119,AVGO,2026-04-30,-17,200.22
ACC-0119,IREN,2026-05-04,6,315.83
ACC-0120,MRVL,2025-06-11,-19,196.46
ACC-0120,QQQ,2025-06-12,-31,225.61
ACC-0120,QQQ,2025-06-27,-12,229.02
ACC-0120,AVGO,2025-07-21,-34,223.92
ACC-0120,QQQ,2025-07-23,56,218.02
ACC-0120,AVGO,2025-08-11,31,222.81
ACC-0120,AVGO,2025-08-25,-43,234.22
ACC-0120,QQQ,2025-09-09,60,205.69
ACC-0120,QQQ,2025-09-17,14,203.74
ACC-0120,AVGO,2025-09-22,33,280.61
ACC-0120,QQQ,2025-11-07,30,224.90
ACC-0120,MSTR,2025-11-21,-15,70.59
ACC-0120,QQQ,2025-11-27,50,226.44
ACC-0120,AVGO,2025-12-05,-27,361.94
ACC-0120,MRVL,2026-02-11,-36,158.95
ACC-0120,QQQ,2026-02-18,-8,231.74
ACC-0120,XOM,2026-02-19,24,272.71
ACC-0120,QQQ,2026-03-18,60,225.78
ACC-0120,AVGO,2026-03-20,58,225.57
ACC-0120,HOOD,2026-04-02,55,165.01
ACC-0120,QQQ,2026-04-14,35,248.73
ACC-0120,SHOP,2026-04-15,-14,379.86
ACC-0120,AVGO,2026-04-29,41,199.89
ACC-0120,QQQ,2026-05-14,11,258.19
ACC-0120,AVGO,2026-05-22,-31,181.80
ACC-0120,AVGO,2026-05-26,5,182.35
ACC-0120,QQQ,2026-06-01,-14,207.10
ACC-0120,QQQ,2026-06-15,-57,209.52
ACC-0120,QQQ,2026-07-07,-29,220.20
ACC-0120,AVGO,2026-07-08,40,196.67
ACC-0120,AVGO,2026-08-05,-13,206.52
ACC-0120,QQQ,2026-08-06,-28,198.57
ACC-0120,QQQ,2026-08-25,15,200.96
ACC-0121,MRVL,2025-06-02,47,206.09
ACC-0121,AMZN,2025-06-16,7,92.15
ACC-0121,AMZN,2025-06-20,17,92.98
ACC-0121,MRVL,2025-06-24,-47,189.84
ACC-0121,IREN,2025-06-27,-44,178.53
ACC-0121,MRVL,2025-07-07,26,179.47
ACC-0121,MRVL,2025-07-14,34,179.49
ACC-0121,ARM,2025-07-17,-52,199.07
ACC-0121,MRVL,2025-07-21,-39,185.22
ACC-0121,MRVL,2025-07-24,-5,182.88
ACC-0121,MRVL,2025-08-05,56,176.11
ACC-0121,MRVL,2025-08-07,40,177.37
ACC-0121,MRVL,2025-08-12,56,178.06
ACC-0121,UBER,2025-08-13,38,177.55
ACC-0121,MRVL,2025-08-14,55,182.52
ACC-0121,SMCI,2025-08-20,-27,163.48
ACC-0121,AMZN,2025-08-29,-43,108.45
ACC-0121,AMZN,2025-09-18,53,101.94
ACC-0121,MRVL,2025-09-23,-4,166.86
ACC-0121,AMZN,2025-09-25,51,104.70
ACC-0121,AMZN,2025-10-06,19,108.47
ACC-0121,AMZN,2025-10-09,-2,109.07
ACC-0121,MRVL,2025-10-13,-53,155.90
ACC-0121,MRVL,2025-10-14,47,152.92
ACC-0121,QQQ,2025-10-15,47,201.92
ACC-0121,MRVL,2025-10-23,40,150.69
ACC-0121,VRT,2025-10-29,10,105.13
ACC-0121,AMZN,2025-10-30,56,107.55
ACC-0121,MRVL,2025-10-31,-39,152.80
ACC-0121,AMZN,2025-11-07,24,113.50
ACC-0121,AMZN,2025-11-10,29,116.03
ACC-0121,AMZN,2025-11-14,3,120.76
ACC-0121,MRVL,2025-11-17,26,154.94
ACC-0121,AMZN,2025-11-19,-49,122.51
ACC-0121,SNAP,2025-12-03,-13,17.73
ACC-0121,SNAP,2025-12-11,-26,17.75
ACC-0121,MRVL,2025-12-12,8,178.38
ACC-0121,MRVL,2025-12-16,35,171.99
ACC-0121,AMZN,2025-12-26,21,135.82
ACC-0121,MRVL,2026-01-01,-22,168.24
ACC-0121,MRVL,2026-01-08,48,157.51
ACC-0121,MRVL,2026-01-14,-6,157.16
ACC-0121,MRVL,2026-01-16,20,155.08
ACC-0121,AMZN,2026-02-04,4,130.99
ACC-0121,AMZN,2026-02-11,-24,129.48
ACC-0121,TSM,2026-02-17,-16,252.15
ACC-0121,MRVL,2026-02-27,38,158.99
ACC-0121,MRVL,2026-03-03,-54,168.13
ACC-0121,AMZN,2026-03-19,16,135.70
ACC-0121,AMZN,2026-03-24,-32,140.84
ACC-0121,MRVL,2026-03-25,12,173.78
ACC-0121,WMT,2026-03-26,45,116.83
ACC-0121,MRVL,2026-03-27,-13,164.00
ACC-0121,SOXL,2026-04-01,39,218.18
ACC-0121,MRVL,2026-04-08,-41,175.65
ACC-0121,MRVL,2026-04-10,-18,173.57
ACC-0121,MRVL,2026-04-22,-56,184.80
ACC-0121,AMZN,2026-04-27,60,149.94
ACC-0121,MRVL,2026-05-01,-22,191.86
ACC-0122,SMCI,2025-06-02,54,134.19
ACC-0122,NVDA,2025-06-09,-36,221.40
ACC-0122,NVDA,2025-06-12,52,227.99
ACC-0122,SMCI,2025-06-26,-2,132.25
ACC-0122,SMCI,2025-06-27,60,131.16
ACC-0122,NVDA,2025-06-30,24,208.29
ACC-0122,NVDA,2025-07-31,12,246.61
ACC-0122,SMCI,2025-08-12,44,158.35
ACC-0122,NVDA,2025-08-19,54,255.69
ACC-0122,AMD,2025-08-21,-16,21.95
ACC-0122,SMCI,2025-08-27,-57,176.43
ACC-0122,SMCI,2025-09-03,53,182.44
ACC-0122,NVDA,2025-09-04,-29,259.59
ACC-0122,NVDA,2025-09-11,12,264.72
ACC-0122,SMCI,2025-09-19,-33,174.80
ACC-0122,SMCI,2025-09-23,-37,170.53
ACC-0122,META,2025-09-25,-59,369.54
ACC-0122,SMCI,2025-09-29,31,175.74
ACC-0122,NVDA,2025-09-30,52,277.66
ACC-0122,NVDA,2025-10-03,-46,276.66
ACC-0122,SMCI,2025-10-06,52,161.08
ACC-0122,SMCI,2025-10-14,25,153.43
ACC-0122,SMCI,2025-10-22,10,149.97
ACC-0122,NVDA,2025-10-23,43,283.64
ACC-0122,NVDA,2025-11-03,-53,270.71
ACC-0122,MU,2025-11-05,2,182.67
ACC-0122,NVDA,2025-11-13,53,283.13
ACC-0122,SMCI,2025-11-14,-33,151.74
ACC-0122,NVDA,2025-11-24,39,267.97
ACC-0122,UNH,2025-12-01,12,89.82
ACC-0122,SMCI,2025-12-24,18,158.01
ACC-0122,ARM,2026-01-15,-51,193.30
ACC-0122,SMCI,2026-01-16,24,171.46
ACC-0122,NVDA,2026-01-26,-18,293.07
ACC-0122,SMCI,2026-02-04,36,190.41
ACC-0122,AAPL,2026-02-05,23,129.22
ACC-0122,NVDA,2026-02-10,-31,368.26
ACC-0122,NVDA,2026-02-18,9,370.50
ACC-0122,NVDA,2026-02-27,52,355.16
ACC-0122,SMCI,2026-03-10,-59,197.53
ACC-0122,SMCI,2026-03-26,-49,185.86
ACC-0122,SMCI,2026-03-30,21,185.85
ACC-0122,SMCI,2026-04-08,-41,186.85
ACC-0122,SMCI,2026-04-27,-1,171.59
ACC-0122,NVDA,2026-05-01,-37,299.44
ACC-0122,NVDA,2026-05-07,44,294.49
ACC-0122,NVDA,2026-05-15,-10,293.70
ACC-0122,TSM,2026-06-03,35,247.04
ACC-0122,SMCI,2026-06-05,-22,155.41
ACC-0122,DIS,2026-06-16,-44,258.10
ACC-0122,SMCI,2026-06-17,-35,164.17
ACC-0122,SMCI,2026-06-24,-32,169.71
ACC-0122,SMCI,2026-06-25,-52,167.66
ACC-0122,SMCI,2026-07-06,29,150.90
ACC-0122,NVDA,2026-08-05,60,358.66
ACC-0122,NVDA,2026-08-07,-43,362.33
ACC-0122,NVDA,2026-08-14,-48,349.66
ACC-0122,SMCI,2026-08-28,35,149.26
ACC-0123,AMZN,2025-06-09,21,95.47
ACC-0123,NFLX,2025-06-16,5,233.42
ACC-0123,NFLX,2025-06-20,29,246.81
ACC-0123,WMT,2025-06-23,-22,126.80
ACC-0123,WMT,2025-06-26,-48,134.48
ACC-0123,WMT,2025-06-30,11,131.18
ACC-0123,WMT,2025-07-11,-35,142.24
ACC-0123,WMT,2025-07-14,53,139.36
ACC-0123,NFLX,2025-07-16,40,243.29
ACC-0123,WMT,2025-07-22,-41,141.84
ACC-0123,WMT,2025-07-24,-4,142.36
ACC-0123,WMT,2025-07-25,-35,144.57
ACC-0123,NFLX,2025-08-04,14,210.02
ACC-0123,WMT,2025-08-13,-60,154.84
ACC-0123,NFLX,2025-08-21,37,194.97
ACC-0123,WMT,2025-08-27,15,167.83
ACC-0123,NFLX,2025-09-03,-7,201.65
ACC-0123,NFLX,2025-09-04,42,198.46
ACC-0123,SHOP,2025-09-05,57,350.87
ACC-0123,AMZN,2025-09-12,-30,103.85
ACC-0123,NFLX,2025-09-16,5,201.68
ACC-0123,WMT,2025-09-24,-19,153.34
ACC-0123,NFLX,2025-09-25,7,201.68
ACC-0123,WMT,2025-10-10,-7,140.82
ACC-0123,NFLX,2025-10-23,26,222.35
ACC-0123,NFLX,2025-10-29,43,212.98
ACC-0123,NFLX,2025-10-30,34,207.36
ACC-0123,NFLX,2025-11-05,49,210.47
ACC-0123,WMT,2025-11-07,16,144.28
ACC-0123,NFLX,2025-11-11,19,201.07
ACC-0123,NFLX,2025-11-12,16,193.58
ACC-0123,NFLX,2025-11-13,-24,190.55
ACC-0123,WMT,2025-11-17,-43,141.22
ACC-0123,WMT,2025-12-02,45,137.36
ACC-0123,SPY,2025-12-09,-9,173.92
ACC-0123,WMT,2025-12-26,45,132.89
ACC-0123,NFLX,2026-01-05,49,227.91
ACC-0123,WMT,2026-01-06,47,133.93
ACC-0123,NFLX,2026-01-12,-31,213.91
ACC-0123,NFLX,2026-01-20,-42,212.86
ACC-0123,NFLX,2026-01-22,14,220.90
ACC-0123,WMT,2026-01-23,27,141.79
ACC-0123,WMT,2026-02-04,-53,133.56
ACC-0123,WMT,2026-02-06,-59,138.43
ACC-0123,WMT,2026-02-09,-42,139.90
ACC-0123,WMT,2026-02-10,37,139.90
ACC-0123,NFLX,2026-02-23,-43,219.99
ACC-0123,NFLX,2026-02-26,9,212.21
ACC-0123,WMT,2026-03-02,40,129.51
ACC-0123,NFLX,2026-03-10,-49,204.24
ACC-0123,WMT,2026-03-11,2,126.29
ACC-0123,TSLA,2026-03-13,15,210.63
ACC-0123,NFLX,2026-03-23,41,210.31
ACC-0123,WMT,2026-03-26,12,116.35
ACC-0123,WMT,2026-03-27,-35,115.39
ACC-0123,NFLX,2026-04-06,-42,213.93
ACC-0123,WMT,2026-04-10,30,119.40
ACC-0123,WMT,2026-04-15,58,118.73
ACC-0123,NFLX,2026-04-16,13,212.26
ACC-0123,NFLX,2026-04-23,3,211.76
ACC-0123,WMT,2026-04-30,-55,120.15
ACC-0123,WMT,2026-05-05,-53,124.40
ACC-0123,NFLX,2026-05-06,6,221.49
ACC-0123,NFLX,2026-05-14,6,217.95
ACC-0123,NFLX,2026-05-26,39,209.60
ACC-0123,NFLX,2026-05-28,57,218.79
ACC-0124,VRT,2025-06-02,-29,127.79
ACC-0124,NVDA,2025-07-02,-55,210.98
ACC-0124,VRT,2025-07-30,53,112.63
ACC-0124,VRT,2025-08-14,22,106.60
ACC-0124,NVDA,2025-08-15,-2,255.98
ACC-0124,VRT,2025-08-18,-43,102.72
ACC-0124,VRT,2025-08-19,-52,101.93
ACC-0124,MRVL,2025-08-27,-28,174.71
ACC-0124,NVDA,2025-08-28,-12,260.31
ACC-0124,MRVL,2025-09-03,-1,175.25
ACC-0124,UNH,2025-09-04,9,81.84
ACC-0124,VRT,2025-09-23,1,105.61
ACC-0124,TSLA,2025-11-05,39,219.81
ACC-0124,NVDA,2025-11-26,13,272.65
ACC-0124,TSLA,2025-12-01,-24,239.86
ACC-0124,NVDA,2025-12-11,-20,285.87
ACC-0124,NVDA,2025-12-22,-10,306.68
ACC-0124,TSLA,2025-12-30,56,247.35
ACC-0124,TSLA,2026-01-21,48,255.83
ACC-0124,VRT,2026-02-12,-37,113.21
ACC-0124,VRT,2026-02-16,-38,113.85
ACC-0124,VRT,2026-02-18,27,114.43
ACC-0124,VRT,2026-03-19,-41,104.45
ACC-0124,NVDA,2026-03-20,-43,359.24
ACC-0124,VRT,2026-04-03,31,115.74
ACC-0124,VRT,2026-04-13,-15,113.84
ACC-0124,TSLA,2026-04-23,27,208.32
ACC-0124,TSLA,2026-05-05,4,221.55
ACC-0124,SMCI,2026-05-21,-47,163.69
ACC-0124,NFLX,2026-05-27,-18,215.52
ACC-0124,NVDA,2026-06-02,-3,303.33
ACC-0124,SMCI,2026-06-05,-9,155.24
ACC-0124,MSTR,2026-06-25,-52,69.18
ACC-0124,NVDA,2026-06-29,-58,321.52
ACC-0124,NVDA,2026-07-08,-52,344.92
ACC-0124,TSLA,2026-07-14,34,253.01
ACC-0124,NVDA,2026-07-15,12,337.25
ACC-0124,MSTR,2026-07-16,-50,66.36
ACC-0124,TSLA,2026-07-27,-22,253.56
ACC-0125,SOFI,2025-06-10,-32,39.85
ACC-0125,PYPL,2025-06-20,43,16.08
ACC-0125,SOFI,2025-06-24,48,42.30
ACC-0125,PYPL,2025-06-26,32,16.48
ACC-0125,SOXL,2025-07-07,-48,246.15
ACC-0125,SOFI,2025-07-09,-8,36.23
ACC-0125,UBER,2025-07-17,18,203.71
ACC-0125,AMD,2025-07-21,40,25.61
ACC-0125,SOFI,2025-07-22,-59,38.45
ACC-0125,SOXL,2025-07-29,31,256.31
ACC-0125,SOFI,2025-08-11,-39,39.80
ACC-0125,PYPL,2025-08-13,-38,15.15
ACC-0125,SOFI,2025-08-25,20,39.89
ACC-0125,SOFI,2025-09-01,-7,38.13
ACC-0125,PYPL,2025-09-05,17,14.13
ACC-0125,PYPL,2025-09-23,-49,14.94
ACC-0125,SOXL,2025-10-07,-47,226.24
ACC-0125,PYPL,2025-10-09,58,14.51
ACC-0125,SOFI,2025-10-15,60,36.40
ACC-0125,SOXL,2025-10-17,51,228.76
ACC-0125,PYPL,2025-10-21,50,13.47
ACC-0125,SOXL,2025-10-24,-20,227.18
ACC-0125,PYPL,2025-10-30,-22,13.98
ACC-0125,SOXL,2025-11-10,5,213.72
ACC-0125,SOXL,2025-11-12,2,210.95
ACC-0125,AVGO,2025-11-17,26,314.68
ACC-0125,SOXL,2025-11-19,32,216.96
ACC-0125,PYPL,2025-11-28,6,14.52
ACC-0125,SOFI,2025-12-01,15,24.26
ACC-0125,IREN,2025-12-03,17,228.82
ACC-0125,PYPL,2025-12-17,-42,14.94
ACC-0125,SOXL,2025-12-19,10,206.70
ACC-0125,SOFI,2025-12-24,44,23.36
ACC-0125,SOFI,2025-12-29,-1,22.64
ACC-0125,SOXL,2026-01-01,-59,193.68
ACC-0125,MRVL,2026-01-05,-58,168.61
ACC-0125,SOXL,2026-01-19,-52,201.21
ACC-0125,SOFI,2026-01-21,51,22.18
ACC-0125,PYPL,2026-01-26,-43,15.62
ACC-0125,META,2026-01-28,26,454.31
ACC-0125,PYPL,2026-02-12,22,15.77
ACC-0125,PYPL,2026-02-17,-5,15.62
ACC-0125,SPY,2026-02-25,21,163.43
ACC-0125,QQQ,2026-02-26,-22,239.45
ACC-0125,SOFI,2026-02-27,4,18.41
ACC-0125,WMT,2026-03-05,-44,135.03
ACC-0125,RIVN,2026-03-06,27,432.16
ACC-0125,RIVN,2026-03-10,-58,461.48
ACC-0125,SOFI,2026-03-17,-42,19.80
ACC-0125,SOXL,2026-03-18,44,232.59
ACC-0125,SOFI,2026-03-19,-9,19.36
ACC-0125,SOXL,2026-03-30,50,229.20
ACC-0125,PYPL,2026-03-31,27,12.98
ACC-0125,SOXL,2026-04-06,-28,223.23
ACC-0125,SOFI,2026-04-13,60,21.46
ACC-0125,SOFI,2026-05-06,-1,17.82
ACC-0125,SOXL,2026-05-18,26,222.48
ACC-0125,SOFI,2026-05-20,14,18.48
ACC-0125,SOXL,2026-05-25,57,225.53
ACC-0125,PYPL,2026-05-27,52,12.00
ACC-0125,SOFI,2026-06-08,2,17.57
ACC-0125,UNH,2026-06-10,-32,111.12
ACC-0125,SOFI,2026-06-12,-21,18.83
ACC-0125,SOXL,2026-06-16,37,249.42
ACC-0125,SOXL,2026-06-17,26,237.49
ACC-0125,SOFI,2026-06-19,46,19.13
ACC-0125,UBER,2026-06-23,-31,266.61
ACC-0125,PYPL,2026-07-06,-27,14.06
ACC-0125,SOXL,2026-07-20,-37,219.29
ACC-0125,SOFI,2026-07-28,38,17.52
ACC-0125,SOXL,2026-07-30,47,224.54
ACC-0125,PYPL,2026-08-11,58,15.58
ACC-0125,SOFI,2026-08-20,-39,15.57
ACC-0125,WMT,2026-08-27,14,138.95
ACC-0125,PYPL,2026-09-01,37,14.65
ACC-0126,MSTR,2025-06-20,-46,56.23
ACC-0126,MSTR,2025-06-30,10,58.28
ACC-0126,RIVN,2025-07-01,18,407.47
ACC-0126,MSTR,2025-07-02,-40,56.98
ACC-0126,SMCI,2025-07-17,53,143.51
ACC-0126,RIVN,2025-07-31,26,401.93
ACC-0126,VRT,2025-08-06,23,110.11
ACC-0126,RIVN,2025-09-10,56,378.37
ACC-0126,RIVN,2025-09-23,-35,375.34
ACC-0126,RIVN,2025-10-08,-16,425.15
ACC-0126,CRWD,2025-10-16,-39,400.24
ACC-0126,RIVN,2025-10-27,-53,402.77
ACC-0126,RIVN,2025-10-28,48,404.48
ACC-0126,MSTR,2025-11-04,43,67.95
ACC-0126,MSTR,2025-11-12,42,70.97
ACC-0126,MSTR,2025-11-21,-52,70.50
ACC-0126,MSTR,2025-11-24,-14,69.62
ACC-0126,MSTR,2025-11-25,-45,69.01
ACC-0126,SNAP,2025-12-01,-51,18.19
ACC-0126,RIVN,2025-12-25,-9,399.90
ACC-0126,RIVN,2026-01-16,-17,406.99
ACC-0126,MSTR,2026-01-20,-39,56.92
ACC-0126,MSTR,2026-02-03,22,58.28
ACC-0126,MSTR,2026-02-12,12,61.20
ACC-0126,MSTR,2026-02-23,15,64.43
ACC-0126,RIVN,2026-02-25,37,399.92
ACC-0126,RIVN,2026-03-03,-46,415.51
ACC-0126,MSTR,2026-03-06,-12,64.92
ACC-0126,SPY,2026-03-11,53,161.00
ACC-0126,RIVN,2026-03-19,-50,474.28
ACC-0126,RIVN,2026-03-25,57,471.32
ACC-0126,META,2026-03-31,51,568.53
ACC-0126,META,2026-04-03,46,548.08
ACC-0126,RIVN,2026-04-06,40,481.18
ACC-0126,MSTR,2026-04-09,5,66.73
ACC-0126,MSTR,2026-05-29,-36,65.06
ACC-0127,TSM,2025-06-02,-16,342.20
ACC-0127,TSM,2025-06-30,-50,296.20
ACC-0127,TSM,2025-07-03,5,298.65
ACC-0127,SHOP,2025-07-21,20,348.25
ACC-0127,MU,2025-08-06,5,146.81
ACC-0127,SHOP,2025-08-14,21,335.04
ACC-0127,TSM,2025-09-08,-56,280.35
ACC-0127,TSM,2025-09-16,31,282.81
ACC-0127,AAPL,2025-09-29,38,116.54
ACC-0127,TSM,2025-10-10,18,268.44
ACC-0127,QQQ,2025-10-14,60,196.40
ACC-0127,SHOP,2025-10-17,30,329.38
ACC-0127,TSM,2025-10-20,-38,237.09
ACC-0127,TSM,2025-12-29,-31,204.08
ACC-0127,TSM,2026-01-27,34,226.54
ACC-0127,SHOP,2026-02-17,37,433.20
ACC-0127,SHOP,2026-02-19,-19,432.86
ACC-0127,TSM,2026-02-20,-23,243.32
ACC-0127,TSM,2026-04-23,39,269.36
ACC-0127,SHOP,2026-04-29,-47,376.12
ACC-0127,TSM,2026-05-07,-57,243.27
ACC-0127,SHOP,2026-06-04,-13,324.63
ACC-0127,SOXL,2026-06-08,43,240.27
ACC-0127,SHOP,2026-06-19,-1,309.97
ACC-0128,VRT,2025-06-02,7,128.02
ACC-0128,TSLA,2025-06-03,30,206.22
ACC-0128,MRVL,2025-06-05,-60,196.02
ACC-0128,MRVL,2025-06-12,-44,192.73
ACC-0128,TSLA,2025-06-13,37,186.59
ACC-0128,VRT,2025-06-18,4,119.28
ACC-0128,MRVL,2025-07-14,35,179.50
ACC-0128,TSLA,2025-08-20,-11,181.52
ACC-0128,VRT,2025-09-16,49,104.83
ACC-0128,TSLA,2025-09-23,33,195.42
ACC-0128,VRT,2025-09-25,19,100.09
ACC-0128,VRT,2025-09-26,32,97.25
ACC-0128,VRT,2025-09-30,-36,99.74
ACC-0128,VRT,2025-10-15,-59,100.99
ACC-0128,VRT,2025-10-30,-19,101.27
ACC-0128,AVGO,2025-11-18,32,322.74
ACC-0128,MRVL,2025-11-25,-32,151.20
ACC-0128,TSLA,2025-12-04,14,229.76
ACC-0128,INTC,2025-12-09,-59,238.79
ACC-0128,TSLA,2025-12-16,-21,239.51
ACC-0128,MU,2025-12-19,50,166.47
ACC-0128,VRT,2025-12-22,35,86.78
ACC-0128,MRVL,2025-12-30,45,168.85
ACC-0128,VRT,2026-01-01,-50,94.46
ACC-0128,MRVL,2026-01-12,46,158.67
ACC-0128,MRVL,2026-01-13,15,159.12
ACC-0128,VRT,2026-01-20,-2,95.18
ACC-0128,VRT,2026-01-22,-5,97.45
ACC-0128,SOFI,2026-01-23,-34,22.23
ACC-0128,VRT,2026-02-10,-27,109.57
ACC-0128,MU,2026-03-05,14,203.38
ACC-0128,TSLA,2026-03-13,57,212.07
ACC-0128,SOFI,2026-03-17,-2,19.77
ACC-0128,MRVL,2026-03-20,-15,180.98
ACC-0128,VRT,2026-03-23,22,107.11
ACC-0128,VRT,2026-04-09,58,114.48
ACC-0128,VRT,2026-04-14,41,112.87
ACC-0128,VRT,2026-04-15,47,111.57
ACC-0129,SPY,2025-06-04,-58,170.46
ACC-0129,XOM,2025-06-11,41,287.64
ACC-0129,NFLX,2025-06-16,-57,234.51
ACC-0129,AVGO,2025-07-02,18,245.93
ACC-0129,XOM,2025-07-03,47,251.39
ACC-0129,GOOGL,2025-07-08,42,171.94
ACC-0129,WMT,2025-07-17,40,140.35
ACC-0129,NFLX,2025-07-21,-36,243.88
ACC-0129,XOM,2025-07-23,43,236.74
ACC-0129,XOM,2025-07-29,-42,241.35
ACC-0129,COIN,2025-07-31,-35,389.92
ACC-0129,NFLX,2025-08-05,11,207.88
ACC-0129,SPY,2025-08-12,-34,167.98
ACC-0129,COIN,2025-08-15,25,402.99
ACC-0129,COIN,2025-08-26,39,413.38
ACC-0129,XOM,2025-09-03,26,249.35
ACC-0129,XOM,2025-09-11,-31,240.63
ACC-0129,COIN,2025-09-22,-45,438.90
ACC-0129,XOM,2025-10-02,22,256.82
ACC-0129,COIN,2025-10-21,-12,340.14
ACC-0129,COIN,2025-10-23,-49,334.32
ACC-0129,XOM,2025-10-24,6,296.67
ACC-0129,NFLX,2025-11-05,27,208.65
ACC-0129,NFLX,2025-11-10,-42,204.73
ACC-0129,RIVN,2025-11-13,-49,401.91
ACC-0129,COIN,2025-11-18,39,332.13
ACC-0129,NFLX,2025-12-04,47,207.47
ACC-0129,COIN,2025-12-19,-27,280.76
ACC-0129,XOM,2025-12-22,22,298.92
ACC-0129,NFLX,2025-12-23,-47,229.24
ACC-0129,NFLX,2025-12-25,-12,226.31
ACC-0129,NFLX,2026-01-07,41,217.93
ACC-0129,XOM,2026-01-19,-46,342.99
ACC-0129,XOM,2026-01-22,28,322.74
ACC-0129,XOM,2026-01-26,-58,321.37
ACC-0129,COIN,2026-01-28,34,271.38
ACC-0129,AAPL,2026-02-13,-21,142.92
ACC-0129,NFLX,2026-02-16,45,215.30
ACC-0129,GOOGL,2026-03-04,-13,132.09
ACC-0129,COIN,2026-03-26,-9,224.25
ACC-0129,COIN,2026-03-30,22,221.57
ACC-0129,NFLX,2026-03-31,48,207.77
ACC-0129,COIN,2026-04-02,-49,219.05
ACC-0129,NFLX,2026-04-17,9,208.11
ACC-0129,XOM,2026-04-20,-3,265.82
ACC-0129,COIN,2026-04-27,-54,225.55
ACC-0129,NFLX,2026-04-29,45,211.35
ACC-0129,NFLX,2026-05-08,-36,224.80
ACC-0129,NFLX,2026-05-21,42,211.25
ACC-0129,COIN,2026-05-26,-7,210.35
ACC-0129,COIN,2026-05-27,25,208.98
ACC-0129,COIN,2026-06-05,-28,207.42
ACC-0129,UNH,2026-06-18,-24,116.49
ACC-0129,XOM,2026-07-02,44,312.60
ACC-0129,NFLX,2026-07-09,-30,205.07
ACC-0129,NFLX,2026-07-10,-12,200.13
ACC-0129,COIN,2026-07-13,-42,234.77
ACC-0129,COIN,2026-07-14,-27,234.84
ACC-0129,NFLX,2026-07-21,24,194.43
ACC-0129,NFLX,2026-07-23,-44,186.92
ACC-0129,XOM,2026-07-24,55,324.01
ACC-0129,NFLX,2026-07-29,-8,191.70
ACC-0129,COIN,2026-07-30,27,228.03
ACC-0130,QQQ,2025-06-03,-4,221.18
ACC-0130,QQQ,2025-06-18,33,219.31
ACC-0130,QQQ,2025-06-27,-52,229.13
ACC-0130,QQQ,2025-07-11,10,211.13
ACC-0130,QQQ,2025-07-17,-45,215.21
ACC-0130,QQQ,2025-08-01,54,228.88
ACC-0130,QQQ,2025-08-19,13,215.53
ACC-0130,QQQ,2025-09-25,31,211.96
ACC-0130,QQQ,2025-10-03,59,187.86
ACC-0130,QQQ,2025-10-23,-16,207.80
ACC-0130,QQQ,2025-11-03,48,227.38
ACC-0130,QQQ,2025-11-18,31,220.37
ACC-0130,MU,2025-11-25,-43,171.85
ACC-0130,SNAP,2025-11-28,38,18.08
ACC-0130,QQQ,2025-12-04,17,226.30
ACC-0130,QQQ,2025-12-10,48,229.02
ACC-0130,QQQ,2025-12-23,-26,240.79
ACC-0130,SMCI,2025-12-26,-14,160.40
ACC-0130,QQQ,2025-12-31,-30,234.39
ACC-0130,SNAP,2026-01-01,-26,19.48
ACC-0130,QQQ,2026-01-26,-16,237.08
ACC-0130,DIS,2026-01-29,9,196.28
ACC-0130,SNAP,2026-02-10,32,20.15
ACC-0130,SNAP,2026-02-18,37,20.71
ACC-0130,QQQ,2026-02-27,19,233.46
ACC-0130,SNAP,2026-03-16,30,18.82
ACC-0130,SNAP,2026-04-09,11,18.13
ACC-0130,SNAP,2026-04-14,44,18.64
ACC-0130,QQQ,2026-04-15,50,259.05
ACC-0130,QQQ,2026-04-23,-7,272.46
ACC-0130,QQQ,2026-04-24,46,266.80
ACC-0130,QQQ,2026-04-28,-2,261.50
ACC-0130,PYPL,2026-06-02,16,12.46
ACC-0131,NVDA,2025-06-18,-21,214.92
ACC-0131,NVDA,2025-06-30,-9,209.35
ACC-0131,NFLX,2025-07-28,24,237.85
ACC-0131,NVDA,2025-08-04,-10,247.09
ACC-0131,AMD,2025-08-05,-35,24.46
ACC-0131,NVDA,2025-08-11,51,252.56
ACC-0131,AMD,2025-08-27,54,21.46
ACC-0131,AMD,2025-09-18,12,25.54
ACC-0131,AMD,2025-09-26,-51,27.95
ACC-0131,AMD,2025-10-21,-59,32.79
ACC-0131,NFLX,2025-10-24,-32,221.98
ACC-0131,NVDA,2025-11-17,27,274.07
ACC-0131,UNH,2025-11-18,-8,90.60
ACC-0131,VRT,2025-11-28,-31,84.40
ACC-0131,NVDA,2025-12-01,-56,281.18
ACC-0131,NFLX,2025-12-23,25,229.14
ACC-0131,NVDA,2026-02-16,-57,375.58
ACC-0131,NFLX,2026-02-23,-37,220.03
ACC-0131,NVDA,2026-04-14,2,358.20
ACC-0131,NVDA,2026-04-15,-52,345.36
ACC-0131,NVDA,2026-05-12,-55,290.45
ACC-0131,AMD,2026-05-19,39,28.20
ACC-0131,NFLX,2026-06-02,-32,211.46
ACC-0131,NVDA,2026-06-03,10,301.27
ACC-0131,NFLX,2026-06-22,46,198.65
ACC-0131,NVDA,2026-07-02,8,335.54
ACC-0131,AMD,2026-07-08,-29,28.23
ACC-0131,AMD,2026-08-25,-28,29.99
ACC-0132,SHOP,2025-06-11,13,320.76
ACC-0132,CRWD,2025-06-30,-55,375.08
ACC-0132,CRWD,2025-07-01,-1,373.83
ACC-0132,CRWD,2025-07-25,32,369.21
ACC-0132,CRWD,2025-07-29,30,370.50
ACC-0132,CRWD,2025-08-11,-18,418.52
ACC-0132,CRWD,2025-08-14,-1,403.82
ACC-0132,AVGO,2025-08-15,-49,211.75
ACC-0132,CRWD,2025-08-18,-54,389.53
ACC-0132,SHOP,2025-08-19,60,345.50
ACC-0132,CRWD,2025-08-20,8,393.77
ACC-0132,SHOP,2025-08-22,-7,363.85
ACC-0132,CRWD,2025-09-02,-37,388.66
ACC-0132,CRWD,2025-09-03,-46,392.82
ACC-0132,CRWD,2025-09-04,-41,384.28
ACC-0132,CRWD,2025-09-05,-16,388.65
ACC-0132,SHOP,2025-09-09,33,341.30
ACC-0132,SHOP,2025-09-11,28,337.69
ACC-0132,CRWD,2025-09-17,53,381.14
ACC-0132,CRWD,2025-09-24,-35,391.97
ACC-0132,SHOP,2025-09-26,-33,326.15
ACC-0132,SHOP,2025-10-15,-39,329.97
ACC-0132,SHOP,2025-10-29,-40,337.66
ACC-0132,SHOP,2025-10-30,-59,334.40
ACC-0132,CRWD,2025-11-07,-7,405.97
ACC-0132,CRWD,2025-11-19,15,424.56
ACC-0132,CRWD,2025-12-09,-44,485.32
ACC-0132,CRWD,2025-12-15,56,474.99
ACC-0132,SHOP,2025-12-19,56,402.97
ACC-0132,CRWD,2025-12-30,-56,491.43
ACC-0132,CRWD,2025-12-31,-55,502.63
ACC-0132,TSLA,2026-01-01,18,259.62
ACC-0132,SHOP,2026-01-12,49,388.77
ACC-0132,CRWD,2026-01-19,42,503.91
ACC-0132,CRWD,2026-01-26,-7,500.02
ACC-0132,CRWD,2026-02-04,-38,493.53
ACC-0132,GOOGL,2026-02-06,18,131.87
ACC-0132,AAPL,2026-02-12,23,135.14
ACC-0132,CRWD,2026-02-23,11,476.00
ACC-0132,CRWD,2026-03-02,-16,464.53
ACC-0132,CRWD,2026-03-10,-27,436.32
ACC-0132,CRWD,2026-03-25,25,461.23
ACC-0132,SHOP,2026-03-27,-58,355.03
ACC-0132,SHOP,2026-04-01,-3,347.18
ACC-0132,CRWD,2026-04-22,7,464.15
ACC-0132,SHOP,2026-04-24,-56,366.55
ACC-0132,SHOP,2026-04-29,-23,377.76
ACC-0132,CRWD,2026-05-01,53,470.94
ACC-0132,CRWD,2026-05-05,4,455.57
ACC-0132,SHOP,2026-05-08,26,361.44
ACC-0132,SHOP,2026-05-13,-16,351.96
ACC-0132,SHOP,2026-05-28,49,316.18
ACC-0132,CRWD,2026-06-02,31,504.83
ACC-0132,CRWD,2026-06-03,-39,488.10
ACC-0132,CRWD,2026-06-15,-14,501.30
ACC-0132,CRWD,2026-06-24,16,517.07
ACC-0132,AMZN,2026-06-25,9,158.42
ACC-0132,WMT,2026-06-30,46,146.39
ACC-0132,NFLX,2026-07-07,-25,209.81
ACC-0132,SHOP,2026-07-09,13,346.58
ACC-0132,SHOP,2026-07-14,-23,364.40
ACC-0132,CRWD,2026-07-16,23,554.81
ACC-0132,COIN,2026-08-03,-1,220.89
ACC-0132,CRWD,2026-08-12,15,538.38
ACC-0132,SHOP,2026-08-21,-5,342.19
ACC-0132,CRWD,2026-08-28,-22,591.02
ACC-0132,SHOP,2026-09-02,-48,371.99
ACC-0132,CRWD,2026-09-04,40,613.82
ACC-0133,MRVL,2025-06-19,34,197.46
ACC-0133,MRVL,2025-06-24,16,190.40
ACC-0133,UBER,2025-06-30,-3,206.97
ACC-0133,MRVL,2025-07-03,-2,187.24
ACC-0133,SOXL,2025-07-14,19,254.38
ACC-0133,SOXL,2025-07-25,-47,261.58
ACC-0133,MRVL,2025-07-29,-59,169.46
ACC-0133,MRVL,2025-08-01,14,172.04
ACC-0133,AMZN,2025-08-05,15,90.57
ACC-0133,MRVL,2025-08-19,-23,187.16
ACC-0133,MRVL,2025-08-20,-49,190.43
ACC-0133,MRVL,2025-08-28,29,176.09
ACC-0133,SOXL,2025-08-29,20,226.16
ACC-0133,MRVL,2025-10-14,-54,152.10
ACC-0133,SOXL,2025-10-16,-25,221.10
ACC-0133,MRVL,2025-10-24,41,155.72
ACC-0133,SOXL,2025-11-03,14,221.18
ACC-0133,MRVL,2025-11-11,-44,154.03
ACC-0133,AAPL,2025-11-12,17,118.49
ACC-0133,MRVL,2025-11-14,18,154.51
ACC-0133,SOXL,2025-11-27,-3,233.90
ACC-0133,MRVL,2025-12-11,6,177.18
ACC-0133,MRVL,2025-12-18,44,174.18
ACC-0133,SOXL,2026-01-01,19,195.11
ACC-0133,SOXL,2026-01-02,58,196.31
ACC-0133,MSTR,2026-01-06,26,59.16
ACC-0133,MRVL,2026-01-21,15,161.86
ACC-0133,SOXL,2026-02-12,-50,215.19
ACC-0133,SOXL,2026-02-17,41,218.83
ACC-0133,MRVL,2026-02-24,18,160.71
ACC-0133,SOXL,2026-03-05,-52,227.83
ACC-0133,MRVL,2026-03-16,-9,176.31
ACC-0133,ARM,2026-03-23,-51,184.56
ACC-0133,COIN,2026-04-06,5,228.35
ACC-0133,MRVL,2026-04-14,-34,172.68
ACC-0133,AMZN,2026-04-22,-3,141.11
ACC-0133,SOXL,2026-04-23,-23,221.51
ACC-0133,SOXL,2026-04-24,28,223.46
ACC-0133,SOXL,2026-05-05,-6,229.07
ACC-0133,MRVL,2026-05-06,9,193.57
ACC-0133,MRVL,2026-05-18,-3,184.94
ACC-0133,MRVL,2026-05-20,-38,190.56
ACC-0133,SOXL,2026-05-22,22,228.81
ACC-0133,SOXL,2026-06-03,37,224.90
ACC-0133,HOOD,2026-06-08,-18,169.50
ACC-0133,MRVL,2026-06-18,28,175.91
ACC-0133,MRVL,2026-06-23,26,172.06
ACC-0133,MRVL,2026-06-24,42,171.87
ACC-0133,MRVL,2026-06-29,-38,170.88
ACC-0133,VRT,2026-07-13,-44,92.34
ACC-0133,MRVL,2026-07-28,13,181.45
ACC-0133,MRVL,2026-07-29,51,183.79
ACC-0134,MSFT,2025-06-05,-50,203.95
ACC-0134,PLTR,2025-06-11,54,185.64
ACC-0134,META,2025-06-17,37,359.60
ACC-0134,META,2025-06-18,45,361.04
ACC-0134,MSFT,2025-06-20,49,192.33
ACC-0134,MSFT,2025-06-25,57,191.36
ACC-0134,META,2025-07-02,1,402.90
ACC-0134,MSFT,2025-07-09,20,209.75
ACC-0134,MSFT,2025-07-17,-42,211.49
ACC-0134,MSFT,2025-07-30,-44,202.54
ACC-0134,META,2025-08-21,29,404.57
ACC-0134,META,2025-09-04,-54,403.17
ACC-0134,MSFT,2025-09-25,-6,242.65
ACC-0134,META,2025-10-02,41,339.43
ACC-0134,SMCI,2025-10-03,-5,165.45
ACC-0134,MSFT,2025-10-10,56,268.58
ACC-0134,SOFI,2025-10-29,18,33.27
ACC-0134,MSFT,2025-11-05,-6,250.22
ACC-0134,META,2025-11-11,32,359.47
ACC-0134,MSFT,2025-11-14,-24,249.25
ACC-0134,META,2025-11-28,43,362.52
ACC-0134,MSFT,2026-01-20,38,259.84
ACC-0134,CRWD,2026-01-23,33,489.92
ACC-0134,MSFT,2026-02-13,48,234.12
ACC-0134,MSFT,2026-02-19,-52,255.55
ACC-0134,MSFT,2026-03-03,2,254.01
ACC-0134,META,2026-03-13,-16,535.25
ACC-0134,META,2026-03-24,10,568.46
ACC-0134,ARM,2026-04-02,-22,173.55
ACC-0134,MSFT,2026-04-08,53,235.39
ACC-0134,MSFT,2026-04-10,-5,244.03
ACC-0134,MSFT,2026-04-17,-13,260.78
ACC-0134,META,2026-04-23,44,520.97
ACC-0134,META,2026-05-01,28,512.28
ACC-0134,MSFT,2026-05-12,27,283.44
ACC-0134,META,2026-05-14,-20,520.27
ACC-0134,META,2026-05-28,-44,519.52
ACC-0134,TSM,2026-06-03,29,247.40
ACC-0134,MSFT,2026-06-16,-58,266.21
ACC-0134,META,2026-06-18,-16,479.80
ACC-0134,MSFT,2026-06-19,-6,267.81
ACC-0134,META,2026-06-25,57,457.38
ACC-0134,META,2026-06-26,-1,465.59
ACC-0134,META,2026-07-02,-21,504.91
ACC-0134,META,2026-08-03,-9,484.26
ACC-0134,META,2026-08-07,21,509.07
ACC-0134,MSFT,2026-08-12,23,224.48
ACC-0134,CRWD,2026-08-18,-44,559.22
ACC-0134,MSFT,2026-08-24,53,224.12
ACC-0135,ARM,2025-06-17,6,198.04
ACC-0135,ARM,2025-10-16,26,191.72
ACC-0135,IREN,2025-10-17,-60,237.49
ACC-0135,IREN,2025-11-27,-59,231.95
ACC-0135,IREN,2025-12-03,11,229.12
ACC-0135,SPY,2026-01-23,2,171.87
ACC-0135,CRWD,2026-03-03,50,456.92
ACC-0135,ARM,2026-03-18,-29,191.70
ACC-0135,CRWD,2026-04-07,30,448.04
ACC-0135,IREN,2026-04-24,-53,295.15
ACC-0135,CRWD,2026-06-15,-24,504.24
ACC-0135,ARM,2026-07-24,4,190.06
ACC-0135,NVDA,2026-07-28,-24,342.52
ACC-0135,META,2026-08-12,6,510.96
ACC-0135,ARM,2026-08-17,41,206.65
ACC-0135,ARM,2026-08-19,9,213.39
ACC-0136,COIN,2025-06-02,-37,398.20
ACC-0136,INTC,2025-06-09,5,203.85
ACC-0136,INTC,2025-06-10,-51,205.96
ACC-0136,INTC,2025-06-24,-9,191.40
ACC-0136,COIN,2025-07-03,4,365.71
ACC-0136,DIS,2025-07-04,-9,295.06
ACC-0136,INTC,2025-07-08,19,178.47
ACC-0136,COIN,2025-07-10,21,369.70
ACC-0136,SOXL,2025-07-14,26,253.25
ACC-0136,META,2025-07-17,36,411.57
ACC-0136,INTC,2025-07-24,21,170.76
ACC-0136,INTC,2025-07-28,14,173.40
ACC-0136,BA,2025-08-01,50,334.68
ACC-0136,INTC,2025-08-06,53,180.95
ACC-0136,INTC,2025-08-14,-44,183.17
ACC-0136,META,2025-08-25,-46,406.09
ACC-0136,META,2025-08-27,29,398.09
ACC-0136,META,2025-09-08,-1,405.26
ACC-0136,INTC,2025-09-22,-10,209.35
ACC-0136,COIN,2025-09-23,34,430.63
ACC-0136,META,2025-09-25,9,371.01
ACC-0136,MSFT,2025-09-26,48,249.62
ACC-0136,COIN,2025-09-29,-20,404.16
ACC-0136,META,2025-10-01,-34,343.19
ACC-0136,META,2025-10-02,-60,341.09
ACC-0136,META,2025-10-22,-13,374.30
ACC-0136,INTC,2025-10-23,60,221.20
ACC-0136,INTC,2025-10-27,-5,213.81
ACC-0136,META,2025-10-30,4,368.28
ACC-0136,SHOP,2025-10-31,-20,344.09
ACC-0136,SOFI,2025-11-04,-22,31.69
ACC-0136,COIN,2025-11-05,-49,311.68
ACC-0136,COIN,2025-11-07,-56,314.55
ACC-0136,INTC,2025-11-12,11,239.01
ACC-0136,META,2025-11-14,-60,349.56
ACC-0136,INTC,2025-11-19,-55,246.59
ACC-0136,INTC,2025-11-20,-3,239.72
ACC-0136,COIN,2025-11-25,-33,318.97
ACC-0136,COIN,2025-12-18,-32,283.62
ACC-0136,INTC,2025-12-26,51,233.04
ACC-0136,INTC,2025-12-29,-6,235.12
ACC-0136,COIN,2025-12-30,41,267.73
ACC-0136,WMT,2026-01-06,-8,134.32
ACC-0136,META,2026-01-07,-58,468.89
ACC-0136,COIN,2026-01-09,50,262.20
ACC-0136,COIN,2026-01-27,-33,268.25
ACC-0136,INTC,2026-02-03,41,239.14
ACC-0136,SHOP,2026-02-06,40,431.27
ACC-0136,COIN,2026-02-09,32,252.79
ACC-0136,META,2026-02-11,44,528.86
ACC-0136,META,2026-02-12,-36,519.73
ACC-0136,COIN,2026-02-16,-35,261.49
ACC-0136,META,2026-02-18,-13,546.66
ACC-0136,META,2026-02-20,-36,538.15
ACC-0136,COIN,2026-02-23,-56,275.59
ACC-0136,META,2026-02-26,-10,560.97
ACC-0136,QQQ,2026-02-27,12,234.61
ACC-0136,SOXL,2026-03-13,36,233.05
ACC-0136,INTC,2026-03-17,-35,242.64
ACC-0136,COIN,2026-03-18,-6,244.05
ACC-0136,COIN,2026-03-19,18,234.90
ACC-0136,INTC,2026-03-23,-33,246.29
ACC-0136,INTC,2026-03-27,9,272.17
ACC-0136,META,2026-04-09,49,529.45
ACC-0136,TSM,2026-04-14,9,279.60
ACC-0136,COIN,2026-04-22,-11,219.74
ACC-0136,COIN,2026-04-23,14,221.20
ACC-0136,INTC,2026-04-29,55,308.73
ACC-0136,META,2026-05-05,20,518.47
ACC-0136,META,2026-05-06,19,527.71
ACC-0136,META,2026-05-07,44,503.75
ACC-0136,META,2026-05-15,47,522.51
ACC-0136,INTC,2026-05-20,-24,282.63
ACC-0136,VRT,2026-05-21,53,112.01
ACC-0136,META,2026-06-03,-6,513.87
ACC-0136,META,2026-06-05,10,518.72
ACC-0137,COIN,2025-06-05,-33,385.02
ACC-0137,COIN,2025-06-10,47,382.40
ACC-0137,COIN,2025-06-17,-44,351.47
ACC-0137,COIN,2025-06-23,-19,334.87
ACC-0137,COIN,2025-06-24,48,341.22
ACC-0137,CRWD,2025-07-24,-7,382.02
ACC-0137,COIN,2025-08-06,-41,380.91
ACC-0137,SOXL,2025-08-08,-31,260.26
ACC-0137,MRVL,2025-08-22,-21,185.77
ACC-0137,CRWD,2025-08-28,53,390.52
ACC-0137,COIN,2025-09-04,-29,418.38
ACC-0137,COIN,2025-09-17,-32,456.93
ACC-0137,CRWD,2025-09-29,-56,392.25
ACC-0137,COIN,2025-10-08,54,399.04
ACC-0137,COIN,2025-10-20,-17,343.71
ACC-0137,COIN,2025-11-04,45,317.55
ACC-0137,CRWD,2025-11-24,4,429.13
ACC-0137,SNAP,2025-12-15,-16,18.72
ACC-0137,CRWD,2025-12-17,-47,456.99
ACC-0137,CRWD,2025-12-25,12,481.82
ACC-0137,QQQ,2026-01-08,-37,240.33
ACC-0137,COIN,2026-01-23,37,267.16
ACC-0137,WMT,2026-02-03,13,135.19
ACC-0137,UNH,2026-02-09,20,111.37
ACC-0137,COIN,2026-02-16,59,260.78
ACC-0137,COIN,2026-02-19,17,270.72
ACC-0137,COIN,2026-02-23,-27,274.18
ACC-0137,CRWD,2026-02-26,-32,455.20
ACC-0137,COIN,2026-03-05,2,247.46
ACC-0137,COIN,2026-03-12,-55,241.24
ACC-0137,COIN,2026-03-24,-59,221.99
ACC-0137,COIN,2026-04-14,56,235.56
ACC-0137,CRWD,2026-04-23,-37,452.33
ACC-0137,CRWD,2026-04-29,-33,471.63
ACC-0137,SHOP,2026-05-20,1,333.04
ACC-0137,COIN,2026-05-22,-41,204.52
ACC-0137,COIN,2026-05-29,38,207.69
ACC-0137,COIN,2026-06-18,-49,214.18
ACC-0137,CRWD,2026-06-22,-21,521.63
ACC-0137,COIN,2026-07-03,-2,217.80
ACC-0137,COIN,2026-07-27,-2,228.98
ACC-0137,NFLX,2026-08-21,-53,203.36
ACC-0137,CRWD,2026-09-01,34,608.40
ACC-0138,QQQ,2025-06-03,36,221.12
ACC-0138,MSFT,2025-06-04,47,199.04
ACC-0138,MSTR,2025-06-17,55,55.14
ACC-0138,MSTR,2025-07-28,28,64.96
ACC-0138,MSFT,2025-07-30,-6,202.94
ACC-0138,MSTR,2025-08-20,31,64.45
ACC-0138,MSFT,2025-09-04,44,210.54
ACC-0138,MSFT,2025-09-16,37,235.71
ACC-0138,QQQ,2025-09-25,-30,211.51
ACC-0138,MSFT,2025-09-29,27,237.72
ACC-0138,QQQ,2025-10-03,50,187.03
ACC-0138,MSTR,2025-10-08,-11,67.57
ACC-0138,MSTR,2025-10-09,24,68.87
ACC-0138,MSTR,2025-10-10,35,68.17
ACC-0138,MSFT,2025-10-13,-19,268.41
ACC-0138,MSTR,2025-10-24,33,69.08
ACC-0138,QQQ,2025-10-28,-40,214.21
ACC-0138,MSFT,2025-11-06,-40,253.61
ACC-0138,MSTR,2025-11-17,36,67.46
ACC-0138,MSFT,2025-12-01,11,236.32
ACC-0138,MSTR,2025-12-04,56,65.26
ACC-0138,MSFT,2025-12-10,20,250.55
ACC-0138,QQQ,2025-12-18,-47,231.57
ACC-0138,TSLA,2025-12-19,27,233.48
ACC-0138,MSFT,2026-01-20,-25,259.81
ACC-0138,QQQ,2026-01-21,-55,232.37
ACC-0138,MSFT,2026-01-30,30,259.66
ACC-0138,MSTR,2026-02-02,-57,57.71
ACC-0138,NFLX,2026-02-03,38,213.08
ACC-0138,MSFT,2026-02-26,40,261.66
ACC-0138,MSTR,2026-02-27,14,64.97
ACC-0138,QQQ,2026-03-04,39,243.76
ACC-0138,QQQ,2026-03-05,-60,238.52
ACC-0138,QQQ,2026-03-06,-8,240.25
ACC-0138,MSTR,2026-03-09,42,64.52
ACC-0138,MSTR,2026-03-10,-13,62.66
ACC-0138,MSFT,2026-03-18,-42,225.80
ACC-0138,MSFT,2026-03-20,-42,232.84
ACC-0138,QQQ,2026-03-25,18,246.45
ACC-0138,MSTR,2026-04-07,54,66.18
ACC-0138,MSFT,2026-04-09,52,237.72
ACC-0138,QQQ,2026-04-21,-31,274.04
ACC-0138,MSTR,2026-04-28,8,63.86
ACC-0138,MSTR,2026-05-13,36,70.13
ACC-0138,QQQ,2026-06-09,-9,219.05
ACC-0138,MSTR,2026-06-12,34,68.88
ACC-0138,MSFT,2026-06-23,12,251.93
ACC-0138,MSFT,2026-07-02,11,259.99
ACC-0138,MSFT,2026-07-07,-26,259.71
ACC-0138,MSFT,2026-07-08,56,267.29
ACC-0138,QQQ,2026-07-14,24,218.51
ACC-0138,MSFT,2026-07-15,-56,245.07
ACC-0138,SNAP,2026-07-20,-27,15.26
ACC-0138,QQQ,2026-07-24,-10,220.30
ACC-0138,MSFT,2026-07-27,-44,236.76
ACC-0138,MSTR,2026-08-03,-33,69.19
ACC-0138,MSFT,2026-08-06,-42,224.79
ACC-0138,QQQ,2026-08-07,47,196.82
ACC-0138,MSTR,2026-08-10,-5,69.39
ACC-0138,MSFT,2026-08-25,-3,234.03
ACC-0139,META,2025-06-10,44,338.49
ACC-0139,META,2025-06-18,59,358.40
ACC-0139,META,2025-06-30,-42,396.55
ACC-0139,SMCI,2025-07-15,47,141.42
ACC-0139,SMCI,2025-07-28,-54,148.94
ACC-0139,NFLX,2025-07-31,-42,216.72
ACC-0139,SMCI,2025-08-06,30,161.75
ACC-0139,SMCI,2025-08-08,21,161.35
ACC-0139,META,2025-08-11,13,405.09
ACC-0139,VRT,2025-08-27,-34,97.37
ACC-0139,SNAP,2025-09-05,-21,14.25
ACC-0139,META,2025-09-22,4,375.66
ACC-0139,SMCI,2025-10-28,22,155.42
ACC-0139,SMCI,2025-11-26,43,146.59
ACC-0139,SMCI,2025-12-02,44,150.95
ACC-0139,GOOGL,2025-12-16,-46,128.19
ACC-0139,META,2025-12-30,-32,441.63
ACC-0139,SMCI,2026-01-02,-11,163.74
ACC-0139,MSFT,2026-01-06,5,258.79
ACC-0139,SMCI,2026-01-21,36,176.07
ACC-0139,META,2026-02-11,-5,524.95
ACC-0139,META,2026-02-17,-24,539.70
ACC-0139,SMCI,2026-03-02,-7,194.90
ACC-0139,SMCI,2026-03-19,11,190.98
ACC-0139,META,2026-04-30,-55,516.07
ACC-0139,META,2026-05-13,32,522.60
ACC-0139,META,2026-05-25,-6,519.57
ACC-0139,CRWD,2026-06-05,-46,480.29
ACC-0139,SMCI,2026-07-09,-48,154.42
ACC-0139,COIN,2026-07-21,14,233.44
ACC-0139,META,2026-08-21,34,544.77
ACC-0139,META,2026-08-31,-5,529.50
ACC-0140,HOOD,2025-06-02,-2,144.92
ACC-0140,VRT,2025-06-25,33,119.73
ACC-0140,VRT,2025-07-30,20,112.59
ACC-0140,MSFT,2025-08-14,13,219.79
ACC-0140,VRT,2025-08-18,19,103.26
ACC-0140,AVGO,2025-08-19,-48,217.95
ACC-0140,RIVN,2025-09-23,-40,373.22
ACC-0140,RIVN,2025-09-26,-25,417.72
ACC-0140,VRT,2025-10-10,28,99.28
ACC-0140,VRT,2025-10-23,51,103.90
ACC-0140,VRT,2026-01-28,51,101.17
ACC-0140,RIVN,2026-04-01,-1,485.61
ACC-0140,AVGO,2026-04-15,-13,216.88
ACC-0140,VRT,2026-05-28,-22,106.69
ACC-0140,VRT,2026-06-30,28,98.52
ACC-0140,RIVN,2026-07-10,21,421.96
ACC-0140,RIVN,2026-07-17,-27,417.48
ACC-0140,RIVN,2026-07-23,50,445.76
ACC-0140,VRT,2026-07-27,-19,88.51
ACC-0140,WMT,2026-08-05,53,148.02
ACC-0140,RIVN,2026-08-11,13,473.61
ACC-0140,VRT,2026-08-14,9,86.59
ACC-0141,AVGO,2025-06-04,-20,275.00
ACC-0141,NFLX,2025-07-24,40,238.91
ACC-0141,MSFT,2025-08-08,3,222.11
ACC-0141,COIN,2025-08-25,7,403.30
ACC-0141,MSFT,2025-09-05,-30,205.62
ACC-0141,MSTR,2025-10-08,-19,67.54
ACC-0141,MSTR,2025-11-20,10,70.61
ACC-0141,MSTR,2025-11-26,-17,68.64
ACC-0141,MSFT,2025-12-09,23,247.11
ACC-0141,MSFT,2025-12-17,-18,246.25
ACC-0141,MSFT,2025-12-23,-8,247.68
ACC-0141,MSTR,2026-01-05,14,56.59
ACC-0141,MSFT,2026-01-06,5,258.26
ACC-0141,MSFT,2026-01-28,19,255.29
ACC-0141,MSTR,2026-02-04,-20,58.50
ACC-0141,XOM,2026-02-16,-59,281.04
ACC-0141,MSTR,2026-02-25,-11,63.60
ACC-0141,MSFT,2026-02-26,-53,262.14
ACC-0141,MSFT,2026-03-30,-10,224.46
ACC-0141,MU,2026-04-27,48,224.47
ACC-0141,MSTR,2026-04-28,-23,64.32
ACC-0141,MSFT,2026-05-05,46,270.38
ACC-0141,MSTR,2026-05-19,-45,70.21
ACC-0141,MSFT,2026-05-27,58,287.49
ACC-0141,COIN,2026-06-02,60,202.03
ACC-0141,COIN,2026-06-09,-24,211.71
ACC-0141,NFLX,2026-06-11,-15,191.57
ACC-0141,MSTR,2026-06-23,-36,72.52
ACC-0141,MSTR,2026-07-22,1,69.00
ACC-0141,COIN,2026-08-07,40,227.22
ACC-0141,MSFT,2026-08-13,-27,218.65
ACC-0141,COIN,2026-08-17,35,235.40
ACC-0141,MSTR,2026-08-18,-55,70.69
ACC-0141,MSTR,2026-08-20,43,70.00
ACC-0141,MSTR,2026-08-24,-38,69.86
ACC-0141,MSFT,2026-08-25,55,233.28
ACC-0142,SOXL,2025-06-17,52,256.05
ACC-0142,HOOD,2025-06-30,36,162.73
ACC-0142,SPY,2025-07-16,24,156.26
ACC-0142,AVGO,2025-07-22,-11,225.33
ACC-0142,SPY,2025-08-01,48,148.79
ACC-0142,SOXL,2025-08-21,-13,229.28
ACC-0142,HOOD,2025-08-25,7,157.02
ACC-0142,SPY,2025-10-20,-8,175.70
ACC-0142,SPY,2025-12-01,28,167.56
ACC-0142,SPY,2026-01-06,16,174.92
ACC-0142,SOXL,2026-02-12,-57,215.77
ACC-0142,MSFT,2026-05-18,27,286.39
ACC-0142,SOXL,2026-05-26,11,226.98
ACC-0142,SOXL,2026-06-25,59,244.95
ACC-0142,HOOD,2026-07-14,-39,154.00
ACC-0142,SOXL,2026-08-06,21,219.62
ACC-0143,GOOGL,2025-06-10,20,165.78
ACC-0143,QQQ,2025-06-16,-38,223.66
ACC-0143,GOOGL,2025-06-27,23,165.21
ACC-0143,QQQ,2025-07-10,5,216.45
ACC-0143,GOOGL,2025-07-17,46,156.72
ACC-0143,SOFI,2025-07-24,-50,38.32
ACC-0143,AMD,2025-07-25,-38,24.85
ACC-0143,GOOGL,2025-08-01,-7,143.82
ACC-0143,SPY,2025-08-11,-7,164.51
ACC-0143,QQQ,2025-08-20,46,215.87
ACC-0143,GOOGL,2025-08-21,-34,144.85
ACC-0143,QQQ,2025-09-23,59,208.57
ACC-0143,QQQ,2025-10-01,-41,189.97
ACC-0143,QQQ,2025-10-03,3,188.68
ACC-0143,GOOGL,2025-10-23,-52,138.17
ACC-0143,GOOGL,2025-10-24,16,134.56
ACC-0143,QQQ,2025-10-28,51,214.77
ACC-0143,GOOGL,2025-11-11,-32,124.83
ACC-0143,GOOGL,2025-11-19,-34,127.67
ACC-0143,VRT,2025-11-26,-27,80.22
ACC-0143,GOOGL,2025-12-03,-46,126.31
ACC-0143,GOOGL,2025-12-05,22,129.55
ACC-0143,QQQ,2025-12-09,57,236.04
ACC-0143,QQQ,2026-01-05,5,231.58
ACC-0143,QQQ,2026-01-26,-59,237.31
ACC-0143,ARM,2026-01-27,31,173.15
ACC-0143,GOOGL,2026-02-06,55,130.97
ACC-0143,QQQ,2026-02-27,36,234.41
ACC-0143,GOOGL,2026-03-04,26,133.38
ACC-0143,QQQ,2026-03-09,-43,243.32
ACC-0143,GOOGL,2026-03-10,31,126.94
ACC-0143,QQQ,2026-03-30,-60,246.55
ACC-0143,QQQ,2026-03-31,35,247.66
ACC-0143,QQQ,2026-04-01,-9,251.10
ACC-0143,MU,2026-04-14,-49,210.28
ACC-0143,SMCI,2026-04-24,19,175.06
ACC-0143,GOOGL,2026-04-30,5,120.86
ACC-0143,QQQ,2026-05-06,42,262.25
ACC-0143,GOOGL,2026-05-07,49,122.77
ACC-0143,GOOGL,2026-05-08,-40,123.37
ACC-0143,QQQ,2026-05-19,-44,243.33
ACC-0143,QQQ,2026-05-22,18,228.68
ACC-0143,QQQ,2026-05-27,15,218.17
ACC-0143,QQQ,2026-06-01,46,207.17
ACC-0143,GOOGL,2026-06-02,56,127.81
ACC-0143,GOOGL,2026-06-03,-55,129.92
ACC-0143,GOOGL,2026-06-11,48,123.68
ACC-0143,QQQ,2026-06-16,-6,212.97
ACC-0143,QQQ,2026-07-01,53,209.41
ACC-0143,PYPL,2026-07-06,-48,14.11
ACC-0143,GOOGL,2026-07-10,-41,132.36
ACC-0143,GOOGL,2026-07-16,15,128.82
ACC-0143,GOOGL,2026-08-04,-41,118.06
ACC-0143,GOOGL,2026-09-03,-2,136.06
ACC-0144,AAPL,2025-06-19,2,138.94
ACC-0144,TSLA,2025-06-20,-3,187.00
ACC-0144,AAPL,2025-06-30,58,128.49
ACC-0144,NVDA,2025-07-07,-27,215.68
ACC-0144,GOOGL,2025-08-01,-40,144.31
ACC-0144,TSLA,2025-08-11,-46,177.20
ACC-0144,TSLA,2025-08-28,-34,176.65
ACC-0144,AAPL,2025-10-31,27,122.15
ACC-0144,TSLA,2025-11-07,52,221.55
ACC-0144,AAPL,2025-11-11,-27,121.07
ACC-0144,AAPL,2025-11-17,-33,119.95
ACC-0144,AAPL,2025-12-02,-58,129.97
ACC-0144,AAPL,2025-12-03,59,135.32
ACC-0144,AAPL,2025-12-17,48,130.50
ACC-0144,AAPL,2026-01-19,-24,130.80
ACC-0144,AAPL,2026-03-02,-45,136.20
ACC-0144,AAPL,2026-03-26,26,138.25
ACC-0144,TSLA,2026-03-27,-25,227.26
ACC-0144,TSLA,2026-04-15,26,204.45
ACC-0144,TSLA,2026-05-21,54,238.65
ACC-0144,AMD,2026-05-26,-21,27.83
ACC-0144,AAPL,2026-06-03,44,148.41
ACC-0144,AAPL,2026-06-08,32,152.03
ACC-0144,AAPL,2026-07-21,32,126.28
ACC-0144,AAPL,2026-08-17,-18,139.36
ACC-0144,AAPL,2026-08-25,-11,137.63
ACC-0144,TSLA,2026-08-31,-58,307.69
ACC-0145,PLTR,2025-06-18,-25,169.86
ACC-0145,IREN,2025-06-23,-38,193.37
ACC-0145,ARM,2025-07-17,36,199.62
ACC-0145,PLTR,2025-08-08,-5,184.55
ACC-0145,PLTR,2025-08-12,-47,186.34
ACC-0145,PLTR,2025-08-19,23,188.08
ACC-0145,ARM,2025-08-21,-10,198.69
ACC-0145,IREN,2025-09-10,-55,192.09
ACC-0145,ARM,2025-09-25,-5,176.86
ACC-0145,IREN,2025-10-13,40,232.87
ACC-0145,ARM,2025-10-15,27,186.18
ACC-0145,PLTR,2025-10-16,-30,190.79
ACC-0145,ARM,2025-10-21,45,187.62
ACC-0145,AAPL,2025-10-27,-29,120.14
ACC-0145,ARM,2025-11-14,-20,220.61
ACC-0145,ARM,2025-12-24,29,202.54
ACC-0145,IREN,2025-12-25,50,241.68
ACC-0145,ARM,2025-12-26,-19,198.96
ACC-0145,PLTR,2025-12-30,10,194.91
ACC-0145,ARM,2026-01-02,-3,205.93
ACC-0145,IREN,2026-01-05,-13,241.37
ACC-0145,IREN,2026-01-14,50,241.93
ACC-0145,ARM,2026-01-15,59,194.55
ACC-0145,SMCI,2026-01-23,10,187.01
ACC-0145,IREN,2026-02-04,19,266.42
ACC-0145,ARM,2026-02-19,-8,187.19
ACC-0145,MSFT,2026-02-24,-57,263.83
ACC-0145,UNH,2026-02-27,55,122.29
ACC-0145,SPY,2026-03-10,-52,164.11
ACC-0145,PLTR,2026-03-18,15,186.28
ACC-0145,ARM,2026-04-08,-53,179.05
ACC-0145,PLTR,2026-04-15,13,168.58
ACC-0145,PLTR,2026-04-17,-30,167.75
ACC-0145,ARM,2026-04-22,-15,183.97
ACC-0145,ARM,2026-05-01,-16,184.55
ACC-0145,ARM,2026-05-08,-56,186.38
ACC-0145,IREN,2026-05-21,-16,319.35
ACC-0145,PLTR,2026-05-27,46,196.44
ACC-0145,PLTR,2026-06-02,-48,209.92
ACC-0145,CRWD,2026-06-15,-5,501.11
ACC-0145,PLTR,2026-06-24,40,188.68
ACC-0145,QQQ,2026-06-29,22,206.50
ACC-0145,PLTR,2026-07-03,-40,193.14
ACC-0145,PLTR,2026-07-09,-33,183.34
ACC-0145,ARM,2026-07-20,33,183.54
ACC-0145,ARM,2026-08-20,34,219.28
ACC-0145,ARM,2026-08-21,-42,220.29
ACC-0145,SMCI,2026-09-03,-24,145.73
ACC-0146,ARM,2025-06-03,30,204.81
ACC-0146,MRVL,2025-06-19,-26,198.75
ACC-0146,SPY,2025-06-24,42,151.81
ACC-0146,MRVL,2025-07-01,-54,180.11
ACC-0146,ARM,2025-07-07,-20,184.24
ACC-0146,ARM,2025-07-18,-3,195.38
ACC-0146,SPY,2025-07-22,-9,152.17
ACC-0146,MRVL,2025-07-23,10,181.59
ACC-0146,ARM,2025-07-24,17,199.90
ACC-0146,SPY,2025-07-29,30,151.42
ACC-0146,ARM,2025-08-05,-58,196.69
ACC-0146,SPY,2025-08-06,-39,157.98
ACC-0146,MRVL,2025-08-07,-46,176.25
ACC-0146,MRVL,2025-08-14,-39,182.11
ACC-0146,ARM,2025-08-19,-26,199.10
ACC-0146,ARM,2025-08-21,4,199.71
ACC-0146,ARM,2025-08-22,-5,198.30
ACC-0146,MRVL,2025-08-25,-49,176.25
ACC-0146,ARM,2025-08-26,-2,196.88
ACC-0146,SPY,2025-09-05,33,172.45
ACC-0146,MRVL,2025-09-17,3,168.12
ACC-0146,SPY,2025-10-02,32,169.79
ACC-0146,MRVL,2025-10-03,17,161.62
ACC-0146,ARM,2025-10-21,-2,187.28
ACC-0146,MRVL,2025-10-22,-34,149.83
ACC-0146,ARM,2025-10-23,34,182.00
ACC-0146,ARM,2025-11-03,-37,196.57
ACC-0146,SPY,2025-11-06,12,176.77
ACC-0146,MRVL,2025-11-17,34,155.47
ACC-0146,ARM,2025-11-18,6,214.18
ACC-0146,SPY,2025-11-20,53,168.87
ACC-0146,SPY,2025-11-26,-44,162.99
ACC-0146,SPY,2025-12-10,10,169.28
ACC-0146,MRVL,2025-12-15,-2,178.44
ACC-0146,SPY,2025-12-17,-39,169.11
ACC-0146,ARM,2025-12-18,-39,211.47
ACC-0146,SPY,2025-12-26,-43,176.08
ACC-0146,SPY,2025-12-29,-5,178.82
ACC-0146,MRVL,2025-12-30,39,168.44
ACC-0146,RIVN,2026-01-20,-7,402.59
ACC-0146,COIN,2026-01-21,16,276.32
ACC-0146,SPY,2026-01-29,-13,182.92
ACC-0146,ARM,2026-02-11,-2,172.68
ACC-0146,ARM,2026-02-18,7,186.45
ACC-0146,MRVL,2026-02-27,31,158.51
ACC-0146,SPY,2026-03-06,27,167.07
ACC-0146,MRVL,2026-03-10,14,171.20
ACC-0146,ARM,2026-04-06,-23,180.25
ACC-0146,SPY,2026-04-20,47,161.76
ACC-0146,SPY,2026-04-22,8,157.70
ACC-0146,MRVL,2026-04-30,9,194.80
ACC-0146,SPY,2026-05-15,17,141.88
ACC-0146,SPY,2026-05-18,-42,144.61
ACC-0146,SPY,2026-05-19,22,143.50
ACC-0146,MRVL,2026-05-20,-54,190.00
ACC-0146,SPY,2026-05-21,-22,153.26
ACC-0146,MRVL,2026-05-26,4,183.81
ACC-0146,MRVL,2026-06-01,52,183.95
ACC-0146,ARM,2026-06-02,51,192.67
ACC-0146,SOXL,2026-06-17,-47,237.07
ACC-0146,ARM,2026-06-24,-19,189.24
ACC-0146,MRVL,2026-07-03,-48,173.59
ACC-0146,MSTR,2026-07-29,-31,67.48
ACC-0146,SPY,2026-07-30,-6,150.46
ACC-0146,ARM,2026-07-31,-56,184.90
ACC-0146,SPY,2026-08-05,49,147.90
ACC-0146,MRVL,2026-08-07,3,190.41
ACC-0146,ARM,2026-08-13,-3,192.87
ACC-0146,ARM,2026-08-25,-40,213.59
ACC-0146,ARM,2026-09-01,51,224.23
ACC-0146,MRVL,2026-09-02,-29,200.98
ACC-0147,AMZN,2025-06-25,-51,96.32
ACC-0147,AMZN,2025-07-09,38,98.81
ACC-0147,QQQ,2025-08-04,13,227.71
ACC-0147,AMZN,2025-08-05,-19,90.78
ACC-0147,QQQ,2025-08-15,-40,214.13
ACC-0147,QQQ,2025-09-10,-40,203.96
ACC-0147,AMZN,2025-09-19,52,102.50
ACC-0147,QQQ,2025-09-25,-21,211.77
ACC-0147,QQQ,2025-09-29,39,197.75
ACC-0147,AMZN,2025-10-07,16,109.66
ACC-0147,SPY,2025-10-09,-47,175.56
ACC-0147,QQQ,2025-10-28,14,213.86
ACC-0147,QQQ,2025-11-05,-4,231.14
ACC-0147,QQQ,2025-11-10,49,222.73
ACC-0147,AMZN,2025-11-18,14,121.59
ACC-0147,QQQ,2025-12-18,-46,231.92
ACC-0147,QQQ,2026-01-06,-49,242.59
ACC-0147,INTC,2026-01-20,-29,226.47
ACC-0147,AMZN,2026-03-06,-45,130.63
ACC-0147,QQQ,2026-03-10,17,236.52
ACC-0147,QQQ,2026-03-12,40,240.61
ACC-0147,QQQ,2026-03-20,9,234.21
ACC-0147,QQQ,2026-04-07,-53,246.02
ACC-0147,AMZN,2026-04-14,-27,138.58
ACC-0147,AMZN,2026-04-28,18,148.84
ACC-0147,QQQ,2026-05-04,13,259.36
ACC-0147,QQQ,2026-07-03,55,220.75
ACC-0148,UBER,2025-06-16,-9,201.39
ACC-0148,UBER,2025-06-17,-34,197.24
ACC-0148,UBER,2025-06-20,-25,198.87
ACC-0148,MSTR,2025-07-04,40,56.06
ACC-0148,MSTR,2025-07-16,-43,56.03
ACC-0148,MSTR,2025-07-17,3,57.37
ACC-0148,MSTR,2025-07-21,-50,57.29
ACC-0148,UBER,2025-08-07,-13,182.30
ACC-0148,UBER,2025-08-12,58,178.13
ACC-0148,MSTR,2025-08-14,52,68.01
ACC-0148,UBER,2025-08-28,20,199.04
ACC-0148,MSTR,2025-08-29,-7,65.14
ACC-0148,UBER,2025-09-05,28,209.18
ACC-0148,MSTR,2025-09-18,47,63.24
ACC-0148,MSTR,2025-09-22,-20,61.99
ACC-0148,UBER,2025-09-23,9,198.58
ACC-0148,UBER,2025-09-30,-6,188.20
ACC-0148,MSTR,2025-10-03,26,65.17
ACC-0148,MSTR,2025-10-06,-35,66.47
ACC-0148,RIVN,2025-10-13,21,416.81
ACC-0148,UBER,2025-10-17,-13,189.79
ACC-0148,MSTR,2025-10-21,41,70.70
ACC-0148,UBER,2025-10-28,-55,199.81
ACC-0148,MSTR,2025-10-29,-12,66.66
ACC-0148,UBER,2025-11-03,-13,197.19
ACC-0148,COIN,2025-11-05,59,311.43
ACC-0148,MSTR,2025-11-10,-45,68.94
ACC-0148,UBER,2025-11-14,24,196.87
ACC-0148,MSTR,2025-11-17,14,67.65
ACC-0148,UBER,2025-11-20,-48,199.63
ACC-0148,MSTR,2025-11-24,20,69.56
ACC-0148,UBER,2025-12-01,14,201.79
ACC-0148,UBER,2025-12-15,43,199.00
ACC-0148,MSTR,2025-12-17,-6,59.35
ACC-0148,MSTR,2025-12-19,21,57.09
ACC-0148,MSTR,2025-12-22,18,58.09
ACC-0148,MSTR,2025-12-29,52,57.79
ACC-0148,UBER,2025-12-31,-35,238.17
ACC-0148,MSTR,2026-01-09,45,57.35
ACC-0148,TSLA,2026-01-12,27,269.97
ACC-0148,MSTR,2026-01-21,-19,57.74
ACC-0148,UBER,2026-01-28,44,230.77
ACC-0148,DIS,2026-01-29,37,195.48
ACC-0148,MSTR,2026-02-05,59,58.09
ACC-0148,UBER,2026-02-17,48,242.92
ACC-0148,MSTR,2026-02-26,-59,63.00
ACC-0148,UBER,2026-03-06,-52,253.33
ACC-0148,MSTR,2026-03-10,-58,63.01
ACC-0148,MSTR,2026-03-11,-4,63.20
ACC-0148,MSTR,2026-03-17,-52,65.75
ACC-0148,UBER,2026-03-18,-20,244.14
ACC-0148,UBER,2026-04-03,56,249.43
ACC-0148,MSTR,2026-04-15,-46,65.02
ACC-0148,UBER,2026-04-16,59,258.90
ACC-0148,UBER,2026-04-17,-10,255.07
ACC-0148,UBER,2026-04-22,-8,257.79
ACC-0148,MSTR,2026-04-27,-23,65.78
ACC-0148,MSTR,2026-04-28,-48,64.34
ACC-0148,MSTR,2026-05-06,-39,64.51
ACC-0148,AMZN,2026-05-08,23,154.48
ACC-0148,MSTR,2026-05-11,4,67.11
ACC-0148,TSM,2026-05-15,25,250.06
ACC-0148,MSTR,2026-06-16,-2,69.13
ACC-0148,AAPL,2026-06-17,4,147.02
ACC-0148,UBER,2026-06-18,-48,256.90
ACC-0148,UBER,2026-06-23,14,264.57
ACC-0148,UBER,2026-06-25,-7,264.30
ACC-0148,MSTR,2026-06-30,-49,72.61
ACC-0148,MSTR,2026-07-08,-13,70.98
ACC-0148,MSTR,2026-07-13,50,69.75
ACC-0148,UBER,2026-07-15,46,246.77
ACC-0148,MSFT,2026-07-16,49,249.05
ACC-0148,UBER,2026-07-27,47,236.81
ACC-0148,RIVN,2026-08-03,21,441.12
ACC-0148,UBER,2026-08-07,41,274.49
ACC-0148,UBER,2026-08-11,-41,272.38
ACC-0148,MSTR,2026-08-12,53,69.34
ACC-0148,MSTR,2026-08-17,-38,71.11
ACC-0148,MSTR,2026-08-28,-30,68.73
ACC-0149,AMD,2025-06-04,-33,22.80
ACC-0149,SOXL,2025-06-09,13,229.32
ACC-0149,AMD,2025-06-10,-3,23.72
ACC-0149,HOOD,2025-06-13,8,157.08
ACC-0149,AMD,2025-06-27,20,24.82
ACC-0149,SOXL,2025-07-01,-38,248.99
ACC-0149,HOOD,2025-07-07,15,173.81
ACC-0149,SOXL,2025-07-08,60,246.72
ACC-0149,SOXL,2025-08-08,3,259.24
ACC-0149,HOOD,2025-08-20,-14,158.35
ACC-0149,HOOD,2025-08-21,38,159.87
ACC-0149,HOOD,2025-08-25,-54,156.22
ACC-0149,XOM,2025-08-29,-19,253.72
ACC-0149,SHOP,2025-09-05,-5,350.15
ACC-0149,SOXL,2025-09-12,42,228.55
ACC-0149,HOOD,2025-09-17,-23,173.38
ACC-0149,HOOD,2025-09-25,45,159.33
ACC-0149,HOOD,2025-10-02,6,166.81
ACC-0149,HOOD,2025-10-17,-39,170.22
ACC-0149,SOXL,2025-10-20,-45,227.58
ACC-0149,AMD,2025-10-22,-14,31.99
ACC-0149,SOXL,2025-10-24,32,228.65
ACC-0149,XOM,2025-10-28,56,300.58
ACC-0149,HOOD,2025-10-30,19,163.72
ACC-0149,AAPL,2025-11-18,-44,122.15
ACC-0149,AVGO,2025-12-10,-8,374.37
ACC-0149,AMD,2025-12-24,10,24.54
ACC-0149,HOOD,2025-12-25,-25,147.13
ACC-0149,SOXL,2025-12-31,-28,197.92
ACC-0149,AMD,2026-01-02,48,24.30
ACC-0149,SOXL,2026-01-14,-40,198.23
ACC-0149,COIN,2026-01-19,37,273.92
ACC-0149,PLTR,2026-01-26,33,181.56
ACC-0149,AMD,2026-02-02,58,20.38
ACC-0149,SOXL,2026-02-13,54,215.44
ACC-0149,SOXL,2026-02-17,60,220.22
ACC-0149,HOOD,2026-02-20,-25,174.19
ACC-0149,HOOD,2026-02-24,27,174.62
ACC-0149,HOOD,2026-02-25,-21,177.28
ACC-0149,AMD,2026-03-05,32,23.79
ACC-0149,HOOD,2026-03-12,-24,166.11
ACC-0149,AMD,2026-03-18,4,24.94
ACC-0149,SOXL,2026-04-03,37,227.30
ACC-0149,HOOD,2026-04-06,3,174.25
ACC-0149,AMD,2026-04-13,-8,27.96
ACC-0149,HOOD,2026-04-21,2,168.65
ACC-0149,HOOD,2026-05-06,54,159.37
ACC-0149,HOOD,2026-05-11,-20,152.98
ACC-0149,AMD,2026-05-13,60,29.57
ACC-0149,SOXL,2026-06-01,-57,218.72
ACC-0149,MRVL,2026-06-02,-10,182.36
ACC-0149,HOOD,2026-06-05,-23,166.65
ACC-0149,SOXL,2026-06-11,46,245.78
ACC-0149,AMD,2026-06-18,16,29.83
ACC-0149,HOOD,2026-06-23,36,175.14
ACC-0149,HOOD,2026-07-07,11,154.00
ACC-0149,AMD,2026-07-14,-13,28.83
ACC-0149,MSFT,2026-07-20,-33,248.96
ACC-0149,HOOD,2026-07-21,-5,146.37
ACC-0149,SOXL,2026-07-23,-25,216.08
ACC-0149,SOXL,2026-07-27,-55,219.50
ACC-0149,HOOD,2026-07-29,-9,158.80
ACC-0149,SOXL,2026-08-07,-46,216.77
ACC-0149,VRT,2026-08-18,-14,84.25
ACC-0149,HOOD,2026-08-24,-25,141.06
ACC-0150,QQQ,2025-06-27,13,228.97
ACC-0150,SOXL,2025-08-20,-1,230.23
ACC-0150,SOXL,2026-01-23,8,197.20
ACC-0150,SOXL,2026-03-13,-34,233.59
ACC-0150,TSLA,2026-03-25,-53,215.28
ACC-0150,SOXL,2026-08-07,-24,215.52
ACC-0151,SHOP,2025-06-11,-34,321.10
ACC-0151,SHOP,2025-06-20,57,323.28
ACC-0151,SHOP,2025-06-23,-40,321.08
ACC-0151,RIVN,2025-06-26,-20,419.44
ACC-0151,SHOP,2025-07-09,-52,357.32
ACC-0151,COIN,2025-07-11,23,373.26
ACC-0151,COIN,2025-08-15,-24,403.51
ACC-0151,SHOP,2025-09-15,57,331.76
ACC-0151,PYPL,2025-09-19,-5,14.29
ACC-0151,SHOP,2025-09-22,24,305.56
ACC-0151,COIN,2025-09-25,36,415.93
ACC-0151,COIN,2025-10-09,-50,390.90
ACC-0151,PYPL,2025-10-10,-37,13.79
ACC-0151,SHOP,2025-11-04,27,344.99
ACC-0151,NFLX,2025-11-06,-17,201.58
ACC-0151,COIN,2025-11-24,56,330.84
ACC-0151,PYPL,2025-11-27,37,14.71
ACC-0151,PYPL,2025-12-10,14,14.83
ACC-0151,SHOP,2025-12-18,-14,397.24
ACC-0151,PYPL,2025-12-22,-18,15.27
ACC-0151,SHOP,2025-12-26,-31,393.16
ACC-0151,PYPL,2026-01-06,-20,14.00
ACC-0151,COIN,2026-01-23,-46,267.35
ACC-0151,SHOP,2026-02-09,-28,445.23
ACC-0151,COIN,2026-02-17,25,259.41
ACC-0151,PYPL,2026-02-25,39,15.97
ACC-0151,SHOP,2026-03-02,-49,412.40
ACC-0151,COIN,2026-03-04,48,264.05
ACC-0151,SHOP,2026-03-05,-4,401.96
ACC-0151,COIN,2026-03-06,-55,243.76
ACC-0151,COIN,2026-03-31,-41,220.02
ACC-0151,SHOP,2026-04-08,-3,361.58
ACC-0151,COIN,2026-04-15,38,238.86
ACC-0151,SHOP,2026-04-17,-40,373.08
ACC-0151,COIN,2026-04-22,-40,219.09
ACC-0151,COIN,2026-04-29,-7,231.67
ACC-0151,SHOP,2026-05-20,59,333.07
ACC-0151,COIN,2026-06-04,-17,201.94
ACC-0151,SHOP,2026-06-18,3,308.07
ACC-0151,SHOP,2026-07-02,-8,338.48
ACC-0151,SHOP,2026-07-06,59,344.17
ACC-0151,SHOP,2026-08-03,-60,347.80
ACC-0151,PYPL,2026-08-07,-46,15.95
ACC-0151,SHOP,2026-08-31,-18,352.74
ACC-0151,PYPL,2026-09-04,-1,14.42
ACC-0152,IREN,2025-06-03,49,204.14
ACC-0152,DIS,2025-06-09,-4,268.51
ACC-0152,IREN,2025-06-19,40,187.92
ACC-0152,IREN,2025-06-20,35,188.75
ACC-0152,IREN,2025-06-25,-5,184.74
ACC-0152,DIS,2025-06-26,-22,274.66
ACC-0152,IREN,2025-06-30,-46,179.98
ACC-0152,IREN,2025-07-04,-22,190.33
ACC-0152,DIS,2025-08-13,34,268.52
ACC-0152,IREN,2025-08-20,-3,199.20
ACC-0152,IREN,2025-09-16,-13,186.87
ACC-0152,DIS,2025-10-23,-37,255.83
ACC-0152,DIS,2025-10-24,-39,259.17
ACC-0152,IREN,2025-11-26,9,224.23
ACC-0152,SOXL,2025-12-12,41,207.42
ACC-0152,IREN,2025-12-16,-19,238.53
ACC-0152,DIS,2026-01-15,-46,221.42
ACC-0152,DIS,2026-02-04,-59,184.88
ACC-0152,DIS,2026-02-10,3,174.86
ACC-0152,DIS,2026-02-23,53,172.70
ACC-0152,IREN,2026-02-26,16,247.63
ACC-0152,DIS,2026-03-12,58,173.01
ACC-0152,IREN,2026-03-16,-53,268.88
ACC-0152,IREN,2026-03-23,20,295.16
ACC-0152,IREN,2026-03-24,54,295.39
ACC-0152,IREN,2026-04-13,39,316.50
ACC-0152,IREN,2026-04-21,21,306.10
ACC-0152,DIS,2026-04-22,27,204.66
ACC-0152,DIS,2026-04-27,-48,206.16
ACC-0152,NVDA,2026-05-18,-21,303.79
ACC-0152,DIS,2026-05-19,57,215.07
ACC-0152,IREN,2026-06-05,43,316.30
ACC-0152,IREN,2026-06-09,24,312.55
ACC-0152,DIS,2026-07-08,25,253.89
ACC-0152,DIS,2026-07-13,-32,266.57
ACC-0152,IREN,2026-07-23,13,288.12
ACC-0152,IREN,2026-07-30,51,294.79
ACC-0152,DIS,2026-08-12,-20,349.89
ACC-0152,IREN,2026-08-14,54,308.24
ACC-0152,DIS,2026-08-18,52,355.58
ACC-0152,DIS,2026-08-19,57,358.82
ACC-0152,IREN,2026-09-01,-38,276.76
ACC-0153,GOOGL,2025-06-27,-38,165.11
ACC-0153,ARM,2025-07-21,-20,187.83
ACC-0153,XOM,2025-07-22,-5,232.21
ACC-0153,XOM,2025-07-25,-43,243.94
ACC-0153,ARM,2025-08-18,-33,200.55
ACC-0153,XOM,2025-08-20,-46,234.00
ACC-0153,ARM,2025-10-10,39,193.36
ACC-0153,SHOP,2025-10-16,-15,325.34
ACC-0153,ARM,2025-12-09,41,217.69
ACC-0153,XOM,2025-12-16,15,292.53
ACC-0153,ARM,2025-12-18,-48,212.15
ACC-0153,MSFT,2026-01-28,19,255.44
ACC-0153,AMD,2026-02-23,29,20.77
ACC-0153,PYPL,2026-04-09,59,12.30
ACC-0153,XOM,2026-04-22,55,255.20
ACC-0153,XOM,2026-05-05,-10,278.79
ACC-0153,XOM,2026-06-18,47,284.65
ACC-0153,ARM,2026-06-30,-13,193.34
ACC-0153,AMD,2026-07-15,-44,29.31
ACC-0153,ARM,2026-07-28,59,193.13
ACC-0153,XOM,2026-08-04,26,343.57
ACC-0153,ARM,2026-08-06,4,187.28
ACC-0154,MSFT,2025-06-09,-39,198.63
ACC-0154,NFLX,2025-08-06,-15,197.65
ACC-0154,NFLX,2025-09-03,12,202.54
ACC-0154,MSFT,2025-09-19,35,239.70
ACC-0154,MSFT,2026-01-19,29,263.46
ACC-0154,MSFT,2026-01-20,-11,261.31
ACC-0154,MSFT,2026-02-18,-49,244.66
ACC-0154,NFLX,2026-07-23,26,187.15
ACC-0154,AAPL,2026-09-03,-5,139.56
ACC-0155,MSTR,2025-08-04,-14,65.71
ACC-0155,MSTR,2025-08-22,17,63.89
ACC-0155,UBER,2025-12-03,-5,203.97
ACC-0155,CRWD,2025-12-17,-16,456.72
ACC-0155,CRWD,2026-01-21,60,509.73
ACC-0155,TSM,2026-08-14,8,189.31
ACC-0156,COIN,2025-08-04,-8,376.26
ACC-0156,SOFI,2025-08-26,-17,39.78
ACC-0156,SOFI,2025-09-05,-60,37.13
ACC-0156,SOFI,2025-09-17,-39,33.78
ACC-0156,SOFI,2025-12-03,-49,23.29
ACC-0156,COIN,2025-12-16,-32,281.42
ACC-0156,SOFI,2026-04-22,21,18.91
ACC-0157,DIS,2025-06-03,34,280.31
ACC-0157,MRVL,2025-06-11,-44,195.80
ACC-0157,AMD,2025-06-26,-48,24.35
ACC-0157,MRVL,2025-07-01,-53,180.12
ACC-0157,DIS,2025-07-04,-16,293.58
ACC-0157,MRVL,2025-07-08,-24,178.58
ACC-0157,DIS,2025-07-17,23,300.11
ACC-0157,SPY,2025-08-01,-25,148.60
ACC-0157,MRVL,2025-08-05,-48,175.39
ACC-0157,MRVL,2025-08-11,-5,176.49
ACC-0157,DIS,2025-08-14,-49,262.55
ACC-0157,MRVL,2025-08-25,41,175.69
ACC-0157,GOOGL,2025-09-04,-1,144.54
ACC-0157,DIS,2025-09-25,16,262.54
ACC-0157,DIS,2025-10-21,53,247.18
ACC-0157,MRVL,2025-10-28,-52,155.18
ACC-0157,MRVL,2025-11-06,48,155.13
ACC-0157,DIS,2025-11-10,26,244.58
ACC-0157,DIS,2025-11-24,13,221.02
ACC-0157,MRVL,2025-12-01,-52,155.95
ACC-0157,MRVL,2025-12-09,39,172.95
ACC-0157,DIS,2025-12-11,-17,227.02
ACC-0157,DIS,2025-12-15,24,235.05
ACC-0157,VRT,2025-12-18,52,85.75
ACC-0157,MRVL,2025-12-25,38,174.49
ACC-0157,DIS,2026-01-01,11,229.55
ACC-0157,DIS,2026-01-14,-54,223.72
ACC-0157,DIS,2026-01-16,48,216.24
ACC-0157,DIS,2026-01-21,-48,208.52
ACC-0157,DIS,2026-01-23,-32,205.68
ACC-0157,MRVL,2026-02-11,20,158.56
ACC-0157,DIS,2026-02-16,-35,169.34
ACC-0157,MRVL,2026-02-19,-5,161.81
ACC-0157,DIS,2026-02-20,-8,170.66
ACC-0157,RIVN,2026-02-23,53,393.76
ACC-0157,MRVL,2026-02-24,-45,159.37
ACC-0157,MRVL,2026-02-25,-4,163.81
ACC-0157,DIS,2026-03-02,25,174.84
ACC-0157,DIS,2026-03-10,-48,172.30
ACC-0157,DIS,2026-03-16,56,172.23
ACC-0157,MRVL,2026-03-17,9,178.26
ACC-0157,DIS,2026-03-27,-39,176.12
ACC-0157,BA,2026-03-30,16,485.95
ACC-0157,UNH,2026-04-01,-56,120.73
ACC-0157,UNH,2026-04-03,-19,125.65
ACC-0157,MRVL,2026-04-09,-32,171.71
ACC-0157,MRVL,2026-04-13,-24,167.57
ACC-0157,DIS,2026-04-14,23,194.59
ACC-0157,VRT,2026-04-15,48,111.71
ACC-0157,MRVL,2026-04-21,-43,180.39
ACC-0157,MRVL,2026-04-22,37,185.44
ACC-0157,DIS,2026-04-27,-23,207.02
ACC-0157,DIS,2026-04-29,-22,213.50
ACC-0157,MRVL,2026-04-30,-19,195.82
ACC-0157,DIS,2026-05-05,-8,225.82
ACC-0157,DIS,2026-05-08,-17,217.17
ACC-0157,MRVL,2026-05-19,29,186.55
ACC-0157,DIS,2026-05-20,-18,207.73
ACC-0157,MRVL,2026-05-21,-20,187.35
ACC-0157,DIS,2026-06-01,38,225.69
ACC-0157,DIS,2026-06-04,-10,214.71
ACC-0157,DIS,2026-06-17,37,257.43
ACC-0157,DIS,2026-06-25,32,249.05
ACC-0157,DIS,2026-06-29,-39,248.97
ACC-0157,DIS,2026-07-08,3,253.50
ACC-0157,DIS,2026-07-16,-36,284.79
ACC-0157,MRVL,2026-07-28,-37,182.60
ACC-0157,DIS,2026-07-30,2,320.75
ACC-0158,SMCI,2025-07-09,22,141.52
ACC-0158,SNAP,2025-07-25,4,13.73
ACC-0158,TSLA,2025-09-08,3,178.60
ACC-0158,SMCI,2025-09-24,-15,170.20
ACC-0158,SMCI,2025-09-30,-20,168.22
ACC-0158,SMCI,2025-11-12,-33,143.72
ACC-0158,SMCI,2025-11-27,33,145.85
ACC-0158,TSLA,2025-12-17,40,229.99
ACC-0158,TSLA,2026-01-01,-18,259.97
ACC-0158,SMCI,2026-01-02,-36,164.17
ACC-0158,BA,2026-01-19,47,354.78
ACC-0158,DIS,2026-01-20,-55,211.35
ACC-0158,TSLA,2026-01-29,-48,249.88
ACC-0158,SMCI,2026-03-11,60,193.75
ACC-0158,COIN,2026-03-26,-33,224.33
ACC-0158,SMCI,2026-04-24,46,175.22
ACC-0158,TSLA,2026-05-13,-48,233.74
ACC-0158,TSLA,2026-08-28,7,306.84
ACC-0159,SOFI,2025-06-05,41,37.78
ACC-0159,PYPL,2025-06-09,29,15.89
ACC-0159,SOFI,2025-06-10,38,40.05
ACC-0159,PLTR,2025-06-26,-50,175.42
ACC-0159,SOFI,2025-06-27,-16,41.21
ACC-0159,SOFI,2025-07-09,33,36.13
ACC-0159,PLTR,2025-07-16,-44,190.28
ACC-0159,SOFI,2025-07-21,37,39.21
ACC-0159,PLTR,2025-08-15,36,193.55
ACC-0159,SOFI,2025-08-18,59,38.95
ACC-0159,PLTR,2025-08-19,-28,187.38
ACC-0159,MSTR,2025-08-28,-19,63.82
ACC-0159,PLTR,2025-09-30,-43,204.52
ACC-0159,PLTR,2025-10-17,-16,187.61
ACC-0159,PLTR,2025-10-22,24,195.43
ACC-0159,PLTR,2025-10-31,-15,208.47
ACC-0159,SOFI,2025-11-06,-2,29.28
ACC-0159,PLTR,2025-11-18,-24,201.14
ACC-0159,PLTR,2025-11-25,-28,196.48
ACC-0159,SOFI,2025-12-09,52,23.08
ACC-0159,PLTR,2025-12-15,-20,201.69
ACC-0159,PLTR,2025-12-16,30,207.50
ACC-0159,PLTR,2025-12-18,-47,209.63
ACC-0159,TSLA,2025-12-19,52,233.18
ACC-0159,PLTR,2026-02-02,47,184.83
ACC-0159,PLTR,2026-02-04,-27,188.58
ACC-0159,PLTR,2026-02-13,-33,176.89
ACC-0159,SOFI,2026-02-18,23,19.54
ACC-0159,BA,2026-03-06,-41,458.63
ACC-0159,PLTR,2026-03-09,-1,180.76
ACC-0159,AVGO,2026-03-20,-22,225.98
ACC-0159,SOFI,2026-03-30,-31,20.17
ACC-0159,SOFI,2026-04-01,11,21.37
ACC-0159,SOFI,2026-04-13,5,21.44
ACC-0159,SOFI,2026-04-22,11,18.98
ACC-0159,PLTR,2026-04-24,-14,173.70
ACC-0159,DIS,2026-05-06,53,227.26
ACC-0159,PLTR,2026-05-08,8,190.72
ACC-0159,PLTR,2026-06-01,21,209.78
ACC-0159,PLTR,2026-06-03,42,212.65
ACC-0159,SOFI,2026-06-05,-33,17.23
ACC-0159,PLTR,2026-06-09,2,212.30
ACC-0159,SOFI,2026-06-30,10,18.33
ACC-0159,SOFI,2026-07-02,2,18.74
ACC-0159,PLTR,2026-07-21,16,192.61
ACC-0159,SOFI,2026-07-22,38,18.64
ACC-0159,PLTR,2026-07-29,-19,208.51
ACC-0159,PLTR,2026-08-11,24,211.33
ACC-0159,SOFI,2026-08-14,-16,16.98
ACC-0159,MSTR,2026-08-31,5,68.71
ACC-0159,PLTR,2026-09-01,38,193.21
ACC-0160,AMD,2025-06-05,-29,23.38
ACC-0160,GOOGL,2025-06-10,36,165.84
ACC-0160,META,2025-07-02,5,402.18
ACC-0160,GOOGL,2025-07-09,-10,168.49
ACC-0160,GOOGL,2025-07-23,32,147.73
ACC-0160,META,2025-07-29,12,411.60
ACC-0160,META,2025-08-04,-27,394.06
ACC-0160,META,2025-08-07,41,394.76
ACC-0160,GOOGL,2025-08-21,-51,144.95
ACC-0160,GOOGL,2025-09-09,35,147.36
ACC-0160,META,2025-09-16,6,376.25
ACC-0160,MSTR,2025-09-17,28,64.84
ACC-0160,GOOGL,2025-09-29,23,137.52
ACC-0160,GOOGL,2025-10-02,-38,132.08
ACC-0160,GOOGL,2025-10-03,-34,132.11
ACC-0160,META,2025-10-10,-48,363.97
ACC-0160,META,2025-10-20,54,373.98
ACC-0160,GOOGL,2025-10-30,4,134.84
ACC-0160,GOOGL,2025-12-02,-51,128.60
ACC-0160,GOOGL,2025-12-29,-48,112.42
ACC-0160,META,2026-01-02,-31,452.04
ACC-0160,XOM,2026-01-07,-53,328.07
ACC-0160,GOOGL,2026-01-08,-49,112.16
ACC-0160,GOOGL,2026-01-09,23,113.49
ACC-0160,META,2026-01-16,-38,469.07
ACC-0160,QQQ,2026-01-20,59,233.68
ACC-0160,GOOGL,2026-01-22,44,117.54
ACC-0160,GOOGL,2026-01-23,4,118.72
ACC-0160,META,2026-02-16,31,544.39
ACC-0160,GOOGL,2026-02-25,-51,135.24
ACC-0160,GOOGL,2026-02-27,33,135.28
ACC-0160,BA,2026-03-02,40,462.90
ACC-0160,IREN,2026-03-20,-35,287.21
ACC-0160,META,2026-04-09,-34,530.37
ACC-0160,GOOGL,2026-04-13,-34,125.92
ACC-0160,META,2026-04-14,-8,523.33
ACC-0160,META,2026-04-16,44,525.71
ACC-0160,QQQ,2026-04-24,-1,265.51
ACC-0160,META,2026-04-28,40,521.93
ACC-0160,META,2026-05-15,38,525.90
ACC-0160,META,2026-05-19,-9,518.54
ACC-0160,GOOGL,2026-06-01,-32,128.12
ACC-0160,META,2026-06-12,34,518.76
ACC-0160,META,2026-06-16,59,493.12
ACC-0160,GOOGL,2026-06-24,30,129.75
ACC-0160,META,2026-07-10,10,514.46
ACC-0160,HOOD,2026-07-20,16,151.27
ACC-0160,GOOGL,2026-07-27,12,131.56
ACC-0160,GOOGL,2026-07-30,-32,130.74
ACC-0160,META,2026-08-07,-27,508.43
ACC-0160,META,2026-08-18,-42,547.74
ACC-0160,SOXL,2026-08-19,-11,221.88
ACC-0160,GOOGL,2026-08-24,-59,130.03
ACC-0160,GOOGL,2026-09-03,4,135.46
ACC-0161,AMZN,2025-06-05,-13,99.44
ACC-0161,RIVN,2025-06-24,39,420.34
ACC-0161,RIVN,2025-07-02,35,408.42
ACC-0161,AMZN,2025-07-09,26,98.78
ACC-0161,RIVN,2025-07-14,31,412.93
ACC-0161,IREN,2025-07-17,10,181.88
ACC-0161,RIVN,2025-07-24,36,394.08
ACC-0161,RIVN,2025-07-31,47,401.53
ACC-0161,MSTR,2025-08-01,11,67.58
ACC-0161,RIVN,2025-08-20,-23,432.52
ACC-0161,RIVN,2025-08-21,48,432.39
ACC-0161,AMZN,2025-08-25,9,101.55
ACC-0161,AMZN,2025-08-26,-20,101.70
ACC-0161,RIVN,2025-09-01,51,401.02
ACC-0161,AMZN,2025-09-02,-1,105.41
ACC-0161,AMZN,2025-09-17,-47,102.05
ACC-0161,RIVN,2025-09-22,-48,372.33
ACC-0161,RIVN,2025-10-13,33,416.00
ACC-0161,RIVN,2025-10-23,-39,409.67
ACC-0161,AMZN,2025-11-03,-30,111.58
ACC-0161,RIVN,2025-11-06,-44,398.31
ACC-0161,AMZN,2025-11-07,29,114.21
ACC-0161,RIVN,2025-11-11,-52,403.81
ACC-0161,AMZN,2025-11-26,13,129.02
ACC-0161,AMZN,2025-12-01,-23,129.40
ACC-0161,RIVN,2025-12-12,-51,399.95
ACC-0161,RIVN,2026-01-02,4,413.54
ACC-0161,AMD,2026-01-07,13,22.58
ACC-0161,BA,2026-01-08,-14,343.61
ACC-0161,AMZN,2026-01-13,-19,136.61
ACC-0161,AMZN,2026-01-14,39,136.01
ACC-0161,AMZN,2026-01-19,-35,129.22
ACC-0161,HOOD,2026-02-02,-60,160.26
ACC-0161,AMZN,2026-02-10,58,128.14
ACC-0161,RIVN,2026-02-12,31,427.72
ACC-0161,RIVN,2026-02-13,-57,430.99
ACC-0161,AMZN,2026-02-16,-21,126.65
ACC-0161,RIVN,2026-03-02,-40,416.14
ACC-0161,RIVN,2026-03-06,-5,436.02
ACC-0161,AMZN,2026-03-16,41,130.96
ACC-0161,RIVN,2026-03-17,-51,472.51
ACC-0161,RIVN,2026-03-18,-44,479.85
ACC-0161,RIVN,2026-03-30,10,497.61
ACC-0161,AMZN,2026-04-06,29,141.92
ACC-0161,AMZN,2026-04-07,-44,139.03
ACC-0161,SMCI,2026-04-21,-23,172.43
ACC-0161,AMZN,2026-04-27,32,150.55
ACC-0161,RIVN,2026-05-05,9,433.73
ACC-0161,AMZN,2026-05-07,-2,148.67
ACC-0161,AMZN,2026-05-11,-48,154.43
ACC-0161,RIVN,2026-05-12,-50,425.19
ACC-0161,AMZN,2026-05-18,-39,149.79
ACC-0161,AMZN,2026-05-19,-38,149.71
ACC-0161,AMZN,2026-05-21,40,154.80
ACC-0161,VRT,2026-05-22,28,115.18
ACC-0161,RIVN,2026-05-25,4,424.85
ACC-0161,RIVN,2026-05-29,-57,423.98
ACC-0161,RIVN,2026-06-01,49,431.73
ACC-0161,AMZN,2026-06-02,-56,155.60
ACC-0161,AMZN,2026-06-04,-12,147.58
ACC-0161,RIVN,2026-06-08,-25,412.87
ACC-0161,RIVN,2026-06-17,22,406.73
ACC-0161,AMZN,2026-06-23,26,159.01
ACC-0161,PYPL,2026-06-26,-27,14.20
ACC-0161,XOM,2026-06-29,5,322.67
ACC-0161,AMZN,2026-07-01,34,150.06
ACC-0161,RIVN,2026-07-22,2,443.10
ACC-0161,RIVN,2026-08-03,29,445.48
ACC-0161,AMZN,2026-08-06,-24,138.87
ACC-0161,RIVN,2026-08-11,6,476.47
ACC-0161,AMZN,2026-08-13,43,143.80
ACC-0161,RIVN,2026-08-19,-54,481.06
ACC-0161,AMZN,2026-08-20,51,136.94
ACC-0161,AMZN,2026-08-24,-32,138.67
ACC-0161,AMZN,2026-08-31,46,145.65
ACC-0161,AMZN,2026-09-04,-29,138.37
ACC-0162,DIS,2025-06-19,24,271.55
ACC-0162,SMCI,2025-09-05,-42,181.59
ACC-0162,SMCI,2025-10-08,-40,157.95
ACC-0162,DIS,2025-12-16,47,236.74
ACC-0162,DIS,2026-01-09,35,230.92
ACC-0162,DIS,2026-01-15,40,222.59
ACC-0162,MU,2026-04-22,17,224.36
ACC-0162,SMCI,2026-05-11,29,178.27
ACC-0163,AMD,2025-07-16,23,25.02
ACC-0163,PYPL,2025-09-10,49,14.46
ACC-0163,XOM,2025-10-07,42,260.61
ACC-0163,PYPL,2025-11-10,-55,14.15
ACC-0163,PYPL,2025-11-20,-39,14.43
ACC-0163,PYPL,2025-12-02,-56,14.67
ACC-0163,AMD,2025-12-15,-8,25.84
ACC-0163,AMD,2026-03-02,13,23.33
ACC-0163,AMD,2026-04-06,19,27.53
ACC-0164,GOOGL,2025-06-02,35,169.37
ACC-0164,AMD,2025-06-11,22,24.71
ACC-0164,GOOGL,2025-06-23,-39,167.77
ACC-0164,SMCI,2025-07-07,29,140.68
ACC-0164,GOOGL,2025-08-07,5,143.26
ACC-0164,AAPL,2025-08-08,-56,122.62
ACC-0164,SMCI,2025-08-19,26,161.35
ACC-0164,SMCI,2025-09-01,33,186.44
ACC-0164,AAPL,2025-09-12,44,103.94
ACC-0164,AAPL,2025-09-24,-20,116.64
ACC-0164,GOOGL,2025-10-13,-52,137.07
ACC-0164,AAPL,2025-10-28,-52,117.15
ACC-0164,VRT,2025-11-03,58,98.45
ACC-0164,AAPL,2025-11-07,57,120.17
ACC-0164,AAPL,2025-11-28,-39,126.47
ACC-0164,GOOGL,2025-12-15,-43,130.23
ACC-0164,AAPL,2025-12-16,-27,133.70
ACC-0164,SMCI,2025-12-22,-9,159.66
ACC-0164,BA,2026-02-27,29,468.59
ACC-0164,SNAP,2026-03-18,-35,18.32
ACC-0164,AAPL,2026-03-19,18,144.06
ACC-0164,SMCI,2026-03-23,3,195.11
ACC-0164,PLTR,2026-03-27,-56,187.52
ACC-0164,SMCI,2026-04-02,-39,178.70
ACC-0164,AAPL,2026-04-07,-22,153.46
ACC-0164,AAPL,2026-04-16,-28,150.80
ACC-0164,GOOGL,2026-05-26,44,131.20
ACC-0164,GOOGL,2026-06-01,4,127.99
ACC-0164,SMCI,2026-06-24,-12,169.39
ACC-0164,AAPL,2026-07-20,-52,125.47
ACC-0164,AAPL,2026-07-24,-21,126.70
ACC-0164,CRWD,2026-07-29,10,570.04
ACC-0164,SMCI,2026-07-31,44,153.92
ACC-0165,SOXL,2025-06-02,40,216.76
ACC-0165,SOXL,2025-06-10,-4,234.58
ACC-0165,MRVL,2025-06-12,-48,191.72
ACC-0165,MU,2025-06-16,10,170.63
ACC-0165,SOXL,2025-06-23,-50,261.76
ACC-0165,MRVL,2025-06-26,-45,192.00
ACC-0165,MRVL,2025-07-07,-18,180.38
ACC-0165,MRVL,2025-07-08,-25,178.28
ACC-0165,MRVL,2025-07-09,47,172.83
ACC-0165,MRVL,2025-07-15,25,179.41
ACC-0165,MRVL,2025-07-28,-33,179.14
ACC-0165,SOXL,2025-07-30,52,255.90
ACC-0165,SOXL,2025-07-31,23,258.99
ACC-0165,MRVL,2025-08-08,42,175.13
ACC-0165,MRVL,2025-08-18,-53,184.97
ACC-0165,MRVL,2025-08-22,29,184.98
ACC-0165,SOXL,2025-08-25,46,224.61
ACC-0165,SOXL,2025-09-02,35,235.96
ACC-0165,SOXL,2025-09-03,-45,241.19
ACC-0165,SOXL,2025-09-04,18,227.68
ACC-0165,SOXL,2025-09-10,55,230.47
ACC-0165,MRVL,2025-09-15,51,158.61
ACC-0165,SOXL,2025-09-24,29,223.36
ACC-0165,SOXL,2025-09-26,-57,211.37
ACC-0165,META,2025-09-30,34,350.78
ACC-0165,SOXL,2025-10-02,-31,218.12
ACC-0165,MRVL,2025-10-09,-51,157.36
ACC-0165,SOXL,2025-10-29,45,225.72
ACC-0165,SOXL,2025-11-26,-14,234.87
ACC-0165,MRVL,2025-12-18,44,175.26
ACC-0165,AVGO,2025-12-19,-40,331.52
ACC-0165,MRVL,2026-01-15,-19,153.64
ACC-0165,MRVL,2026-01-23,57,150.65
ACC-0165,SOXL,2026-02-06,-27,213.18
ACC-0165,MRVL,2026-02-12,-30,162.47
ACC-0165,MRVL,2026-02-25,-29,163.57
ACC-0165,INTC,2026-03-04,-36,244.86
ACC-0165,SOXL,2026-03-06,41,225.99
ACC-0165,MRVL,2026-03-09,21,168.15
ACC-0165,MRVL,2026-03-11,-7,166.98
ACC-0165,MRVL,2026-03-13,-5,175.87
ACC-0165,SOXL,2026-03-26,42,234.90
ACC-0165,SOXL,2026-03-30,-38,228.74
ACC-0165,SOXL,2026-03-31,14,219.92
ACC-0165,SOXL,2026-04-03,22,227.24
ACC-0165,SOXL,2026-04-08,50,228.81
ACC-0165,SOXL,2026-04-14,49,233.15
ACC-0165,SOXL,2026-04-16,23,227.38
ACC-0165,MRVL,2026-04-17,-60,176.07
ACC-0165,SOXL,2026-04-21,-12,223.70
ACC-0165,SOXL,2026-04-22,32,225.46
ACC-0165,MRVL,2026-04-23,-49,191.68
ACC-0165,GOOGL,2026-04-24,-55,122.26
ACC-0165,MRVL,2026-04-29,-55,189.65
ACC-0165,SOXL,2026-05-01,-44,232.80
ACC-0165,SOXL,2026-05-04,-41,234.74
ACC-0165,SHOP,2026-05-11,13,357.80
ACC-0165,MRVL,2026-05-25,-29,183.89
ACC-0165,SOXL,2026-06-17,24,237.42
ACC-0165,MRVL,2026-06-30,-53,170.28
ACC-0165,RIVN,2026-07-02,40,443.87
ACC-0165,SOXL,2026-07-03,-5,234.64
ACC-0165,MRVL,2026-07-07,21,169.48
ACC-0165,SOXL,2026-07-09,-41,227.85
ACC-0165,SOXL,2026-07-10,3,218.75
ACC-0165,MRVL,2026-07-15,45,184.27
ACC-0165,MRVL,2026-07-20,21,189.27
ACC-0165,SOXL,2026-07-27,59,217.89
ACC-0165,CRWD,2026-08-06,4,515.21
ACC-0165,MRVL,2026-08-12,38,194.65
ACC-0165,MRVL,2026-08-17,-21,193.71
ACC-0165,GOOGL,2026-08-20,19,134.08
ACC-0165,SOXL,2026-08-26,52,214.29
ACC-0165,MRVL,2026-08-27,-25,192.77
ACC-0165,MRVL,2026-08-31,12,204.74
ACC-0165,SOFI,2026-09-03,-60,16.11
ACC-0166,MSTR,2025-06-02,-17,53.65
ACC-0166,SOXL,2025-06-19,31,266.38
ACC-0166,NFLX,2025-06-20,6,245.05
ACC-0166,AAPL,2025-06-30,-37,128.36
ACC-0166,RIVN,2025-07-04,57,409.76
ACC-0166,RIVN,2025-07-08,-23,403.71
ACC-0166,RIVN,2025-07-15,58,417.58
ACC-0166,SOXL,2025-07-16,-53,244.67
ACC-0166,SOXL,2025-07-22,52,251.60
ACC-0166,SOXL,2025-07-24,32,251.86
ACC-0166,AVGO,2025-08-07,-32,230.52
ACC-0166,SOXL,2025-08-08,-54,260.52
ACC-0166,SOXL,2025-08-28,24,221.61
ACC-0166,RIVN,2025-08-29,-48,414.92
ACC-0166,RIVN,2025-09-03,-33,392.13
ACC-0166,RIVN,2025-09-25,44,406.66
ACC-0166,RIVN,2025-09-26,-55,416.77
ACC-0166,UNH,2025-10-10,3,86.74
ACC-0166,RIVN,2025-10-17,-11,408.99
ACC-0166,PLTR,2025-10-30,34,211.79
ACC-0166,SOXL,2025-11-05,-20,212.06
ACC-0166,SOXL,2025-11-11,-10,209.05
ACC-0166,SOXL,2025-11-27,23,233.65
ACC-0166,RIVN,2025-12-11,-42,405.37
ACC-0166,SOXL,2025-12-17,6,206.68
ACC-0166,WMT,2025-12-19,15,132.87
ACC-0166,SPY,2025-12-24,-10,175.21
ACC-0166,RIVN,2026-01-13,23,423.43
ACC-0166,RIVN,2026-01-19,49,396.59
ACC-0166,RIVN,2026-02-02,-19,387.02
ACC-0166,RIVN,2026-02-06,-25,398.99
ACC-0166,RIVN,2026-02-19,20,391.32
ACC-0166,SOXL,2026-03-04,57,232.51
ACC-0166,SOXL,2026-03-06,45,224.87
ACC-0166,RIVN,2026-03-10,51,460.57
ACC-0166,SOXL,2026-03-31,-20,219.63
ACC-0166,RIVN,2026-04-01,-42,487.13
ACC-0166,RIVN,2026-04-02,26,485.01
ACC-0166,SOXL,2026-04-14,29,234.53
ACC-0166,RIVN,2026-06-03,-18,430.12
ACC-0166,SOXL,2026-06-09,11,235.05
ACC-0166,DIS,2026-06-15,43,257.45
ACC-0166,RIVN,2026-07-06,-32,432.37
ACC-0166,RIVN,2026-07-08,36,429.82
ACC-0166,RIVN,2026-07-13,-59,431.50
ACC-0166,SOXL,2026-07-27,21,218.35
ACC-0166,RIVN,2026-08-14,38,478.68
ACC-0166,SOXL,2026-08-24,-36,213.23
ACC-0166,RIVN,2026-08-25,-45,473.45
ACC-0166,RIVN,2026-08-31,-8,472.35
ACC-0166,SOXL,2026-09-03,37,212.12
ACC-0167,AVGO,2025-08-01,-27,232.65
ACC-0167,AVGO,2025-08-29,-24,242.24
ACC-0167,AVGO,2025-09-01,-4,246.46
ACC-0167,TSM,2025-09-04,25,271.29
ACC-0167,TSM,2025-09-08,-50,282.26
ACC-0167,TSM,2025-09-25,40,301.36
ACC-0167,AVGO,2025-10-06,-20,299.61
ACC-0167,TSM,2025-10-09,-10,276.96
ACC-0167,AVGO,2025-10-15,-18,281.91
ACC-0167,TSM,2025-11-20,16,230.75
ACC-0167,UBER,2025-12-09,-60,206.60
ACC-0167,TSM,2026-01-12,-25,228.09
ACC-0167,TSM,2026-02-11,-57,228.60
ACC-0167,TSM,2026-02-23,-27,249.17
ACC-0167,AVGO,2026-03-26,-22,224.92
ACC-0167,AVGO,2026-05-06,17,190.29
ACC-0167,AVGO,2026-05-11,30,180.95
ACC-0167,AVGO,2026-06-10,30,175.36
ACC-0167,TSM,2026-07-07,14,205.69
ACC-0167,AVGO,2026-07-08,40,196.08
ACC-0167,TSM,2026-07-16,-26,206.07
ACC-0167,TSM,2026-08-04,-52,191.07
ACC-0167,AVGO,2026-08-13,45,215.39
ACC-0168,DIS,2025-06-04,-9,277.39
ACC-0168,AMZN,2025-06-25,15,96.33
ACC-0168,AMZN,2025-07-28,46,88.77
ACC-0168,TSM,2025-07-29,56,291.12
ACC-0168,TSM,2025-08-12,36,265.65
ACC-0168,SHOP,2025-08-14,-11,335.54
ACC-0168,SNAP,2025-08-21,14,13.97
ACC-0168,UNH,2025-09-10,-12,85.20
ACC-0168,AMZN,2025-09-26,-41,106.97
ACC-0168,AMZN,2025-10-01,56,107.16
ACC-0168,AMZN,2025-11-05,-12,111.15
ACC-0168,AMZN,2025-11-25,23,127.57
ACC-0168,TSM,2025-12-03,-47,205.72
ACC-0168,AMZN,2026-01-08,40,139.98
ACC-0168,DIS,2026-01-28,-17,197.66
ACC-0168,DIS,2026-01-30,20,196.49
ACC-0168,TSM,2026-02-11,-6,229.14
ACC-0168,TSM,2026-02-19,12,242.55
ACC-0168,TSM,2026-02-23,-6,248.40
ACC-0168,AMZN,2026-03-10,33,136.00
ACC-0168,TSM,2026-03-19,14,255.34
ACC-0168,AMZN,2026-03-30,53,141.15
ACC-0168,NVDA,2026-04-24,54,321.51
ACC-0168,DIS,2026-04-29,-21,214.61
ACC-0168,DIS,2026-05-25,-46,215.06
ACC-0168,TSM,2026-05-27,34,238.12
ACC-0168,DIS,2026-06-05,19,224.48
ACC-0168,AMZN,2026-06-23,35,158.66
ACC-0168,TSM,2026-07-08,-27,207.18
ACC-0168,AMZN,2026-07-09,5,153.21
ACC-0168,AMZN,2026-07-20,7,153.89
ACC-0168,DIS,2026-07-27,32,317.31
ACC-0168,AMZN,2026-08-04,21,139.49
ACC-0169,SHOP,2025-07-09,49,358.07
ACC-0169,SHOP,2025-07-11,-21,372.70
ACC-0169,BA,2025-09-15,35,360.18
ACC-0169,SHOP,2025-09-22,13,303.95
ACC-0169,SHOP,2025-10-08,-3,321.53
ACC-0169,SHOP,2025-10-20,20,330.72
ACC-0169,GOOGL,2025-11-07,15,130.27
ACC-0169,BA,2025-12-12,10,295.83
ACC-0169,TSM,2025-12-22,-43,202.08
ACC-0169,BA,2025-12-24,-4,322.24
ACC-0169,BA,2026-01-02,-57,345.86
ACC-0169,SHOP,2026-02-12,-34,422.64
ACC-0169,SHOP,2026-02-17,33,434.64
ACC-0169,BA,2026-02-18,1,439.22
ACC-0169,SHOP,2026-02-25,8,418.95
ACC-0169,SHOP,2026-03-04,-55,406.13
ACC-0169,INTC,2026-03-06,-13,249.90
ACC-0169,SHOP,2026-03-20,-40,368.49
ACC-0169,BA,2026-03-24,7,491.10
ACC-0169,BA,2026-04-01,-24,473.35
ACC-0169,BA,2026-05-13,36,472.28
ACC-0169,SHOP,2026-06-05,7,320.12
ACC-0169,SHOP,2026-06-09,-53,306.68
ACC-0169,SHOP,2026-06-30,-29,339.13
ACC-0170,CRWD,2025-07-23,27,375.00
ACC-0170,SPY,2025-07-30,-2,151.73
ACC-0170,SPY,2025-08-06,-42,159.09
ACC-0170,SPY,2025-08-12,-59,167.45
ACC-0170,SPY,2025-08-26,12,174.95
ACC-0170,AMZN,2025-10-01,12,106.57
ACC-0170,SPY,2025-10-28,-44,176.23
ACC-0170,SPY,2025-11-06,-26,176.96
ACC-0170,SPY,2025-11-19,-4,160.36
ACC-0170,SHOP,2025-12-15,53,387.97
ACC-0170,AMZN,2025-12-16,58,122.23
ACC-0170,SPY,2025-12-17,-57,169.05
ACC-0170,SPY,2026-01-16,2,168.52
ACC-0170,AMZN,2026-01-22,-20,127.23
ACC-0170,SPY,2026-02-06,14,185.70
ACC-0170,SPY,2026-02-16,-35,179.49
ACC-0170,SPY,2026-02-23,3,167.43
ACC-0170,ARM,2026-03-03,32,174.14
ACC-0170,SOFI,2026-03-10,44,19.55
ACC-0170,AMZN,2026-03-17,21,131.99
ACC-0170,SPY,2026-03-24,40,158.68
ACC-0170,AMZN,2026-06-23,-33,159.71
ACC-0170,AMZN,2026-07-23,-15,154.66
ACC-0170,RIVN,2026-09-04,7,354.47
ACC-0170,RIVN,2026-09-04,11,351.90
ACC-0170,RIVN,2026-09-04,33,352.38
ACC-0171,AAPL,2025-06-03,-33,133.62
ACC-0171,NVDA,2025-06-04,59,223.78
ACC-0171,AAPL,2025-06-05,-16,130.21
ACC-0171,DIS,2025-06-11,51,268.19
ACC-0171,NFLX,2025-06-13,5,231.19
ACC-0171,XOM,2025-06-16,2,292.32
ACC-0171,AAPL,2025-06-19,45,139.33
ACC-0171,NFLX,2025-06-25,58,233.06
ACC-0171,NFLX,2025-07-15,-18,239.00
ACC-0171,AAPL,2025-07-16,19,131.86
ACC-0171,AAPL,2025-07-21,52,129.65
ACC-0171,NFLX,2025-07-23,-18,245.38
ACC-0171,NFLX,2025-07-25,21,239.89
ACC-0171,AAPL,2025-08-08,48,122.19
ACC-0171,AAPL,2025-08-12,-41,120.26
ACC-0171,NFLX,2025-08-15,48,196.08
ACC-0171,NFLX,2025-08-18,33,189.69
ACC-0171,NFLX,2025-08-25,45,194.98
ACC-0171,AAPL,2025-08-28,-22,117.83
ACC-0171,AAPL,2025-08-29,-26,120.43
ACC-0171,NFLX,2025-09-02,16,203.33
ACC-0171,AAPL,2025-09-05,55,117.78
ACC-0171,COIN,2025-09-10,11,444.81
ACC-0171,AAPL,2025-09-12,-25,104.00
ACC-0171,NFLX,2025-09-18,58,191.23
ACC-0171,AAPL,2025-09-22,-22,113.44
ACC-0171,TSM,2025-09-25,-50,301.96
ACC-0171,AAPL,2025-09-29,31,117.10
ACC-0171,AAPL,2025-10-01,-11,119.67
ACC-0171,NFLX,2025-10-02,-26,203.84
ACC-0171,AAPL,2025-10-03,-25,114.26
ACC-0171,NFLX,2025-10-06,16,205.17
ACC-0171,AAPL,2025-10-08,12,110.83
ACC-0171,NFLX,2025-10-15,35,204.26
ACC-0171,NFLX,2025-10-22,-12,220.46
ACC-0171,HOOD,2025-10-30,14,163.76
ACC-0171,AAPL,2025-11-07,28,120.18
ACC-0171,AAPL,2025-11-10,-36,118.00
ACC-0171,NFLX,2025-11-12,34,193.88
ACC-0171,AAPL,2025-12-12,-23,135.60
ACC-0171,AAPL,2025-12-24,3,132.97
ACC-0171,NFLX,2025-12-25,-30,225.14
ACC-0171,AAPL,2026-01-12,-28,127.84
ACC-0171,NFLX,2026-01-14,-36,215.38
ACC-0171,AAPL,2026-01-26,-9,129.87
ACC-0171,NFLX,2026-01-27,6,211.48
ACC-0171,IREN,2026-02-02,-7,264.74
ACC-0171,NFLX,2026-02-03,-37,213.64
ACC-0171,INTC,2026-02-05,-58,236.79
ACC-0171,AAPL,2026-02-09,2,129.13
ACC-0171,AAPL,2026-02-11,-20,136.08
ACC-0171,AAPL,2026-02-16,34,139.92
ACC-0171,AAPL,2026-02-20,-13,144.12
ACC-0171,INTC,2026-02-23,-48,221.06
ACC-0171,NFLX,2026-02-25,29,223.13
ACC-0171,NFLX,2026-03-02,-35,208.24
ACC-0171,NFLX,2026-03-10,26,202.49
ACC-0171,AAPL,2026-03-20,21,142.11
ACC-0171,AAPL,2026-03-31,7,145.59
ACC-0171,NFLX,2026-04-01,-9,214.58
ACC-0171,AAPL,2026-04-10,27,154.83
ACC-0171,AAPL,2026-04-20,-45,144.83
ACC-0171,AAPL,2026-04-23,12,146.19
ACC-0171,NFLX,2026-04-24,23,215.78
ACC-0171,NFLX,2026-04-28,32,214.80
ACC-0171,AAPL,2026-04-30,-17,151.23
ACC-0171,AAPL,2026-05-04,-2,160.16
ACC-0171,AAPL,2026-05-12,9,148.76
ACC-0171,AVGO,2026-05-21,41,178.44
ACC-0171,AAPL,2026-06-02,-26,154.42
ACC-0171,AAPL,2026-06-03,-41,148.52
ACC-0171,NFLX,2026-06-08,31,207.49
ACC-0171,NFLX,2026-06-17,12,199.37
ACC-0171,AAPL,2026-06-30,-51,128.64
ACC-0171,AAPL,2026-07-07,5,117.23
ACC-0171,NFLX,2026-07-13,5,201.57
ACC-0171,NFLX,2026-07-14,3,197.38
ACC-0171,NFLX,2026-07-15,16,194.60
ACC-0171,NFLX,2026-07-21,-12,193.69
ACC-0171,SOXL,2026-07-24,20,217.17
ACC-0171,AAPL,2026-07-28,53,124.16
ACC-0171,AAPL,2026-07-31,-54,126.10
ACC-0171,NFLX,2026-08-06,30,202.20
ACC-0171,NFLX,2026-08-11,35,205.53
ACC-0171,NFLX,2026-08-20,40,204.11
ACC-0171,AAPL,2026-08-25,-28,137.33
ACC-0171,AAPL,2026-09-01,53,144.46
ACC-0172,NVDA,2025-06-05,57,220.00
ACC-0172,NVDA,2025-06-13,4,220.22
ACC-0172,NFLX,2025-06-20,-59,245.38
ACC-0172,NFLX,2025-06-27,-42,234.32
ACC-0172,NFLX,2025-07-04,5,238.02
ACC-0172,NVDA,2025-07-07,-42,215.92
ACC-0172,NVDA,2025-07-22,-6,245.45
ACC-0172,SMCI,2025-07-23,-42,146.39
ACC-0172,RIVN,2025-08-07,35,396.38
ACC-0172,NFLX,2025-08-11,24,201.02
ACC-0172,NVDA,2025-08-12,21,254.02
ACC-0172,NFLX,2025-08-15,-21,195.34
ACC-0172,NFLX,2025-08-19,60,189.37
ACC-0172,NFLX,2025-08-28,-4,195.58
ACC-0172,NVDA,2025-09-01,5,254.89
ACC-0172,NVDA,2025-09-03,54,256.44
ACC-0172,COIN,2025-09-15,-33,452.75
ACC-0172,NFLX,2025-09-19,-32,192.87
ACC-0172,NFLX,2025-09-30,3,200.49
ACC-0172,NFLX,2025-10-17,29,214.69
ACC-0172,PLTR,2025-10-22,34,196.25
ACC-0172,NFLX,2025-10-24,-37,222.05
ACC-0172,UNH,2025-10-28,54,84.75
ACC-0172,NFLX,2025-10-29,32,213.29
ACC-0172,NFLX,2025-11-03,-9,204.51
ACC-0172,CRWD,2025-11-11,-55,411.66
ACC-0172,NFLX,2025-11-12,-27,193.81
ACC-0172,NVDA,2025-11-17,-13,273.15
ACC-0172,NVDA,2025-11-25,34,264.64
ACC-0172,NVDA,2025-11-28,-24,268.19
ACC-0172,NVDA,2025-12-02,-51,283.41
ACC-0172,NVDA,2025-12-08,41,274.38
ACC-0172,NFLX,2025-12-11,23,204.54
ACC-0172,WMT,2025-12-12,-14,133.16
ACC-0172,MSTR,2025-12-15,31,61.97
ACC-0172,NVDA,2025-12-22,34,308.33
ACC-0172,NVDA,2025-12-23,-14,309.34
ACC-0172,NFLX,2025-12-24,-26,231.08
ACC-0172,NVDA,2025-12-26,-40,298.36
ACC-0172,NVDA,2025-12-29,-33,298.08
ACC-0172,NFLX,2026-01-01,2,220.32
ACC-0172,NVDA,2026-01-09,-35,287.99
ACC-0172,NVDA,2026-01-14,-45,303.74
ACC-0172,NFLX,2026-01-21,13,216.80
ACC-0172,NVDA,2026-01-29,34,304.84
ACC-0172,NFLX,2026-02-03,-25,214.22
ACC-0172,NFLX,2026-02-06,-30,212.73
ACC-0172,NVDA,2026-02-18,-60,373.17
ACC-0172,NFLX,2026-02-25,-21,223.01
ACC-0172,NVDA,2026-02-26,-50,368.88
ACC-0172,TSM,2026-03-02,-58,250.74
ACC-0172,NFLX,2026-03-03,4,204.60
ACC-0172,NFLX,2026-03-10,48,202.96
ACC-0172,NFLX,2026-03-18,-26,209.43
ACC-0172,NVDA,2026-04-03,44,355.96
ACC-0172,NVDA,2026-04-14,-3,359.30
ACC-0172,NVDA,2026-04-20,10,321.57
ACC-0172,NVDA,2026-04-23,55,323.68
ACC-0172,NVDA,2026-05-04,-17,294.17
ACC-0172,NFLX,2026-05-08,18,224.66
ACC-0172,NFLX,2026-05-15,26,222.25
ACC-0172,NFLX,2026-05-21,43,209.92
ACC-0172,NFLX,2026-05-26,31,210.04
ACC-0172,NVDA,2026-05-27,-20,298.08
ACC-0172,PYPL,2026-06-03,57,12.54
ACC-0172,NVDA,2026-06-05,34,312.31
ACC-0172,COIN,2026-06-08,-27,213.33
ACC-0172,WMT,2026-06-26,46,148.09
ACC-0172,NFLX,2026-06-30,-1,205.61
ACC-0172,NFLX,2026-07-03,-50,206.25
ACC-0172,NFLX,2026-07-10,-39,199.81
ACC-0172,NVDA,2026-07-15,20,335.59
ACC-0172,NVDA,2026-07-24,30,350.36
ACC-0172,UBER,2026-07-28,-3,245.41
ACC-0172,META,2026-07-30,47,472.41
ACC-0172,NFLX,2026-08-12,5,203.80
ACC-0172,SHOP,2026-09-01,59,352.86
ACC-0172,SPY,2026-09-02,28,142.15
ACC-0173,META,2025-06-09,40,338.78
ACC-0173,META,2025-07-11,-27,418.65
ACC-0173,PLTR,2025-07-23,-51,199.27
ACC-0173,META,2025-07-25,13,405.33
ACC-0173,MRVL,2025-08-04,18,174.26
ACC-0173,META,2025-08-15,-25,410.87
ACC-0173,WMT,2025-08-26,39,172.15
ACC-0173,PLTR,2025-09-11,-14,190.43
ACC-0173,META,2025-10-07,-44,364.07
ACC-0173,META,2025-10-08,34,364.14
ACC-0173,META,2025-12-05,-59,375.08
ACC-0173,META,2025-12-09,-12,382.76
ACC-0173,PLTR,2025-12-15,-30,200.74
ACC-0173,META,2026-01-16,-36,468.71
ACC-0173,META,2026-01-19,-7,470.59
ACC-0173,META,2026-02-17,39,543.75
ACC-0173,META,2026-02-23,-5,546.92
ACC-0173,META,2026-03-02,-26,526.64
ACC-0173,PLTR,2026-03-03,-43,188.08
ACC-0173,PLTR,2026-03-05,-9,188.17
ACC-0173,META,2026-03-24,-34,566.21
ACC-0173,META,2026-03-31,46,568.77
ACC-0173,PLTR,2026-04-06,-54,177.20
ACC-0173,PLTR,2026-06-03,45,211.52
ACC-0173,PLTR,2026-06-24,-19,187.41
ACC-0173,XOM,2026-07-01,19,321.42
ACC-0173,PLTR,2026-07-08,50,186.22
ACC-0173,META,2026-07-16,-20,488.07
ACC-0173,META,2026-07-28,23,498.38
ACC-0173,PLTR,2026-07-29,20,208.64
ACC-0173,TSLA,2026-08-27,-25,312.74
ACC-0173,IREN,2026-08-28,-55,269.24
ACC-0173,PLTR,2026-09-01,9,193.48
ACC-0174,IREN,2025-06-20,53,189.90
ACC-0174,META,2025-06-25,17,399.88
ACC-0174,META,2025-06-27,10,402.47
ACC-0174,META,2025-06-30,-41,398.41
ACC-0174,META,2025-07-14,28,407.80
ACC-0174,IREN,2025-07-16,-11,181.09
ACC-0174,IREN,2025-07-17,51,181.25
ACC-0174,IREN,2025-07-22,-45,181.21
ACC-0174,META,2025-07-31,20,402.99
ACC-0174,IREN,2025-08-05,-45,200.53
ACC-0174,IREN,2025-08-21,36,203.57
ACC-0174,HOOD,2025-10-20,-44,173.78
ACC-0174,IREN,2025-11-10,58,214.31
ACC-0174,META,2025-11-28,36,362.35
ACC-0174,META,2025-12-19,33,426.73
ACC-0174,META,2026-01-02,-28,455.33
ACC-0174,IREN,2026-01-08,35,247.90
ACC-0174,IREN,2026-02-11,-36,263.99
ACC-0174,IREN,2026-03-23,-37,295.70
ACC-0174,META,2026-03-27,-43,606.85
ACC-0174,META,2026-04-06,-16,538.44
ACC-0174,MSFT,2026-04-21,-32,259.37
ACC-0174,META,2026-04-24,8,516.76
ACC-0174,META,2026-04-28,27,522.99
ACC-0175,ARM,2025-06-10,-1,202.61
ACC-0175,HOOD,2025-06-13,-19,157.13
ACC-0175,VRT,2025-07-22,49,119.18
ACC-0175,HOOD,2025-07-25,-54,176.55
ACC-0175,GOOGL,2025-08-04,-35,149.89
ACC-0175,GOOGL,2025-08-15,-26,143.58
ACC-0175,GOOGL,2025-09-08,-19,145.62
ACC-0175,HOOD,2025-09-16,28,172.55
ACC-0175,HOOD,2025-10-03,-34,170.76
ACC-0175,GOOGL,2025-10-10,52,133.19
ACC-0175,VRT,2025-12-11,60,85.21
ACC-0175,COIN,2026-01-21,35,276.77
ACC-0175,VRT,2026-01-26,30,99.11
ACC-0175,VRT,2026-02-09,41,110.07
ACC-0175,GOOGL,2026-02-19,-43,133.85
ACC-0175,GOOGL,2026-02-26,-36,134.00
ACC-0175,VRT,2026-03-02,-22,117.81
ACC-0175,GOOGL,2026-03-19,-51,128.41
ACC-0175,HOOD,2026-03-24,9,169.80
ACC-0175,GOOGL,2026-05-04,-11,122.04
ACC-0176,SNAP,2025-06-02,-6,14.37
ACC-0176,SNAP,2025-07-14,-44,13.29
ACC-0176,ARM,2025-07-15,7,186.76
ACC-0176,SNAP,2025-09-02,44,14.12
ACC-0176,SNAP,2025-09-03,-12,13.85
ACC-0176,SNAP,2025-10-06,-28,14.54
ACC-0176,SMCI,2025-10-08,19,156.97
ACC-0176,SNAP,2025-10-29,-17,14.90
ACC-0176,AAPL,2025-11-05,-27,117.54
ACC-0176,ARM,2025-11-07,-6,212.55
ACC-0176,AAPL,2025-11-10,-47,117.91
ACC-0176,ARM,2025-11-24,51,214.73
ACC-0176,ARM,2025-12-03,36,227.08
ACC-0176,DIS,2025-12-22,-14,234.19
ACC-0176,ARM,2025-12-24,-28,201.67
ACC-0176,MU,2026-01-12,-51,191.59
ACC-0176,AAPL,2026-01-15,51,136.68
ACC-0176,MSTR,2026-02-24,-22,63.72
ACC-0176,ARM,2026-04-10,-6,181.59
ACC-0176,SNAP,2026-04-28,59,19.23
ACC-0176,SNAP,2026-05-04,20,17.47
ACC-0176,AAPL,2026-05-20,28,145.67
ACC-0176,MRVL,2026-06-03,-13,179.92
ACC-0176,SNAP,2026-07-22,58,15.83
ACC-0176,SNAP,2026-08-13,-52,14.41
ACC-0177,SOFI,2025-06-19,-12,40.71
ACC-0177,COIN,2025-07-21,-52,399.28
ACC-0177,SOXL,2025-07-22,-36,250.02
ACC-0177,CRWD,2025-07-30,-51,375.88
ACC-0177,SOFI,2025-07-31,23,40.00
ACC-0177,NVDA,2025-08-13,8,257.84
ACC-0177,NVDA,2025-08-18,28,259.11
ACC-0177,QQQ,2025-08-21,-26,215.09
ACC-0177,SOFI,2025-08-27,15,38.59
ACC-0177,NVDA,2025-08-29,-6,263.24
ACC-0177,SOFI,2025-09-12,-2,35.18
ACC-0177,SHOP,2025-09-17,21,314.39
ACC-0177,SOFI,2025-10-03,22,34.25
ACC-0177,NVDA,2025-10-08,-42,295.33
ACC-0177,SOFI,2025-10-10,-42,36.14
ACC-0177,SOFI,2025-10-13,25,35.33
ACC-0177,SOFI,2025-10-28,25,33.14
ACC-0177,SOFI,2025-11-05,48,30.62
ACC-0177,BA,2025-11-18,23,313.51
ACC-0177,NVDA,2025-11-21,53,274.70
ACC-0177,SOFI,2025-11-24,2,26.04
ACC-0177,SOFI,2025-11-28,2,23.79
ACC-0177,SNAP,2025-12-10,-8,17.69
ACC-0177,NVDA,2025-12-19,20,308.79
ACC-0177,NVDA,2026-01-01,-26,299.90
ACC-0177,NVDA,2026-01-13,-52,291.86
ACC-0177,SOFI,2026-01-27,43,21.72
ACC-0177,SOFI,2026-01-28,-38,21.74
ACC-0177,SOFI,2026-01-29,-17,21.03
ACC-0177,NVDA,2026-01-30,-17,327.05
ACC-0177,SOFI,2026-02-09,18,19.16
ACC-0177,NVDA,2026-02-16,-36,374.22
ACC-0177,NVDA,2026-02-19,11,377.81
ACC-0177,NVDA,2026-03-03,-37,343.33
ACC-0177,NVDA,2026-03-04,-17,341.07
ACC-0177,NVDA,2026-03-11,-35,352.84
ACC-0177,NVDA,2026-03-13,19,354.74
ACC-0177,SOFI,2026-03-16,14,19.91
ACC-0177,NVDA,2026-03-24,8,344.60
ACC-0177,SOFI,2026-03-30,-49,20.16
ACC-0177,SOFI,2026-04-08,-28,21.34
ACC-0177,SPY,2026-04-17,18,161.91
ACC-0177,NFLX,2026-04-20,-33,213.68
ACC-0177,MSFT,2026-04-27,51,260.57
ACC-0177,SOFI,2026-04-28,-2,19.24
ACC-0177,SOFI,2026-05-07,53,18.42
ACC-0177,SOFI,2026-05-08,-25,18.48
ACC-0177,NVDA,2026-05-15,34,295.79
ACC-0177,AAPL,2026-05-25,-47,151.56
ACC-0177,WMT,2026-06-01,29,138.65
ACC-0177,INTC,2026-06-03,-49,275.25
ACC-0177,SOFI,2026-06-05,-55,17.28
ACC-0177,SOFI,2026-06-11,16,18.14
ACC-0177,NVDA,2026-06-12,-31,297.83
ACC-0177,SOFI,2026-06-19,-43,19.09
ACC-0177,SOFI,2026-06-23,8,19.02
ACC-0177,SOFI,2026-07-21,-56,18.92
ACC-0177,NVDA,2026-07-27,41,345.74
ACC-0177,NVDA,2026-07-28,-23,343.00
ACC-0177,SOFI,2026-08-04,4,16.65
ACC-0177,NVDA,2026-08-21,7,345.08
ACC-0177,SOFI,2026-08-27,38,16.42
ACC-0177,NVDA,2026-09-01,-14,361.25
ACC-0178,HOOD,2025-06-17,50,157.81
ACC-0178,TSM,2025-06-19,-44,304.52
ACC-0178,TSM,2025-06-24,1,297.49
ACC-0178,TSM,2025-06-25,-18,300.04
ACC-0178,HOOD,2025-07-01,-48,165.82
ACC-0178,TSM,2025-07-08,58,299.28
ACC-0178,TSM,2025-07-28,-9,283.81
ACC-0178,HOOD,2025-08-14,-9,166.31
ACC-0178,SHOP,2025-08-25,-27,377.96
ACC-0178,TSM,2025-09-03,19,272.30
ACC-0178,HOOD,2025-09-04,20,161.32
ACC-0178,SPY,2025-09-05,-38,173.10
ACC-0178,TSM,2025-09-15,-33,281.47
ACC-0178,HOOD,2025-11-12,-7,178.03
ACC-0178,TSM,2025-11-17,-24,236.96
ACC-0178,TSM,2025-11-18,51,237.29
ACC-0178,HOOD,2025-12-09,51,156.84
ACC-0178,TSM,2025-12-12,59,203.22
ACC-0178,TSM,2025-12-16,38,200.32
ACC-0178,SOFI,2025-12-25,-17,23.61
ACC-0178,SMCI,2026-01-26,-6,188.21
ACC-0178,TSM,2026-02-13,28,244.76
ACC-0178,TSM,2026-03-19,11,256.71
ACC-0178,TSM,2026-04-29,-41,261.39
ACC-0178,MRVL,2026-05-19,-59,186.52
ACC-0178,HOOD,2026-05-28,-32,164.23
ACC-0178,UNH,2026-06-12,12,111.85
ACC-0179,AAPL,2025-06-11,39,137.06
ACC-0179,AAPL,2025-06-13,-52,139.53
ACC-0179,AAPL,2025-06-16,-36,134.31
ACC-0179,AAPL,2025-06-19,-50,140.01
ACC-0179,AAPL,2025-06-20,22,135.00
ACC-0179,AAPL,2025-06-24,51,127.34
ACC-0179,AAPL,2025-07-17,58,132.57
ACC-0179,SMCI,2025-07-22,-58,147.24
ACC-0179,SMCI,2025-08-01,-41,152.65
ACC-0179,SMCI,2025-08-19,-22,161.64
ACC-0179,SMCI,2025-08-28,28,178.72
ACC-0179,SMCI,2025-09-08,19,185.33
ACC-0179,AAPL,2025-09-16,-49,108.28
ACC-0179,AAPL,2025-09-18,58,109.16
ACC-0179,SMCI,2025-09-25,12,175.34
ACC-0179,SMCI,2025-09-30,16,168.50
ACC-0179,AAPL,2025-10-07,-34,111.80
ACC-0179,SMCI,2025-11-03,33,157.50
ACC-0179,SMCI,2025-11-24,55,148.82
ACC-0179,SMCI,2025-12-04,-9,154.65
ACC-0179,AVGO,2025-12-19,6,331.76
ACC-0179,MRVL,2026-01-26,17,145.14
ACC-0179,SMCI,2026-01-27,32,185.67
ACC-0179,AAPL,2026-02-02,-40,127.39
ACC-0179,BA,2026-02-19,32,456.96
ACC-0179,SMCI,2026-03-02,49,195.66
ACC-0179,SMCI,2026-03-10,59,197.28
ACC-0179,SMCI,2026-03-11,21,192.89
ACC-0179,AAPL,2026-03-12,26,133.00
ACC-0179,AAPL,2026-03-13,-40,135.13
ACC-0179,AAPL,2026-03-19,-51,143.87
ACC-0179,AAPL,2026-03-23,46,137.52
ACC-0179,SMCI,2026-04-10,-19,171.26
ACC-0179,AAPL,2026-04-16,57,151.71
ACC-0179,SMCI,2026-04-17,-57,172.87
ACC-0179,BA,2026-05-07,-47,462.72
ACC-0179,AAPL,2026-05-11,-22,156.35
ACC-0179,AAPL,2026-05-28,-26,156.74
ACC-0179,AAPL,2026-06-17,33,147.67
ACC-0179,AAPL,2026-06-23,28,136.01
ACC-0179,SMCI,2026-06-29,23,152.50
ACC-0179,AAPL,2026-07-02,-22,121.49
ACC-0180,META,2025-06-04,11,343.57
ACC-0180,SNAP,2025-06-12,48,14.61
ACC-0180,SNAP,2025-06-13,19,14.17
ACC-0180,META,2025-06-17,50,360.46
ACC-0180,META,2025-06-19,17,370.13
ACC-0180,META,2025-06-23,-4,372.15
ACC-0180,META,2025-06-27,51,403.96
ACC-0180,SNAP,2025-07-01,57,13.66
ACC-0180,META,2025-07-21,-13,403.27
ACC-0180,META,2025-07-25,-1,406.41
ACC-0180,SNAP,2025-07-28,-59,14.17
ACC-0180,META,2025-08-01,3,401.50
ACC-0180,META,2025-08-06,10,387.06
ACC-0180,META,2025-08-11,24,406.19
ACC-0180,META,2025-08-13,-46,423.12
ACC-0180,META,2025-08-14,18,410.10
ACC-0180,META,2025-08-20,43,400.75
ACC-0180,SNAP,2025-08-25,-37,14.14
ACC-0180,SNAP,2025-08-26,-13,14.65
ACC-0180,VRT,2025-08-28,-59,101.41
ACC-0180,SNAP,2025-08-29,-41,14.50
ACC-0180,SNAP,2025-09-01,-4,14.23
ACC-0180,META,2025-09-04,3,402.61
ACC-0180,UBER,2025-09-15,-18,194.76
ACC-0180,TSLA,2025-09-16,-53,186.11
ACC-0180,SNAP,2025-09-26,-11,15.07
ACC-0180,SNAP,2025-10-01,49,14.89
ACC-0180,SNAP,2025-10-08,31,14.97
ACC-0180,SNAP,2025-10-09,46,15.51
ACC-0180,META,2025-10-27,17,362.91
ACC-0180,SNAP,2025-11-10,3,15.77
ACC-0180,SNAP,2025-11-11,11,15.98
ACC-0180,META,2025-11-12,27,348.21
ACC-0180,SNAP,2025-11-19,-2,16.94
ACC-0180,SNAP,2025-11-25,-56,17.67
ACC-0180,SNAP,2025-11-27,10,18.83
ACC-0180,SNAP,2025-12-01,45,18.04
ACC-0180,META,2025-12-02,35,375.30
ACC-0180,META,2025-12-05,-2,376.41
ACC-0180,SNAP,2025-12-09,1,18.13
ACC-0180,META,2025-12-10,-37,375.52
ACC-0180,META,2025-12-18,10,423.72
ACC-0180,NFLX,2025-12-22,23,225.43
ACC-0180,META,2025-12-26,40,442.14
ACC-0180,SNAP,2026-01-02,-32,19.17
ACC-0180,META,2026-01-12,-19,470.36
ACC-0180,META,2026-01-15,11,492.51
ACC-0180,META,2026-01-19,4,471.26
ACC-0180,SNAP,2026-01-22,-22,18.00
ACC-0180,SNAP,2026-01-30,-16,20.40
ACC-0180,META,2026-02-02,26,499.21
ACC-0180,WMT,2026-02-06,-19,138.89
ACC-0180,WMT,2026-02-09,-54,139.60
ACC-0180,SNAP,2026-02-10,-60,20.13
ACC-0180,META,2026-02-13,-13,528.54
ACC-0180,META,2026-02-17,-6,541.84
ACC-0180,SNAP,2026-03-02,-8,19.38
ACC-0180,SNAP,2026-03-04,-34,18.68
ACC-0180,SNAP,2026-03-06,-40,19.06
ACC-0180,SNAP,2026-03-10,17,19.23
ACC-0180,SNAP,2026-03-11,-41,18.91
ACC-0180,SNAP,2026-03-13,3,17.79
ACC-0180,META,2026-03-19,-29,556.68
ACC-0180,META,2026-03-30,-3,571.65
ACC-0180,SNAP,2026-03-31,-7,18.39
ACC-0180,SNAP,2026-04-06,56,18.83
ACC-0180,SNAP,2026-04-13,-29,18.29
ACC-0180,SNAP,2026-04-14,-19,18.69
ACC-0180,META,2026-04-17,-55,513.53
ACC-0180,SNAP,2026-05-07,55,15.82
ACC-0180,SNAP,2026-05-08,-56,16.29
ACC-0180,SNAP,2026-05-11,-60,16.68
ACC-0180,META,2026-05-14,-8,521.76
ACC-0180,META,2026-05-18,32,524.60
ACC-0180,SNAP,2026-05-19,-2,16.03
ACC-0180,SNAP,2026-05-21,47,15.43
ACC-0180,META,2026-05-26,45,508.00
ACC-0180,SNAP,2026-05-29,42,15.32
ACC-0180,SNAP,2026-06-16,-12,13.76
ACC-0180,SNAP,2026-06-29,57,15.00
ACC-0180,SNAP,2026-07-10,-10,15.89
ACC-0181,HOOD,2025-06-24,-48,159.98
ACC-0181,BA,2025-08-08,23,314.06
ACC-0181,HOOD,2025-09-09,-48,161.33
ACC-0181,BA,2025-09-15,-16,360.31
ACC-0181,BA,2025-10-24,28,325.89
ACC-0181,HOOD,2025-10-28,49,162.26
ACC-0181,BA,2025-11-28,36,284.11
ACC-0181,HOOD,2025-12-11,-31,154.86
ACC-0181,PLTR,2026-01-02,-12,186.11
ACC-0181,HOOD,2026-01-28,-29,158.68
ACC-0181,HOOD,2026-02-12,20,164.95
ACC-0181,HOOD,2026-03-23,-14,174.84
ACC-0181,BA,2026-04-13,-4,456.19
ACC-0182,META,2025-06-05,-56,343.47
ACC-0182,XOM,2025-06-06,37,294.28
ACC-0182,SOXL,2025-06-19,41,267.70
ACC-0182,UBER,2025-06-24,-54,204.44
ACC-0182,UBER,2025-07-01,22,210.75
ACC-0182,XOM,2025-07-17,24,229.15
ACC-0182,SOXL,2025-07-21,-60,246.50
ACC-0182,XOM,2025-07-22,-14,230.85
ACC-0182,SOXL,2025-07-24,-12,250.75
ACC-0182,UBER,2025-08-04,13,180.64
ACC-0182,SOXL,2025-08-06,38,254.37
ACC-0182,UBER,2025-08-14,5,177.79
ACC-0182,UBER,2025-08-19,3,180.92
ACC-0182,SOXL,2025-08-28,27,221.51
ACC-0182,XOM,2025-09-03,-29,249.43
ACC-0182,UBER,2025-09-16,-21,191.20
ACC-0182,CRWD,2025-09-19,-29,391.33
ACC-0182,SOXL,2025-09-25,-22,216.64
ACC-0182,GOOGL,2025-10-03,55,131.91
ACC-0182,XOM,2025-10-28,17,299.25
ACC-0182,UBER,2025-11-12,3,193.94
ACC-0182,UBER,2025-11-14,16,196.22
ACC-0182,SOXL,2025-11-19,-38,218.36
ACC-0182,UBER,2025-11-20,-6,200.32
ACC-0182,UBER,2025-12-11,38,204.14
ACC-0182,UBER,2025-12-25,19,225.09
ACC-0182,UBER,2025-12-30,37,238.97
ACC-0182,XOM,2026-01-01,40,317.73
ACC-0182,SOXL,2026-01-14,47,198.48
ACC-0182,AMZN,2026-01-26,17,126.17
ACC-0182,SOXL,2026-02-02,27,203.74
ACC-0182,SOXL,2026-02-03,8,210.99
ACC-0182,SOXL,2026-02-17,17,219.85
ACC-0182,UBER,2026-02-25,-23,228.13
ACC-0182,XOM,2026-03-03,-50,263.04
ACC-0182,XOM,2026-03-18,11,251.55
ACC-0182,UBER,2026-03-20,26,249.75
ACC-0182,SOXL,2026-04-03,-27,227.33
ACC-0182,UBER,2026-04-20,-36,252.28
ACC-0182,SOXL,2026-04-24,-46,224.02
ACC-0182,UBER,2026-05-19,49,234.11
ACC-0182,SOXL,2026-05-29,-11,219.58
ACC-0182,XOM,2026-06-05,-14,272.49
ACC-0182,XOM,2026-06-08,-1,275.35
ACC-0182,META,2026-06-26,-5,466.00
ACC-0182,UBER,2026-06-29,-26,260.70
ACC-0182,SOXL,2026-07-03,18,233.57
ACC-0182,UBER,2026-07-08,58,252.56
ACC-0182,UBER,2026-07-27,-16,238.53
ACC-0182,XOM,2026-07-31,41,339.79
ACC-0182,UBER,2026-08-04,-52,253.38
ACC-0182,SOXL,2026-08-11,-19,215.73
ACC-0182,SOXL,2026-08-13,5,222.71
ACC-0182,UBER,2026-08-14,-2,278.37
ACC-0183,RIVN,2025-06-03,-50,378.00
ACC-0183,MU,2025-06-11,2,163.97
ACC-0183,SOFI,2025-07-03,45,39.19
ACC-0183,SPY,2025-11-27,-13,157.47
ACC-0183,MU,2025-12-04,-4,161.71
ACC-0183,MU,2025-12-10,-14,161.07
ACC-0183,AAPL,2026-01-16,-37,131.28
ACC-0183,MU,2026-02-23,-14,201.56
ACC-0183,VRT,2026-03-02,-52,117.98
ACC-0183,SPY,2026-03-05,22,165.39
ACC-0183,SPY,2026-03-09,40,166.38
ACC-0183,SPY,2026-04-20,-41,161.88
ACC-0183,QQQ,2026-05-27,16,220.07
ACC-0183,SOFI,2026-06-18,-44,19.88
ACC-0183,SPY,2026-07-21,53,152.85
ACC-0184,CRWD,2025-06-03,-2,365.61
ACC-0184,MSFT,2025-06-06,1,200.21
ACC-0184,CRWD,2025-06-12,-32,369.22
ACC-0184,SNAP,2025-06-17,45,14.31
ACC-0184,MU,2025-07-04,58,161.00
ACC-0184,CRWD,2025-07-08,55,394.49
ACC-0184,UNH,2025-07-09,-21,96.16
ACC-0184,UNH,2025-07-14,57,95.05
ACC-0184,MSFT,2025-08-07,30,224.06
ACC-0184,MSFT,2025-08-11,-23,221.56
ACC-0184,MSFT,2025-08-12,-7,221.17
ACC-0184,CRWD,2025-08-14,30,403.62
ACC-0184,UNH,2025-08-15,54,87.35
ACC-0184,MSFT,2025-08-27,22,222.67
ACC-0184,CRWD,2025-09-01,-17,376.74
ACC-0184,UNH,2025-09-05,-58,80.90
ACC-0184,UNH,2025-09-24,45,98.63
ACC-0184,UNH,2025-10-01,28,91.78
ACC-0184,SMCI,2025-10-10,-36,151.44
ACC-0184,MSFT,2025-10-13,-22,269.31
ACC-0184,UNH,2025-10-17,14,83.41
ACC-0184,UNH,2025-11-03,-19,77.69
ACC-0184,MSFT,2025-11-07,12,254.93
ACC-0184,CRWD,2025-11-11,-33,412.81
ACC-0184,CRWD,2025-11-19,-3,423.74
ACC-0184,AVGO,2025-11-28,36,338.21
ACC-0184,UNH,2025-12-03,-40,89.91
ACC-0184,UNH,2025-12-05,18,89.49
ACC-0184,SMCI,2025-12-18,-2,157.18
ACC-0184,MSFT,2025-12-19,-5,245.54
ACC-0184,MSFT,2025-12-22,-18,249.40
ACC-0184,CRWD,2026-01-05,-43,507.86
ACC-0184,CRWD,2026-01-16,-15,491.20
ACC-0184,PLTR,2026-01-21,59,183.86
ACC-0184,CRWD,2026-01-23,23,491.31
ACC-0184,CRWD,2026-01-28,-47,501.45
ACC-0184,DIS,2026-02-05,-58,176.26
ACC-0184,UNH,2026-02-10,51,116.75
ACC-0184,MSFT,2026-02-24,-59,263.87
ACC-0184,UNH,2026-03-03,28,121.57
ACC-0184,MSFT,2026-03-04,21,250.40
ACC-0184,GOOGL,2026-03-09,-21,128.90
ACC-0184,CRWD,2026-03-13,45,435.81
ACC-0184,INTC,2026-03-17,15,244.36
ACC-0184,UNH,2026-03-27,28,123.19
ACC-0184,MSFT,2026-04-03,-27,226.45
ACC-0184,MSFT,2026-04-10,42,244.44
ACC-0184,MSFT,2026-05-06,19,276.77
ACC-0184,CRWD,2026-05-11,38,466.17
ACC-0184,CRWD,2026-05-18,17,493.22
ACC-0184,CRWD,2026-05-27,-23,514.66
ACC-0184,UNH,2026-06-04,-28,114.27
ACC-0184,MSFT,2026-06-05,-29,273.53
ACC-0184,MSFT,2026-06-16,-39,267.79
ACC-0184,MSFT,2026-06-26,6,257.82
ACC-0184,UNH,2026-07-07,10,121.82
ACC-0184,UNH,2026-07-16,-34,119.19
ACC-0184,HOOD,2026-07-23,-22,151.38
ACC-0184,SOXL,2026-08-07,-52,216.93
ACC-0184,CRWD,2026-08-14,7,536.98
ACC-0185,NFLX,2025-06-04,-47,232.82
ACC-0185,UBER,2025-06-25,36,203.42
ACC-0185,NFLX,2025-06-26,56,239.86
ACC-0185,NFLX,2025-06-27,-10,234.29
ACC-0185,NFLX,2025-07-01,-23,241.34
ACC-0185,UBER,2025-07-04,-52,201.34
ACC-0185,NFLX,2025-07-09,60,243.72
ACC-0185,NFLX,2025-07-16,-2,244.41
ACC-0185,NFLX,2025-07-18,16,247.77
ACC-0185,NFLX,2025-08-01,-48,213.29
ACC-0185,NFLX,2025-08-07,-50,201.65
ACC-0185,UBER,2025-08-08,-2,176.06
ACC-0185,NFLX,2025-08-11,2,201.40
ACC-0185,UBER,2025-08-20,19,180.50
ACC-0185,NFLX,2025-08-21,-26,194.14
ACC-0185,NFLX,2025-08-25,-24,195.20
ACC-0185,NFLX,2025-08-27,-56,192.24
ACC-0185,NFLX,2025-09-01,10,200.70
ACC-0185,UBER,2025-09-05,3,208.15
ACC-0185,UBER,2025-09-15,11,195.45
ACC-0185,NFLX,2025-09-23,-37,201.58
ACC-0185,TSLA,2025-10-07,-43,207.38
ACC-0185,NFLX,2025-10-08,-22,204.34
ACC-0185,UBER,2025-10-13,34,192.45
ACC-0185,UBER,2025-10-20,19,196.57
ACC-0185,NFLX,2025-10-23,-29,221.43
ACC-0185,UBER,2025-10-27,39,194.77
ACC-0185,UBER,2025-11-03,36,197.45
ACC-0185,UBER,2025-11-04,-12,191.86
ACC-0185,NFLX,2025-11-13,-55,191.74
ACC-0185,NFLX,2025-11-14,-8,189.89
ACC-0185,UBER,2025-11-25,-18,200.88
ACC-0185,UBER,2025-12-09,-53,207.80
ACC-0185,NFLX,2025-12-10,7,201.97
ACC-0185,UBER,2025-12-12,-18,201.17
ACC-0185,NFLX,2025-12-25,-43,225.44
ACC-0185,MU,2026-01-08,9,189.59
ACC-0185,TSM,2026-01-19,-59,222.37
ACC-0185,NFLX,2026-01-23,-17,215.94
ACC-0185,UBER,2026-02-02,-6,231.54
ACC-0185,NFLX,2026-02-11,50,207.91
ACC-0185,NFLX,2026-02-27,-46,211.11
ACC-0185,IREN,2026-03-02,-51,244.14
ACC-0185,NFLX,2026-03-03,-25,204.70
ACC-0185,UNH,2026-03-06,-9,118.79
ACC-0185,NFLX,2026-03-12,-46,204.73
ACC-0185,NFLX,2026-03-23,20,208.76
ACC-0185,UBER,2026-03-27,-36,259.14
ACC-0185,UBER,2026-04-07,6,247.09
ACC-0185,NFLX,2026-05-01,-59,214.73
ACC-0185,UBER,2026-05-06,1,251.24
ACC-0185,NFLX,2026-05-13,59,220.34
ACC-0185,UBER,2026-05-14,-45,231.84
ACC-0185,UBER,2026-05-22,28,231.46
ACC-0185,UBER,2026-05-25,17,232.99
ACC-0185,UBER,2026-06-03,28,231.15
ACC-0185,UBER,2026-06-05,24,233.52
ACC-0185,UBER,2026-06-09,-48,254.18
ACC-0185,NFLX,2026-06-22,14,197.54
ACC-0185,UBER,2026-06-25,-36,264.50
ACC-0185,DIS,2026-06-26,-14,249.72
ACC-0186,MSFT,2025-06-17,-51,201.89
ACC-0186,GOOGL,2025-07-01,40,159.19
ACC-0186,SOXL,2025-07-30,43,255.19
ACC-0186,SOXL,2025-08-01,-33,260.13
ACC-0186,MSFT,2025-08-11,-14,219.69
ACC-0186,GOOGL,2025-08-14,38,147.17
ACC-0186,MSFT,2025-10-06,58,244.98
ACC-0186,SOXL,2025-10-07,23,224.87
ACC-0186,MSFT,2025-10-27,-55,267.07
ACC-0186,SOXL,2025-11-07,-23,220.86
ACC-0186,SOXL,2025-11-14,-8,219.26
ACC-0186,MSFT,2025-11-17,-40,251.61
ACC-0186,SOXL,2025-11-20,26,216.77
ACC-0186,GOOGL,2025-11-21,-55,130.41
ACC-0186,SOXL,2025-11-26,5,235.98
ACC-0186,MSFT,2025-12-25,-9,258.71
ACC-0186,MSFT,2025-12-30,1,254.31
ACC-0186,SOXL,2026-01-07,-33,194.02
ACC-0186,MSFT,2026-02-27,11,258.60
ACC-0186,SOXL,2026-03-17,-35,227.07
ACC-0186,GOOGL,2026-04-20,-20,127.12
ACC-0186,SOXL,2026-04-22,-11,223.39
ACC-0186,GOOGL,2026-04-30,56,121.04
ACC-0186,GOOGL,2026-05-01,-54,119.54
ACC-0186,GOOGL,2026-05-07,-34,122.48
ACC-0186,MSFT,2026-05-14,25,284.36
ACC-0186,MSFT,2026-05-22,-48,282.52
ACC-0186,MSFT,2026-06-22,-57,259.26
ACC-0186,MRVL,2026-06-25,28,172.60
ACC-0186,GOOGL,2026-07-03,-36,133.68
ACC-0186,GOOGL,2026-08-10,-28,121.57
ACC-0186,GOOGL,2026-09-01,-54,130.64
ACC-0186,SOXL,2026-09-03,-45,211.32
ACC-0187,SOXL,2025-07-11,50,249.99
ACC-0187,RIVN,2025-07-15,-49,419.20
ACC-0187,BA,2025-07-24,10,311.92
ACC-0187,BA,2025-08-06,52,310.95
ACC-0187,SOXL,2025-08-15,-55,242.18
ACC-0187,BA,2025-08-25,9,324.54
ACC-0187,BA,2025-09-01,-33,347.98
ACC-0187,BA,2025-10-13,-57,331.29
ACC-0187,BA,2026-01-01,-21,352.87
ACC-0187,BA,2026-01-08,-35,342.65
ACC-0187,SOXL,2026-01-12,-14,201.95
ACC-0187,SHOP,2026-02-16,39,430.04
ACC-0187,BA,2026-03-24,-40,489.63
ACC-0187,BA,2026-04-13,19,454.34
ACC-0187,SOXL,2026-04-20,6,217.61
ACC-0187,BA,2026-04-22,-21,450.72
ACC-0187,BA,2026-04-27,-17,434.28
ACC-0187,BA,2026-05-04,-44,445.30
ACC-0187,QQQ,2026-05-13,11,260.34
ACC-0187,DIS,2026-05-26,5,210.08
ACC-0187,SOXL,2026-06-02,41,219.55
ACC-0187,BA,2026-06-03,57,507.79
ACC-0187,TSLA,2026-07-27,46,253.80
ACC-0187,SOXL,2026-07-29,12,217.59
ACC-0187,BA,2026-08-20,-9,500.78
ACC-0187,BA,2026-08-28,-26,487.21
ACC-0187,SOXL,2026-09-01,41,218.84
ACC-0187,SOXL,2026-09-03,36,212.09
ACC-0188,RIVN,2025-07-03,-5,411.89
ACC-0188,AAPL,2025-07-08,21,132.06
ACC-0188,RIVN,2025-08-21,-4,432.16
ACC-0188,AAPL,2025-09-25,-54,116.96
ACC-0188,RIVN,2025-10-03,32,443.46
ACC-0188,RIVN,2025-10-30,36,393.68
ACC-0188,WMT,2025-11-20,45,135.43
ACC-0188,RIVN,2025-11-25,46,378.74
ACC-0188,AAPL,2025-12-12,-1,136.38
ACC-0188,AAPL,2025-12-26,-55,132.61
ACC-0188,AAPL,2026-01-27,31,125.66
ACC-0188,SPY,2026-02-03,-46,185.71
ACC-0188,RIVN,2026-02-18,-36,411.13
ACC-0188,AAPL,2026-03-11,-53,136.26
ACC-0188,RIVN,2026-03-26,-24,491.89
ACC-0188,AAPL,2026-03-30,-20,140.61
ACC-0188,AAPL,2026-04-27,25,147.86
ACC-0188,AAPL,2026-05-05,-5,165.61
ACC-0188,SOXL,2026-05-07,25,226.27
ACC-0188,AAPL,2026-06-12,57,150.96
ACC-0188,RIVN,2026-06-24,-31,412.15
ACC-0188,AAPL,2026-07-15,-28,119.97
ACC-0188,AAPL,2026-07-16,14,120.81
ACC-0188,QQQ,2026-08-14,4,204.32
ACC-0188,RIVN,2026-08-20,60,489.64
ACC-0188,RIVN,2026-09-04,-11,352.31
ACC-0189,UBER,2025-06-02,-19,188.90
ACC-0189,SOFI,2025-06-03,-42,36.89
ACC-0189,MRVL,2025-06-04,46,200.95
ACC-0189,AVGO,2025-06-13,35,269.03
ACC-0189,MRVL,2025-06-18,-43,196.90
ACC-0189,MRVL,2025-07-01,28,180.48
ACC-0189,MRVL,2025-07-02,37,181.55
ACC-0189,TSM,2025-07-04,24,307.25
ACC-0189,MRVL,2025-07-09,51,173.96
ACC-0189,SOFI,2025-07-16,-29,36.51
ACC-0189,SOFI,2025-07-18,20,36.51
ACC-0189,SOFI,2025-07-23,6,38.52
ACC-0189,SOFI,2025-07-25,16,39.22
ACC-0189,MRVL,2025-07-28,-25,178.86
ACC-0189,SMCI,2025-07-30,59,149.15
ACC-0189,MRVL,2025-08-15,-58,181.07
ACC-0189,SOFI,2025-08-21,57,39.79
ACC-0189,SOFI,2025-09-03,-38,37.77
ACC-0189,SOFI,2025-09-10,-31,36.67
ACC-0189,SOFI,2025-09-11,17,35.84
ACC-0189,MRVL,2025-09-30,-55,166.82
ACC-0189,MRVL,2025-10-02,-23,162.99
ACC-0189,MRVL,2025-10-03,32,161.41
ACC-0189,MRVL,2025-10-24,13,156.13
ACC-0189,SOFI,2025-11-04,11,31.88
ACC-0189,MRVL,2025-11-07,2,159.22
ACC-0189,SOFI,2025-11-13,10,28.38
ACC-0189,MRVL,2025-11-17,33,155.16
ACC-0189,SOFI,2025-11-24,27,26.22
ACC-0189,SOFI,2025-12-05,-7,22.78
ACC-0189,SOFI,2025-12-15,-32,21.77
ACC-0189,MRVL,2025-12-22,-53,164.55
ACC-0189,SOFI,2026-01-02,52,21.28
ACC-0189,MRVL,2026-01-22,26,157.96
ACC-0189,MRVL,2026-02-05,13,160.61
ACC-0189,MU,2026-02-06,-27,203.83
ACC-0189,UBER,2026-02-10,1,256.67
ACC-0189,MRVL,2026-02-11,26,159.08
ACC-0189,SOFI,2026-02-16,35,19.25
ACC-0189,SOFI,2026-03-09,22,19.16
ACC-0189,MRVL,2026-03-10,11,171.28
ACC-0189,SOFI,2026-03-20,-10,19.14
ACC-0189,MRVL,2026-03-30,48,168.66
ACC-0189,SOFI,2026-04-01,-51,21.43
ACC-0189,SOFI,2026-04-03,-20,21.07
ACC-0189,MRVL,2026-04-09,-10,171.75
ACC-0189,SOFI,2026-04-14,-36,21.63
ACC-0189,INTC,2026-04-17,-22,317.83
ACC-0189,SOFI,2026-04-22,-2,18.93
ACC-0189,SOFI,2026-04-27,-41,19.63
ACC-0189,MRVL,2026-04-30,-21,194.81
ACC-0189,MRVL,2026-05-11,-4,185.84
ACC-0189,META,2026-05-14,-42,519.12
ACC-0189,MRVL,2026-05-20,44,189.56
ACC-0189,SOFI,2026-06-03,-53,18.07
ACC-0189,NFLX,2026-06-18,-34,201.47
ACC-0189,SOFI,2026-06-24,-53,18.32
ACC-0189,SOFI,2026-06-25,-24,18.35
ACC-0189,MRVL,2026-07-09,56,167.80
ACC-0189,MRVL,2026-07-14,46,178.93
ACC-0189,MRVL,2026-07-16,41,188.25
ACC-0189,SOFI,2026-07-21,13,18.87
ACC-0189,SOFI,2026-07-29,47,17.32
ACC-0189,MRVL,2026-08-17,-19,192.26
ACC-0189,MRVL,2026-08-18,48,197.83
ACC-0189,MRVL,2026-08-25,19,193.50
ACC-0189,SOFI,2026-08-31,30,16.62
ACC-0189,SOFI,2026-09-01,-39,16.35
ACC-0190,MRVL,2025-06-06,3,191.37
ACC-0190,UNH,2025-06-09,10,110.24
ACC-0190,UNH,2025-06-24,-33,103.97
ACC-0190,UNH,2025-07-08,-17,97.16
ACC-0190,MRVL,2025-07-21,-14,184.09
ACC-0190,UNH,2025-07-25,-22,97.78
ACC-0190,UNH,2025-08-04,-36,94.51
ACC-0190,MRVL,2025-09-05,-1,164.31
ACC-0190,SMCI,2025-09-15,17,184.98
ACC-0190,UNH,2025-09-19,-43,96.37
ACC-0190,MRVL,2025-09-22,40,170.24
ACC-0190,MRVL,2025-09-24,31,163.86
ACC-0190,MRVL,2025-10-02,5,162.89
ACC-0190,UNH,2025-10-10,-19,86.69
ACC-0190,MRVL,2025-10-13,-12,155.98
ACC-0190,MRVL,2025-10-23,-30,150.75
ACC-0190,UNH,2025-10-31,-15,78.54
ACC-0190,UNH,2025-11-20,13,92.37
ACC-0190,UNH,2025-11-26,-13,91.02
ACC-0190,MRVL,2025-12-04,-56,162.58
ACC-0190,UNH,2025-12-23,2,94.42
ACC-0190,UNH,2025-12-25,12,94.56
ACC-0190,UNH,2025-12-30,39,94.94
ACC-0190,UNH,2026-01-02,48,98.32
ACC-0190,AAPL,2026-01-15,-31,135.96
ACC-0190,UNH,2026-01-27,-49,104.39
ACC-0190,NVDA,2026-01-28,-7,305.45
ACC-0190,UNH,2026-02-10,36,116.49
ACC-0190,MRVL,2026-02-25,-32,163.04
ACC-0190,SHOP,2026-03-09,39,392.75
ACC-0190,UNH,2026-03-31,-26,120.03
ACC-0190,MRVL,2026-04-03,-37,169.99
ACC-0190,UBER,2026-04-14,1,252.79
ACC-0190,MRVL,2026-05-04,-50,197.15
ACC-0190,MRVL,2026-05-11,-1,186.02
ACC-0190,MRVL,2026-05-12,-20,187.51
ACC-0190,MRVL,2026-05-14,50,187.51
ACC-0190,UNH,2026-05-21,27,107.56
ACC-0190,MRVL,2026-05-22,5,187.05
ACC-0190,MRVL,2026-05-29,-9,185.21
ACC-0190,MRVL,2026-06-09,60,191.29
ACC-0190,UNH,2026-06-17,54,115.36
ACC-0190,UNH,2026-06-23,-3,112.43
ACC-0190,UNH,2026-06-26,51,118.23
ACC-0190,MRVL,2026-07-06,-27,172.87
ACC-0190,UNH,2026-07-10,1,125.04
ACC-0190,MRVL,2026-07-20,8,190.15
ACC-0190,SPY,2026-07-31,9,153.91
ACC-0190,MRVL,2026-08-11,21,194.10
ACC-0190,UNH,2026-08-14,-4,118.88
ACC-0190,MRVL,2026-08-17,-36,192.56
ACC-0190,MRVL,2026-08-19,-21,194.80
ACC-0190,UNH,2026-08-24,-22,111.70
ACC-0190,UNH,2026-09-02,-39,109.41
ACC-0190,MRVL,2026-09-03,22,201.53
ACC-0190,UNH,2026-09-04,-40,112.35
ACC-0191,MRVL,2025-06-11,33,196.36
ACC-0191,SPY,2025-08-19,-29,170.78
ACC-0191,MRVL,2025-09-18,58,168.00
ACC-0191,SPY,2025-09-29,-48,168.42
ACC-0191,SPY,2025-11-04,-41,178.32
ACC-0191,MRVL,2025-12-09,-59,172.46
ACC-0191,SPY,2025-12-24,31,175.69
ACC-0191,AAPL,2026-04-08,-52,150.56
ACC-0191,MRVL,2026-04-17,12,175.69
ACC-0192,BA,2025-06-04,54,367.89
ACC-0192,TSM,2025-06-26,-56,298.27
ACC-0192,TSM,2025-07-11,23,284.96
ACC-0192,WMT,2025-07-16,41,138.99
ACC-0192,TSM,2025-08-25,-57,280.88
ACC-0192,GOOGL,2025-10-02,21,131.43
ACC-0192,WMT,2025-11-26,6,131.63
ACC-0192,AAPL,2025-11-28,11,125.98
ACC-0192,TSM,2026-02-11,-57,228.28
ACC-0192,WMT,2026-03-03,-59,127.76
ACC-0192,WMT,2026-06-10,-51,146.05
ACC-0192,WMT,2026-06-11,58,141.03
ACC-0192,TSM,2026-06-30,-2,201.73
ACC-0192,WMT,2026-07-07,-51,141.20
ACC-0192,WMT,2026-07-17,-21,141.56
ACC-0192,WMT,2026-07-27,41,147.12
ACC-0193,WMT,2025-06-04,-1,119.04
ACC-0193,WMT,2025-06-06,49,124.18
ACC-0193,WMT,2025-06-10,-49,125.64
ACC-0193,QQQ,2025-06-17,-20,225.74
ACC-0193,QQQ,2025-06-26,46,229.66
ACC-0193,WMT,2025-07-04,-47,138.39
ACC-0193,WMT,2025-07-09,39,144.57
ACC-0193,QQQ,2025-07-10,-29,216.88
ACC-0193,QQQ,2025-07-14,-17,221.08
ACC-0193,WMT,2025-07-17,-53,140.32
ACC-0193,PLTR,2025-07-21,-38,189.38
ACC-0193,SPY,2025-08-19,2,171.04
ACC-0193,QQQ,2025-08-22,-55,215.90
ACC-0193,WMT,2025-08-25,-16,170.52
ACC-0193,QQQ,2025-08-28,27,222.13
ACC-0193,WMT,2025-09-01,35,168.33
ACC-0193,XOM,2025-09-09,11,248.09
ACC-0193,WMT,2025-09-19,29,156.51
ACC-0193,QQQ,2025-09-24,-54,211.91
ACC-0193,QQQ,2025-10-10,-4,197.89
ACC-0193,WMT,2025-10-15,5,134.60
ACC-0193,QQQ,2025-10-21,-31,209.17
ACC-0193,WMT,2025-10-23,-50,137.94
ACC-0193,WMT,2025-11-17,28,140.95
ACC-0193,QQQ,2025-11-28,-24,222.27
ACC-0193,WMT,2025-12-03,-52,134.35
ACC-0193,WMT,2025-12-04,-2,133.51
ACC-0193,WMT,2025-12-05,-33,133.40
ACC-0193,QQQ,2025-12-10,45,229.87
ACC-0193,UNH,2025-12-11,-20,92.68
ACC-0193,QQQ,2025-12-30,18,233.59
ACC-0193,QQQ,2026-01-13,9,238.61
ACC-0193,WMT,2026-01-26,58,142.33
ACC-0193,QQQ,2026-02-19,-40,236.57
ACC-0193,QQQ,2026-02-20,14,238.99
ACC-0193,WMT,2026-03-09,-56,131.26
ACC-0193,QQQ,2026-03-10,-9,235.96
ACC-0193,WMT,2026-03-11,8,126.51
ACC-0193,QQQ,2026-03-12,29,239.45
ACC-0193,WMT,2026-03-16,-28,127.39
ACC-0193,QQQ,2026-03-17,-28,235.77
ACC-0193,QQQ,2026-04-09,41,247.73
ACC-0193,WMT,2026-04-15,-23,118.92
ACC-0193,SNAP,2026-04-17,33,18.42
ACC-0193,QQQ,2026-04-29,-50,255.24
ACC-0193,CRWD,2026-04-30,-6,465.39
ACC-0193,WMT,2026-05-06,-29,121.68
ACC-0193,SOFI,2026-05-11,-23,18.97
ACC-0193,QQQ,2026-05-13,37,259.81
ACC-0193,WMT,2026-05-14,-40,122.25
ACC-0193,WMT,2026-06-29,57,147.23
ACC-0193,VRT,2026-06-30,44,98.89
ACC-0193,WMT,2026-07-08,31,143.49
ACC-0193,QQQ,2026-07-14,27,218.87
ACC-0193,QQQ,2026-07-17,-49,212.13
ACC-0193,WMT,2026-08-18,52,135.25
ACC-0193,WMT,2026-08-19,-43,134.42
ACC-0193,WMT,2026-08-25,-22,135.53
ACC-0193,QQQ,2026-08-31,-50,199.41
ACC-0193,QQQ,2026-09-03,34,198.05
ACC-0194,META,2025-07-02,4,401.42
ACC-0194,MU,2025-09-02,-29,169.04
ACC-0194,META,2025-09-05,-16,405.30
ACC-0194,MU,2025-10-14,54,165.31
ACC-0194,META,2025-12-05,-10,377.36
ACC-0194,META,2026-01-02,-31,452.82
ACC-0194,META,2026-01-15,-46,490.50
ACC-0194,MU,2026-03-12,-45,196.02
ACC-0194,META,2026-03-13,-45,537.09
ACC-0194,MU,2026-05-01,10,226.84
ACC-0194,MU,2026-05-11,-18,243.37
ACC-0194,MU,2026-06-05,59,259.34
ACC-0195,PYPL,2025-06-11,3,15.69
ACC-0195,COIN,2025-07-07,27,374.09
ACC-0195,COIN,2025-07-15,-24,380.68
ACC-0195,COIN,2025-08-15,16,404.16
ACC-0195,MSTR,2025-08-22,-18,64.11
ACC-0195,COIN,2025-09-23,11,427.17
ACC-0195,META,2025-09-24,-24,385.21
ACC-0195,GOOGL,2025-10-08,36,131.78
ACC-0195,COIN,2025-10-10,50,368.09
ACC-0195,COIN,2025-10-16,-27,362.25
ACC-0195,COIN,2025-11-19,-60,337.07
ACC-0195,COIN,2025-11-25,-32,319.79
ACC-0195,MSTR,2025-11-26,-44,68.35
ACC-0195,COIN,2025-12-23,-14,280.46
ACC-0195,MSTR,2026-01-08,3,58.08
ACC-0195,COIN,2026-01-13,-39,267.26
ACC-0195,MSTR,2026-01-23,-52,56.06
ACC-0195,SNAP,2026-02-03,47,20.66
ACC-0195,COIN,2026-02-17,38,258.02
ACC-0195,DIS,2026-02-18,40,171.29
ACC-0195,COIN,2026-03-20,48,235.11
ACC-0195,COIN,2026-03-26,-7,224.63
ACC-0195,COIN,2026-04-02,18,217.42
ACC-0195,COIN,2026-04-06,-11,229.62
ACC-0195,MSTR,2026-04-21,-46,65.34
ACC-0195,MSTR,2026-04-22,50,63.04
ACC-0195,MSTR,2026-05-05,55,65.31
ACC-0195,COIN,2026-05-07,46,202.55
ACC-0195,COIN,2026-05-21,-51,206.13
ACC-0195,MSTR,2026-05-26,35,69.87
ACC-0195,MSTR,2026-06-05,30,65.85
ACC-0195,MSTR,2026-06-12,-53,68.91
ACC-0195,AAPL,2026-07-02,12,121.34
ACC-0195,MSTR,2026-07-07,-37,70.82
ACC-0195,NFLX,2026-07-23,30,187.30
ACC-0195,COIN,2026-07-30,-40,227.19
ACC-0195,COIN,2026-08-17,27,234.69
ACC-0195,COIN,2026-09-01,-36,257.33
ACC-0196,VRT,2025-06-02,-3,127.90
ACC-0196,SPY,2025-06-04,-55,171.07
ACC-0196,SPY,2025-06-05,-54,171.05
ACC-0196,SNAP,2025-06-27,-50,14.28
ACC-0196,VRT,2025-07-15,-41,119.54
ACC-0196,DIS,2025-07-17,-39,302.53
ACC-0196,VRT,2025-07-30,54,113.36
ACC-0196,VRT,2025-08-13,6,110.03
ACC-0196,SNAP,2025-08-27,30,14.13
ACC-0196,SPY,2025-09-04,26,168.96
ACC-0196,SNAP,2025-09-09,-45,14.52
ACC-0196,SNAP,2025-09-15,-5,15.24
ACC-0196,VRT,2025-09-16,-45,104.33
ACC-0196,SNAP,2025-09-19,17,15.92
ACC-0196,VRT,2025-09-23,-44,104.94
ACC-0196,SNAP,2025-09-30,-41,14.95
ACC-0196,SNAP,2025-10-10,-56,15.72
ACC-0196,SPY,2025-10-20,-55,176.59
ACC-0196,VRT,2025-10-24,19,106.24
ACC-0196,SPY,2025-10-28,-53,176.28
ACC-0196,VRT,2025-11-06,-16,94.29
ACC-0196,VRT,2025-11-07,-47,95.04
ACC-0196,PLTR,2025-11-17,5,200.58
ACC-0196,SPY,2025-11-26,54,163.85
ACC-0196,SPY,2025-12-01,46,166.45
ACC-0196,SNAP,2025-12-04,-46,17.71
ACC-0196,SNAP,2025-12-16,-52,19.12
ACC-0196,VRT,2025-12-17,-40,86.28
ACC-0196,VRT,2025-12-18,19,85.83
ACC-0196,SPY,2025-12-24,12,174.75
ACC-0196,SNAP,2025-12-31,-32,19.95
ACC-0196,SPY,2026-01-19,42,168.12
ACC-0196,SNAP,2026-01-28,1,19.63
ACC-0196,SPY,2026-02-02,-45,180.41
ACC-0196,SNAP,2026-02-27,-26,19.19
ACC-0196,VRT,2026-03-09,51,108.33
ACC-0196,VRT,2026-03-17,1,106.34
ACC-0196,VRT,2026-04-01,13,112.00
ACC-0196,VRT,2026-04-02,-31,112.45
ACC-0196,SPY,2026-04-06,37,148.62
ACC-0196,VRT,2026-04-10,31,117.38
ACC-0196,VRT,2026-04-16,-8,112.15
ACC-0196,SNAP,2026-04-17,-1,18.55
ACC-0196,VRT,2026-04-20,22,114.02
ACC-0196,VRT,2026-04-22,-29,116.98
ACC-0196,VRT,2026-05-01,51,127.07
ACC-0196,MU,2026-05-05,-31,230.93
ACC-0196,SNAP,2026-05-06,25,16.51
ACC-0196,INTC,2026-05-18,-30,285.98
ACC-0196,SNAP,2026-05-26,-38,15.50
ACC-0196,SPY,2026-05-29,-53,155.91
ACC-0196,SNAP,2026-06-05,2,13.94
ACC-0196,SNAP,2026-06-08,59,14.18
ACC-0197,NFLX,2025-06-10,19,221.44
ACC-0197,NFLX,2025-06-13,-57,231.82
ACC-0197,NFLX,2025-06-16,-24,233.14
ACC-0197,META,2025-06-19,-29,372.10
ACC-0197,NVDA,2025-06-25,29,203.62
ACC-0197,NFLX,2025-06-27,-27,234.33
ACC-0197,HOOD,2025-06-30,-36,161.16
ACC-0197,SOXL,2025-07-02,-31,244.62
ACC-0197,NFLX,2025-07-08,13,239.90
ACC-0197,HOOD,2025-07-10,43,174.47
ACC-0197,ARM,2025-08-08,7,196.99
ACC-0197,NFLX,2025-08-14,18,199.89
ACC-0197,AMZN,2025-08-19,-13,93.12
ACC-0197,COIN,2025-08-26,38,415.45
ACC-0197,HOOD,2025-09-08,34,159.41
ACC-0197,HOOD,2025-09-16,39,172.60
ACC-0197,NFLX,2025-09-23,-56,202.32
ACC-0197,TSM,2025-09-24,43,303.32
ACC-0197,HOOD,2025-09-25,-20,158.22
ACC-0197,NFLX,2025-09-26,28,202.43
ACC-0197,MU,2025-10-02,1,166.83
ACC-0197,HOOD,2025-10-07,2,169.99
ACC-0197,HOOD,2025-10-10,-44,174.33
ACC-0197,HOOD,2025-10-22,-43,164.91
ACC-0197,HOOD,2025-11-11,60,175.96
ACC-0197,HOOD,2025-11-13,12,175.68
ACC-0197,COIN,2025-11-19,11,337.77
ACC-0197,NFLX,2025-11-28,50,207.59
ACC-0197,HOOD,2025-12-01,48,159.98
ACC-0197,NFLX,2025-12-11,16,205.85
ACC-0197,SOFI,2025-12-15,-25,21.61
ACC-0197,DIS,2025-12-19,-21,236.80
ACC-0197,HOOD,2025-12-22,-24,150.38
ACC-0197,NFLX,2025-12-29,17,213.27
ACC-0197,HOOD,2026-01-07,-46,140.90
ACC-0197,GOOGL,2026-01-09,18,114.48
ACC-0197,HOOD,2026-01-30,17,159.97
ACC-0197,NFLX,2026-02-06,-1,213.58
ACC-0197,DIS,2026-02-11,43,171.39
ACC-0197,NFLX,2026-02-23,-13,219.28
ACC-0197,NFLX,2026-02-24,-12,224.10
ACC-0197,HOOD,2026-02-25,-38,177.76
ACC-0197,HOOD,2026-03-03,-59,173.07
ACC-0197,HOOD,2026-03-12,2,165.94
ACC-0197,HOOD,2026-04-01,12,166.99
ACC-0197,NFLX,2026-04-13,-57,220.36
ACC-0197,NFLX,2026-04-17,-47,209.42
ACC-0197,NFLX,2026-04-23,11,212.36
ACC-0197,NFLX,2026-04-29,-32,211.08
ACC-0197,NFLX,2026-05-01,18,216.19
ACC-0197,RIVN,2026-06-01,-16,432.21
ACC-0197,HOOD,2026-06-04,-16,167.03
ACC-0197,NFLX,2026-06-09,-43,204.00
ACC-0197,ARM,2026-06-16,50,186.78
ACC-0197,NFLX,2026-06-24,-22,203.23
ACC-0197,HOOD,2026-06-29,12,171.77
ACC-0197,NFLX,2026-07-01,36,204.26
ACC-0198,IREN,2025-07-03,-41,187.90
ACC-0198,VRT,2025-07-08,-18,116.02
ACC-0198,VRT,2025-07-22,-17,119.44
ACC-0198,IREN,2025-08-01,-15,200.20
ACC-0198,MSFT,2025-08-11,3,220.51
ACC-0198,VRT,2025-08-13,17,109.58
ACC-0198,IREN,2025-08-14,-12,199.63
ACC-0198,IREN,2025-08-15,24,201.37
ACC-0198,VRT,2025-08-19,-37,101.49
ACC-0198,IREN,2025-08-22,18,196.38
ACC-0198,IREN,2025-08-29,-15,198.81
ACC-0198,IREN,2025-09-01,47,197.21
ACC-0198,IREN,2025-09-04,-54,187.67
ACC-0198,IREN,2025-09-08,-48,188.02
ACC-0198,IREN,2025-10-02,10,223.80
ACC-0198,VRT,2025-10-07,-36,103.60
ACC-0198,IREN,2025-10-13,-32,233.19
ACC-0198,VRT,2025-10-16,-47,101.89
ACC-0198,VRT,2025-10-17,6,103.35
ACC-0198,VRT,2025-10-24,-23,105.31
ACC-0198,VRT,2025-10-31,19,100.98
ACC-0198,VRT,2025-11-25,-8,83.74
ACC-0198,IREN,2025-11-26,-41,225.17
ACC-0198,VRT,2025-12-02,-19,85.17
ACC-0198,VRT,2026-01-02,56,94.07
ACC-0198,IREN,2026-01-08,43,246.17
ACC-0198,IREN,2026-01-28,-1,257.37
ACC-0198,IREN,2026-02-10,-25,274.88
ACC-0198,VRT,2026-02-16,51,112.96
ACC-0198,VRT,2026-02-25,50,116.64
ACC-0198,COIN,2026-03-19,-11,235.69
ACC-0198,IREN,2026-03-25,1,296.95
ACC-0198,VRT,2026-03-31,-52,107.71
ACC-0198,VRT,2026-04-24,50,113.33
ACC-0198,VRT,2026-04-28,36,119.98
ACC-0198,VRT,2026-05-11,-34,120.98
ACC-0198,HOOD,2026-06-11,28,169.78
ACC-0198,IREN,2026-06-15,13,315.94
ACC-0198,VRT,2026-06-24,-45,103.09
ACC-0198,VRT,2026-07-03,42,93.43
ACC-0198,VRT,2026-07-06,2,94.08
ACC-0198,VRT,2026-07-09,-59,94.87
ACC-0198,IREN,2026-07-17,-12,288.71
ACC-0198,IREN,2026-07-21,56,284.31
ACC-0198,VRT,2026-07-29,45,90.14
ACC-0198,VRT,2026-08-05,-33,84.60
ACC-0198,VRT,2026-08-07,-5,86.15
ACC-0198,CRWD,2026-08-20,-47,548.84
ACC-0198,VRT,2026-09-01,-50,82.25
ACC-0198,AMZN,2026-09-04,-43,138.87
ACC-0199,VRT,2025-06-16,50,118.70
ACC-0199,SNAP,2025-08-01,16,13.52
ACC-0199,AMZN,2025-11-27,1,126.61
ACC-0199,AMZN,2026-01-09,48,141.78
ACC-0199,AMZN,2026-01-26,-33,126.40
ACC-0199,SNAP,2026-02-04,57,20.61
ACC-0199,AMD,2026-03-10,31,23.28
ACC-0199,SNAP,2026-03-24,13,18.73
ACC-0199,AMZN,2026-04-22,13,141.63
ACC-0199,AMZN,2026-04-28,35,148.07
ACC-0199,MSTR,2026-05-28,10,67.23
ACC-0200,IREN,2025-06-18,-11,199.29
ACC-0200,IREN,2025-06-19,-38,188.17
ACC-0200,COIN,2025-06-23,55,335.13
ACC-0200,NVDA,2025-06-26,22,203.32
ACC-0200,COIN,2025-06-30,7,350.63
ACC-0200,IREN,2025-07-01,-7,181.94
ACC-0200,COIN,2025-07-09,18,366.79
ACC-0200,COIN,2025-07-10,56,372.48
ACC-0200,IREN,2025-07-23,-45,183.71
ACC-0200,COIN,2025-07-24,34,386.37
ACC-0200,COIN,2025-07-25,54,381.18
ACC-0200,HOOD,2025-08-05,-56,166.00
ACC-0200,SNAP,2025-08-06,-16,14.11
ACC-0200,COIN,2025-08-07,23,382.67
ACC-0200,IREN,2025-08-14,-32,198.89
ACC-0200,COIN,2025-08-21,-44,384.33
ACC-0200,COIN,2025-09-09,27,434.11
ACC-0200,COIN,2025-09-10,38,447.18
ACC-0200,COIN,2025-09-19,-10,433.87
ACC-0200,COIN,2025-09-29,52,404.45
ACC-0200,COIN,2025-10-13,-55,370.13
ACC-0200,XOM,2025-10-17,-35,281.36
ACC-0200,IREN,2025-10-22,49,229.83
ACC-0200,IREN,2025-10-27,58,217.32
ACC-0200,SOFI,2025-10-30,13,32.45
ACC-0200,IREN,2025-11-03,-20,212.19
ACC-0200,COIN,2025-11-20,26,329.02
ACC-0200,IREN,2025-11-27,-53,232.92
ACC-0200,IREN,2025-12-01,19,225.27
ACC-0200,COIN,2025-12-04,32,320.62
ACC-0200,IREN,2025-12-05,-31,227.40
ACC-0200,IREN,2025-12-24,44,242.88
ACC-0200,IREN,2026-01-08,32,246.04
ACC-0200,IREN,2026-01-16,46,242.58
ACC-0200,SPY,2026-01-21,6,169.99
ACC-0200,COIN,2026-01-28,44,271.51
ACC-0200,COIN,2026-02-02,-41,267.08
ACC-0200,XOM,2026-02-04,-3,298.11
ACC-0200,COIN,2026-02-06,-51,262.99
ACC-0200,VRT,2026-02-09,-18,109.28
ACC-0200,COIN,2026-02-11,45,265.90
ACC-0200,WMT,2026-02-13,8,139.68
ACC-0200,COIN,2026-03-11,-49,239.33
ACC-0200,COIN,2026-03-26,49,225.14
ACC-0200,COIN,2026-04-07,-16,234.72
ACC-0200,COIN,2026-04-15,-29,238.80
ACC-0200,VRT,2026-04-22,-35,117.41
ACC-0200,IREN,2026-04-29,15,298.15
ACC-0200,COIN,2026-05-04,-53,219.14
ACC-0200,IREN,2026-05-07,-48,318.52
ACC-0200,IREN,2026-05-11,31,329.48
ACC-0200,IREN,2026-05-22,-42,316.41
ACC-0200,COIN,2026-06-10,6,214.25
ACC-0200,XOM,2026-06-11,46,273.89
ACC-0200,COIN,2026-07-03,45,218.04
ACC-0200,COIN,2026-07-06,22,223.38
ACC-0200,IREN,2026-07-14,24,301.12
ACC-0200,IREN,2026-07-20,-53,279.86
ACC-0200,IREN,2026-08-05,-29,309.86
ACC-0200,COIN,2026-08-07,48,227.47
ACC-0200,SNAP,2026-08-10,10,14.78
ACC-0200,COIN,2026-08-19,3,237.36
ACC-0200,COIN,2026-08-20,-56,243.58
ACC-0200,IREN,2026-08-25,-8,284.39
